sample_id,class_id,model_index,original_class_id,source,source_version,signer_id,consent_id,split,raw_path,landmark_path,quality_status,training_status,manual_selectable,risk_tier
signer0_sample48,kotu,12,122,AUTSL,AUTSL_OpenHands_pose_v1,signer0,dataset_license,train,AUTSL/train_poses/signer0_sample48_color.pkl,processed/autsl20/landmark46-v1/train/signer0_sample48.npz,approved,trainable,true,standard
signer0_sample52,iyi,10,100,AUTSL,AUTSL_OpenHands_pose_v1,signer0,dataset_license,train,AUTSL/train_poses/signer0_sample52_color.pkl,processed/autsl20/landmark46-v1/train/signer0_sample52.npz,approved,trainable,true,standard
signer0_sample55,tuvalet,16,200,AUTSL,AUTSL_OpenHands_pose_v1,signer0,dataset_license,train,AUTSL/train_poses/signer0_sample55_color.pkl,processed/autsl20/landmark46-v1/train/signer0_sample55.npz,approved,trainable,true,standard
signer0_sample71,icmek,7,94,AUTSL,AUTSL_OpenHands_pose_v1,signer0,dataset_license,train,AUTSL/train_poses/signer0_sample71_color.pkl,processed/autsl20/landmark46-v1/train/signer0_sample71.npz,approved,trainable,true,standard
signer0_sample84,yorgun,19,222,AUTSL,AUTSL_OpenHands_pose_v1,signer0,dataset_license,train,AUTSL/train_poses/signer0_sample84_color.pkl,processed/autsl20/landmark46-v1/train/signer0_sample84.npz,approved,trainable,true,standard
signer0_sample91,doktor,0,52,AUTSL,AUTSL_OpenHands_pose_v1,signer0,dataset_license,train,AUTSL/train_poses/signer0_sample91_color.pkl,processed/autsl20/landmark46-v1/train/signer0_sample91.npz,approved,trainable,true,standard
signer0_sample104,eczane,1,58,AUTSL,AUTSL_OpenHands_pose_v1,signer0,dataset_license,train,AUTSL/train_poses/signer0_sample104_color.pkl,processed/autsl20/landmark46-v1/train/signer0_sample104.npz,approved,trainable,true,standard
signer0_sample105,yorgun,19,222,AUTSL,AUTSL_OpenHands_pose_v1,signer0,dataset_license,train,AUTSL/train_poses/signer0_sample105_color.pkl,processed/autsl20/landmark46-v1/train/signer0_sample105.npz,approved,trainable,true,standard
signer0_sample107,icmek,7,94,AUTSL,AUTSL_OpenHands_pose_v1,signer0,dataset_license,train,AUTSL/train_poses/signer0_sample107_color.pkl,processed/autsl20/landmark46-v1/train/signer0_sample107.npz,approved,trainable,true,standard
signer0_sample132,yorgun,19,222,AUTSL,AUTSL_OpenHands_pose_v1,signer0,dataset_license,train,AUTSL/train_poses/signer0_sample132_color.pkl,processed/autsl20/landmark46-v1/train/signer0_sample132.npz,approved,trainable,true,standard
signer0_sample137,hastane,5,83,AUTSL,AUTSL_OpenHands_pose_v1,signer0,dataset_license,train,AUTSL/train_poses/signer0_sample137_color.pkl,processed/autsl20/landmark46-v1/train/signer0_sample137.npz,approved,trainable,true,standard
signer0_sample144,eczane,1,58,AUTSL,AUTSL_OpenHands_pose_v1,signer0,dataset_license,train,AUTSL/train_poses/signer0_sample144_color.pkl,processed/autsl20/landmark46-v1/train/signer0_sample144.npz,approved,trainable,true,standard
signer0_sample183,kotu,12,122,AUTSL,AUTSL_OpenHands_pose_v1,signer0,dataset_license,train,AUTSL/train_poses/signer0_sample183_color.pkl,processed/autsl20/landmark46-v1/train/signer0_sample183.npz,approved,trainable,true,standard
signer0_sample195,igne,8,95,AUTSL,AUTSL_OpenHands_pose_v1,signer0,dataset_license,train,AUTSL/train_poses/signer0_sample195_color.pkl,processed/autsl20/landmark46-v1/train/signer0_sample195.npz,approved,trainable,true,standard
signer0_sample197,eczane,1,58,AUTSL,AUTSL_OpenHands_pose_v1,signer0,dataset_license,train,AUTSL/train_poses/signer0_sample197_color.pkl,processed/autsl20/landmark46-v1/train/signer0_sample197.npz,approved,trainable,true,standard
signer0_sample211,hayir,6,86,AUTSL,AUTSL_OpenHands_pose_v1,signer0,dataset_license,train,AUTSL/train_poses/signer0_sample211_color.pkl,processed/autsl20/landmark46-v1/train/signer0_sample211.npz,approved,trainable,true,standard
signer0_sample217,nerede,13,138,AUTSL,AUTSL_OpenHands_pose_v1,signer0,dataset_license,train,AUTSL/train_poses/signer0_sample217_color.pkl,processed/autsl20/landmark46-v1/train/signer0_sample217.npz,approved,trainable,true,standard
signer0_sample233,tehlike,15,192,AUTSL,AUTSL_OpenHands_pose_v1,signer0,dataset_license,train,AUTSL/train_poses/signer0_sample233_color.pkl,processed/autsl20/landmark46-v1/train/signer0_sample233.npz,approved,trainable,true,red_flag
signer0_sample238,yardim,18,211,AUTSL,AUTSL_OpenHands_pose_v1,signer0,dataset_license,train,AUTSL/train_poses/signer0_sample238_color.pkl,processed/autsl20/landmark46-v1/train/signer0_sample238.npz,approved,trainable,true,red_flag
signer0_sample240,gostermek,3,77,AUTSL,AUTSL_OpenHands_pose_v1,signer0,dataset_license,train,AUTSL/train_poses/signer0_sample240_color.pkl,processed/autsl20/landmark46-v1/train/signer0_sample240.npz,approved,trainable,true,standard
signer0_sample246,icmek,7,94,AUTSL,AUTSL_OpenHands_pose_v1,signer0,dataset_license,train,AUTSL/train_poses/signer0_sample246_color.pkl,processed/autsl20/landmark46-v1/train/signer0_sample246.npz,approved,trainable,true,standard
signer0_sample249,hasta,4,82,AUTSL,AUTSL_OpenHands_pose_v1,signer0,dataset_license,train,AUTSL/train_poses/signer0_sample249_color.pkl,processed/autsl20/landmark46-v1/train/signer0_sample249.npz,approved,trainable,true,standard
signer0_sample255,evet,2,65,AUTSL,AUTSL_OpenHands_pose_v1,signer0,dataset_license,train,AUTSL/train_poses/signer0_sample255_color.pkl,processed/autsl20/landmark46-v1/train/signer0_sample255.npz,approved,trainable,true,standard
signer0_sample302,seker,14,172,AUTSL,AUTSL_OpenHands_pose_v1,signer0,dataset_license,train,AUTSL/train_poses/signer0_sample302_color.pkl,processed/autsl20/landmark46-v1/train/signer0_sample302.npz,approved,trainable,true,standard
signer0_sample308,nerede,13,138,AUTSL,AUTSL_OpenHands_pose_v1,signer0,dataset_license,train,AUTSL/train_poses/signer0_sample308_color.pkl,processed/autsl20/landmark46-v1/train/signer0_sample308.npz,approved,trainable,true,standard
signer0_sample347,yorgun,19,222,AUTSL,AUTSL_OpenHands_pose_v1,signer0,dataset_license,train,AUTSL/train_poses/signer0_sample347_color.pkl,processed/autsl20/landmark46-v1/train/signer0_sample347.npz,approved,trainable,true,standard
signer0_sample368,yarabandi,17,210,AUTSL,AUTSL_OpenHands_pose_v1,signer0,dataset_license,train,AUTSL/train_poses/signer0_sample368_color.pkl,processed/autsl20/landmark46-v1/train/signer0_sample368.npz,approved,trainable,true,standard
signer0_sample404,gostermek,3,77,AUTSL,AUTSL_OpenHands_pose_v1,signer0,dataset_license,train,AUTSL/train_poses/signer0_sample404_color.pkl,processed/autsl20/landmark46-v1/train/signer0_sample404.npz,approved,trainable,true,standard
signer0_sample405,icmek,7,94,AUTSL,AUTSL_OpenHands_pose_v1,signer0,dataset_license,train,AUTSL/train_poses/signer0_sample405_color.pkl,processed/autsl20/landmark46-v1/train/signer0_sample405.npz,approved,trainable,true,standard
signer0_sample406,kaza,11,108,AUTSL,AUTSL_OpenHands_pose_v1,signer0,dataset_license,train,AUTSL/train_poses/signer0_sample406_color.pkl,processed/autsl20/landmark46-v1/train/signer0_sample406.npz,approved,trainable,true,standard
signer0_sample407,yarabandi,17,210,AUTSL,AUTSL_OpenHands_pose_v1,signer0,dataset_license,train,AUTSL/train_poses/signer0_sample407_color.pkl,processed/autsl20/landmark46-v1/train/signer0_sample407.npz,approved,trainable,true,standard
signer0_sample410,eczane,1,58,AUTSL,AUTSL_OpenHands_pose_v1,signer0,dataset_license,train,AUTSL/train_poses/signer0_sample410_color.pkl,processed/autsl20/landmark46-v1/train/signer0_sample410.npz,approved,trainable,true,standard
signer0_sample414,kaza,11,108,AUTSL,AUTSL_OpenHands_pose_v1,signer0,dataset_license,train,AUTSL/train_poses/signer0_sample414_color.pkl,processed/autsl20/landmark46-v1/train/signer0_sample414.npz,approved,trainable,true,standard
signer0_sample418,nerede,13,138,AUTSL,AUTSL_OpenHands_pose_v1,signer0,dataset_license,train,AUTSL/train_poses/signer0_sample418_color.pkl,processed/autsl20/landmark46-v1/train/signer0_sample418.npz,approved,trainable,true,standard
signer0_sample430,ilac,9,96,AUTSL,AUTSL_OpenHands_pose_v1,signer0,dataset_license,train,AUTSL/train_poses/signer0_sample430_color.pkl,processed/autsl20/landmark46-v1/train/signer0_sample430.npz,approved,trainable,true,standard
signer0_sample432,gostermek,3,77,AUTSL,AUTSL_OpenHands_pose_v1,signer0,dataset_license,train,AUTSL/train_poses/signer0_sample432_color.pkl,processed/autsl20/landmark46-v1/train/signer0_sample432.npz,approved,trainable,true,standard
signer0_sample448,ilac,9,96,AUTSL,AUTSL_OpenHands_pose_v1,signer0,dataset_license,train,AUTSL/train_poses/signer0_sample448_color.pkl,processed/autsl20/landmark46-v1/train/signer0_sample448.npz,approved,trainable,true,standard
signer0_sample450,hastane,5,83,AUTSL,AUTSL_OpenHands_pose_v1,signer0,dataset_license,train,AUTSL/train_poses/signer0_sample450_color.pkl,processed/autsl20/landmark46-v1/train/signer0_sample450.npz,approved,trainable,true,standard
signer0_sample475,hasta,4,82,AUTSL,AUTSL_OpenHands_pose_v1,signer0,dataset_license,train,AUTSL/train_poses/signer0_sample475_color.pkl,processed/autsl20/landmark46-v1/train/signer0_sample475.npz,approved,trainable,true,standard
signer0_sample476,iyi,10,100,AUTSL,AUTSL_OpenHands_pose_v1,signer0,dataset_license,train,AUTSL/train_poses/signer0_sample476_color.pkl,processed/autsl20/landmark46-v1/train/signer0_sample476.npz,approved,trainable,true,standard
signer0_sample483,hayir,6,86,AUTSL,AUTSL_OpenHands_pose_v1,signer0,dataset_license,train,AUTSL/train_poses/signer0_sample483_color.pkl,processed/autsl20/landmark46-v1/train/signer0_sample483.npz,approved,trainable,true,standard
signer0_sample485,tuvalet,16,200,AUTSL,AUTSL_OpenHands_pose_v1,signer0,dataset_license,train,AUTSL/train_poses/signer0_sample485_color.pkl,processed/autsl20/landmark46-v1/train/signer0_sample485.npz,approved,trainable,true,standard
signer0_sample502,iyi,10,100,AUTSL,AUTSL_OpenHands_pose_v1,signer0,dataset_license,train,AUTSL/train_poses/signer0_sample502_color.pkl,processed/autsl20/landmark46-v1/train/signer0_sample502.npz,approved,trainable,true,standard
signer0_sample510,kotu,12,122,AUTSL,AUTSL_OpenHands_pose_v1,signer0,dataset_license,train,AUTSL/train_poses/signer0_sample510_color.pkl,processed/autsl20/landmark46-v1/train/signer0_sample510.npz,approved,trainable,true,standard
signer0_sample517,gostermek,3,77,AUTSL,AUTSL_OpenHands_pose_v1,signer0,dataset_license,train,AUTSL/train_poses/signer0_sample517_color.pkl,processed/autsl20/landmark46-v1/train/signer0_sample517.npz,approved,trainable,true,standard
signer0_sample538,tuvalet,16,200,AUTSL,AUTSL_OpenHands_pose_v1,signer0,dataset_license,train,AUTSL/train_poses/signer0_sample538_color.pkl,processed/autsl20/landmark46-v1/train/signer0_sample538.npz,approved,trainable,true,standard
signer0_sample541,yardim,18,211,AUTSL,AUTSL_OpenHands_pose_v1,signer0,dataset_license,train,AUTSL/train_poses/signer0_sample541_color.pkl,processed/autsl20/landmark46-v1/train/signer0_sample541.npz,approved,trainable,true,red_flag
signer0_sample546,iyi,10,100,AUTSL,AUTSL_OpenHands_pose_v1,signer0,dataset_license,train,AUTSL/train_poses/signer0_sample546_color.pkl,processed/autsl20/landmark46-v1/train/signer0_sample546.npz,approved,trainable,true,standard
signer0_sample557,hastane,5,83,AUTSL,AUTSL_OpenHands_pose_v1,signer0,dataset_license,train,AUTSL/train_poses/signer0_sample557_color.pkl,processed/autsl20/landmark46-v1/train/signer0_sample557.npz,approved,trainable,true,standard
signer0_sample583,seker,14,172,AUTSL,AUTSL_OpenHands_pose_v1,signer0,dataset_license,train,AUTSL/train_poses/signer0_sample583_color.pkl,processed/autsl20/landmark46-v1/train/signer0_sample583.npz,approved,trainable,true,standard
signer0_sample604,tuvalet,16,200,AUTSL,AUTSL_OpenHands_pose_v1,signer0,dataset_license,train,AUTSL/train_poses/signer0_sample604_color.pkl,processed/autsl20/landmark46-v1/train/signer0_sample604.npz,approved,trainable,true,standard
signer0_sample644,kaza,11,108,AUTSL,AUTSL_OpenHands_pose_v1,signer0,dataset_license,train,AUTSL/train_poses/signer0_sample644_color.pkl,processed/autsl20/landmark46-v1/train/signer0_sample644.npz,approved,trainable,true,standard
signer0_sample665,igne,8,95,AUTSL,AUTSL_OpenHands_pose_v1,signer0,dataset_license,train,AUTSL/train_poses/signer0_sample665_color.pkl,processed/autsl20/landmark46-v1/train/signer0_sample665.npz,approved,trainable,true,standard
signer0_sample675,hasta,4,82,AUTSL,AUTSL_OpenHands_pose_v1,signer0,dataset_license,train,AUTSL/train_poses/signer0_sample675_color.pkl,processed/autsl20/landmark46-v1/train/signer0_sample675.npz,approved,trainable,true,standard
signer0_sample681,igne,8,95,AUTSL,AUTSL_OpenHands_pose_v1,signer0,dataset_license,train,AUTSL/train_poses/signer0_sample681_color.pkl,processed/autsl20/landmark46-v1/train/signer0_sample681.npz,approved,trainable,true,standard
signer0_sample684,kotu,12,122,AUTSL,AUTSL_OpenHands_pose_v1,signer0,dataset_license,train,AUTSL/train_poses/signer0_sample684_color.pkl,processed/autsl20/landmark46-v1/train/signer0_sample684.npz,approved,trainable,true,standard
signer0_sample689,iyi,10,100,AUTSL,AUTSL_OpenHands_pose_v1,signer0,dataset_license,train,AUTSL/train_poses/signer0_sample689_color.pkl,processed/autsl20/landmark46-v1/train/signer0_sample689.npz,approved,trainable,true,standard
signer0_sample694,icmek,7,94,AUTSL,AUTSL_OpenHands_pose_v1,signer0,dataset_license,train,AUTSL/train_poses/signer0_sample694_color.pkl,processed/autsl20/landmark46-v1/train/signer0_sample694.npz,approved,trainable,true,standard
signer0_sample696,iyi,10,100,AUTSL,AUTSL_OpenHands_pose_v1,signer0,dataset_license,train,AUTSL/train_poses/signer0_sample696_color.pkl,processed/autsl20/landmark46-v1/train/signer0_sample696.npz,approved,trainable,true,standard
signer0_sample703,tuvalet,16,200,AUTSL,AUTSL_OpenHands_pose_v1,signer0,dataset_license,train,AUTSL/train_poses/signer0_sample703_color.pkl,processed/autsl20/landmark46-v1/train/signer0_sample703.npz,approved,trainable,true,standard
signer0_sample704,tuvalet,16,200,AUTSL,AUTSL_OpenHands_pose_v1,signer0,dataset_license,train,AUTSL/train_poses/signer0_sample704_color.pkl,processed/autsl20/landmark46-v1/train/signer0_sample704.npz,approved,trainable,true,standard
signer0_sample710,hayir,6,86,AUTSL,AUTSL_OpenHands_pose_v1,signer0,dataset_license,train,AUTSL/train_poses/signer0_sample710_color.pkl,processed/autsl20/landmark46-v1/train/signer0_sample710.npz,approved,trainable,true,standard
signer0_sample741,evet,2,65,AUTSL,AUTSL_OpenHands_pose_v1,signer0,dataset_license,train,AUTSL/train_poses/signer0_sample741_color.pkl,processed/autsl20/landmark46-v1/train/signer0_sample741.npz,approved,trainable,true,standard
signer0_sample749,eczane,1,58,AUTSL,AUTSL_OpenHands_pose_v1,signer0,dataset_license,train,AUTSL/train_poses/signer0_sample749_color.pkl,processed/autsl20/landmark46-v1/train/signer0_sample749.npz,approved,trainable,true,standard
signer0_sample760,igne,8,95,AUTSL,AUTSL_OpenHands_pose_v1,signer0,dataset_license,train,AUTSL/train_poses/signer0_sample760_color.pkl,processed/autsl20/landmark46-v1/train/signer0_sample760.npz,approved,trainable,true,standard
signer0_sample761,hasta,4,82,AUTSL,AUTSL_OpenHands_pose_v1,signer0,dataset_license,train,AUTSL/train_poses/signer0_sample761_color.pkl,processed/autsl20/landmark46-v1/train/signer0_sample761.npz,approved,trainable,true,standard
signer0_sample764,yorgun,19,222,AUTSL,AUTSL_OpenHands_pose_v1,signer0,dataset_license,train,AUTSL/train_poses/signer0_sample764_color.pkl,processed/autsl20/landmark46-v1/train/signer0_sample764.npz,approved,trainable,true,standard
signer0_sample770,evet,2,65,AUTSL,AUTSL_OpenHands_pose_v1,signer0,dataset_license,train,AUTSL/train_poses/signer0_sample770_color.pkl,processed/autsl20/landmark46-v1/train/signer0_sample770.npz,approved,trainable,true,standard
signer0_sample806,hastane,5,83,AUTSL,AUTSL_OpenHands_pose_v1,signer0,dataset_license,train,AUTSL/train_poses/signer0_sample806_color.pkl,processed/autsl20/landmark46-v1/train/signer0_sample806.npz,approved,trainable,true,standard
signer0_sample810,tehlike,15,192,AUTSL,AUTSL_OpenHands_pose_v1,signer0,dataset_license,train,AUTSL/train_poses/signer0_sample810_color.pkl,processed/autsl20/landmark46-v1/train/signer0_sample810.npz,approved,trainable,true,red_flag
signer0_sample813,seker,14,172,AUTSL,AUTSL_OpenHands_pose_v1,signer0,dataset_license,train,AUTSL/train_poses/signer0_sample813_color.pkl,processed/autsl20/landmark46-v1/train/signer0_sample813.npz,approved,trainable,true,standard
signer0_sample821,seker,14,172,AUTSL,AUTSL_OpenHands_pose_v1,signer0,dataset_license,train,AUTSL/train_poses/signer0_sample821_color.pkl,processed/autsl20/landmark46-v1/train/signer0_sample821.npz,approved,trainable,true,standard
signer0_sample845,doktor,0,52,AUTSL,AUTSL_OpenHands_pose_v1,signer0,dataset_license,train,AUTSL/train_poses/signer0_sample845_color.pkl,processed/autsl20/landmark46-v1/train/signer0_sample845.npz,approved,trainable,true,standard
signer0_sample848,igne,8,95,AUTSL,AUTSL_OpenHands_pose_v1,signer0,dataset_license,train,AUTSL/train_poses/signer0_sample848_color.pkl,processed/autsl20/landmark46-v1/train/signer0_sample848.npz,approved,trainable,true,standard
signer0_sample857,nerede,13,138,AUTSL,AUTSL_OpenHands_pose_v1,signer0,dataset_license,train,AUTSL/train_poses/signer0_sample857_color.pkl,processed/autsl20/landmark46-v1/train/signer0_sample857.npz,approved,trainable,true,standard
signer0_sample861,yarabandi,17,210,AUTSL,AUTSL_OpenHands_pose_v1,signer0,dataset_license,train,AUTSL/train_poses/signer0_sample861_color.pkl,processed/autsl20/landmark46-v1/train/signer0_sample861.npz,approved,trainable,true,standard
signer0_sample865,evet,2,65,AUTSL,AUTSL_OpenHands_pose_v1,signer0,dataset_license,train,AUTSL/train_poses/signer0_sample865_color.pkl,processed/autsl20/landmark46-v1/train/signer0_sample865.npz,approved,trainable,true,standard
signer0_sample866,igne,8,95,AUTSL,AUTSL_OpenHands_pose_v1,signer0,dataset_license,train,AUTSL/train_poses/signer0_sample866_color.pkl,processed/autsl20/landmark46-v1/train/signer0_sample866.npz,approved,trainable,true,standard
signer0_sample871,seker,14,172,AUTSL,AUTSL_OpenHands_pose_v1,signer0,dataset_license,train,AUTSL/train_poses/signer0_sample871_color.pkl,processed/autsl20/landmark46-v1/train/signer0_sample871.npz,approved,trainable,true,standard
signer0_sample876,yarabandi,17,210,AUTSL,AUTSL_OpenHands_pose_v1,signer0,dataset_license,train,AUTSL/train_poses/signer0_sample876_color.pkl,processed/autsl20/landmark46-v1/train/signer0_sample876.npz,approved,trainable,true,standard
signer0_sample898,doktor,0,52,AUTSL,AUTSL_OpenHands_pose_v1,signer0,dataset_license,train,AUTSL/train_poses/signer0_sample898_color.pkl,processed/autsl20/landmark46-v1/train/signer0_sample898.npz,approved,trainable,true,standard
signer0_sample900,yardim,18,211,AUTSL,AUTSL_OpenHands_pose_v1,signer0,dataset_license,train,AUTSL/train_poses/signer0_sample900_color.pkl,processed/autsl20/landmark46-v1/train/signer0_sample900.npz,approved,trainable,true,red_flag
signer0_sample905,yarabandi,17,210,AUTSL,AUTSL_OpenHands_pose_v1,signer0,dataset_license,train,AUTSL/train_poses/signer0_sample905_color.pkl,processed/autsl20/landmark46-v1/train/signer0_sample905.npz,approved,trainable,true,standard
signer0_sample910,ilac,9,96,AUTSL,AUTSL_OpenHands_pose_v1,signer0,dataset_license,train,AUTSL/train_poses/signer0_sample910_color.pkl,processed/autsl20/landmark46-v1/train/signer0_sample910.npz,approved,trainable,true,standard
signer0_sample911,hayir,6,86,AUTSL,AUTSL_OpenHands_pose_v1,signer0,dataset_license,train,AUTSL/train_poses/signer0_sample911_color.pkl,processed/autsl20/landmark46-v1/train/signer0_sample911.npz,approved,trainable,true,standard
signer0_sample919,seker,14,172,AUTSL,AUTSL_OpenHands_pose_v1,signer0,dataset_license,train,AUTSL/train_poses/signer0_sample919_color.pkl,processed/autsl20/landmark46-v1/train/signer0_sample919.npz,approved,trainable,true,standard
signer0_sample925,yardim,18,211,AUTSL,AUTSL_OpenHands_pose_v1,signer0,dataset_license,train,AUTSL/train_poses/signer0_sample925_color.pkl,processed/autsl20/landmark46-v1/train/signer0_sample925.npz,approved,trainable,true,red_flag
signer0_sample932,yardim,18,211,AUTSL,AUTSL_OpenHands_pose_v1,signer0,dataset_license,train,AUTSL/train_poses/signer0_sample932_color.pkl,processed/autsl20/landmark46-v1/train/signer0_sample932.npz,approved,trainable,true,red_flag
signer0_sample955,yardim,18,211,AUTSL,AUTSL_OpenHands_pose_v1,signer0,dataset_license,train,AUTSL/train_poses/signer0_sample955_color.pkl,processed/autsl20/landmark46-v1/train/signer0_sample955.npz,approved,trainable,true,red_flag
signer0_sample972,kaza,11,108,AUTSL,AUTSL_OpenHands_pose_v1,signer0,dataset_license,train,AUTSL/train_poses/signer0_sample972_color.pkl,processed/autsl20/landmark46-v1/train/signer0_sample972.npz,approved,trainable,true,standard
signer0_sample974,hasta,4,82,AUTSL,AUTSL_OpenHands_pose_v1,signer0,dataset_license,train,AUTSL/train_poses/signer0_sample974_color.pkl,processed/autsl20/landmark46-v1/train/signer0_sample974.npz,approved,trainable,true,standard
signer0_sample1009,hastane,5,83,AUTSL,AUTSL_OpenHands_pose_v1,signer0,dataset_license,train,AUTSL/train_poses/signer0_sample1009_color.pkl,processed/autsl20/landmark46-v1/train/signer0_sample1009.npz,approved,trainable,true,standard
signer0_sample1015,hastane,5,83,AUTSL,AUTSL_OpenHands_pose_v1,signer0,dataset_license,train,AUTSL/train_poses/signer0_sample1015_color.pkl,processed/autsl20/landmark46-v1/train/signer0_sample1015.npz,approved,trainable,true,standard
signer0_sample1026,nerede,13,138,AUTSL,AUTSL_OpenHands_pose_v1,signer0,dataset_license,train,AUTSL/train_poses/signer0_sample1026_color.pkl,processed/autsl20/landmark46-v1/train/signer0_sample1026.npz,approved,trainable,true,standard
signer0_sample1060,ilac,9,96,AUTSL,AUTSL_OpenHands_pose_v1,signer0,dataset_license,train,AUTSL/train_poses/signer0_sample1060_color.pkl,processed/autsl20/landmark46-v1/train/signer0_sample1060.npz,approved,trainable,true,standard
signer0_sample1072,tehlike,15,192,AUTSL,AUTSL_OpenHands_pose_v1,signer0,dataset_license,train,AUTSL/train_poses/signer0_sample1072_color.pkl,processed/autsl20/landmark46-v1/train/signer0_sample1072.npz,approved,trainable,true,red_flag
signer0_sample1080,nerede,13,138,AUTSL,AUTSL_OpenHands_pose_v1,signer0,dataset_license,train,AUTSL/train_poses/signer0_sample1080_color.pkl,processed/autsl20/landmark46-v1/train/signer0_sample1080.npz,approved,trainable,true,standard
signer0_sample1085,tehlike,15,192,AUTSL,AUTSL_OpenHands_pose_v1,signer0,dataset_license,train,AUTSL/train_poses/signer0_sample1085_color.pkl,processed/autsl20/landmark46-v1/train/signer0_sample1085.npz,approved,trainable,true,red_flag
signer0_sample1087,ilac,9,96,AUTSL,AUTSL_OpenHands_pose_v1,signer0,dataset_license,train,AUTSL/train_poses/signer0_sample1087_color.pkl,processed/autsl20/landmark46-v1/train/signer0_sample1087.npz,approved,trainable,true,standard
signer0_sample1092,kotu,12,122,AUTSL,AUTSL_OpenHands_pose_v1,signer0,dataset_license,train,AUTSL/train_poses/signer0_sample1092_color.pkl,processed/autsl20/landmark46-v1/train/signer0_sample1092.npz,approved,trainable,true,standard
signer0_sample1110,tehlike,15,192,AUTSL,AUTSL_OpenHands_pose_v1,signer0,dataset_license,train,AUTSL/train_poses/signer0_sample1110_color.pkl,processed/autsl20/landmark46-v1/train/signer0_sample1110.npz,approved,trainable,true,red_flag
signer0_sample1148,doktor,0,52,AUTSL,AUTSL_OpenHands_pose_v1,signer0,dataset_license,train,AUTSL/train_poses/signer0_sample1148_color.pkl,processed/autsl20/landmark46-v1/train/signer0_sample1148.npz,approved,trainable,true,standard
signer0_sample1151,gostermek,3,77,AUTSL,AUTSL_OpenHands_pose_v1,signer0,dataset_license,train,AUTSL/train_poses/signer0_sample1151_color.pkl,processed/autsl20/landmark46-v1/train/signer0_sample1151.npz,approved,trainable,true,standard
signer0_sample1158,hasta,4,82,AUTSL,AUTSL_OpenHands_pose_v1,signer0,dataset_license,train,AUTSL/train_poses/signer0_sample1158_color.pkl,processed/autsl20/landmark46-v1/train/signer0_sample1158.npz,approved,trainable,true,standard
signer0_sample1165,tehlike,15,192,AUTSL,AUTSL_OpenHands_pose_v1,signer0,dataset_license,train,AUTSL/train_poses/signer0_sample1165_color.pkl,processed/autsl20/landmark46-v1/train/signer0_sample1165.npz,approved,trainable,true,red_flag
signer0_sample1172,gostermek,3,77,AUTSL,AUTSL_OpenHands_pose_v1,signer0,dataset_license,train,AUTSL/train_poses/signer0_sample1172_color.pkl,processed/autsl20/landmark46-v1/train/signer0_sample1172.npz,approved,trainable,true,standard
signer0_sample1175,kaza,11,108,AUTSL,AUTSL_OpenHands_pose_v1,signer0,dataset_license,train,AUTSL/train_poses/signer0_sample1175_color.pkl,processed/autsl20/landmark46-v1/train/signer0_sample1175.npz,approved,trainable,true,standard
signer0_sample1209,evet,2,65,AUTSL,AUTSL_OpenHands_pose_v1,signer0,dataset_license,train,AUTSL/train_poses/signer0_sample1209_color.pkl,processed/autsl20/landmark46-v1/train/signer0_sample1209.npz,approved,trainable,true,standard
signer0_sample1221,eczane,1,58,AUTSL,AUTSL_OpenHands_pose_v1,signer0,dataset_license,train,AUTSL/train_poses/signer0_sample1221_color.pkl,processed/autsl20/landmark46-v1/train/signer0_sample1221.npz,approved,trainable,true,standard
signer0_sample1226,kotu,12,122,AUTSL,AUTSL_OpenHands_pose_v1,signer0,dataset_license,train,AUTSL/train_poses/signer0_sample1226_color.pkl,processed/autsl20/landmark46-v1/train/signer0_sample1226.npz,approved,trainable,true,standard
signer0_sample1228,doktor,0,52,AUTSL,AUTSL_OpenHands_pose_v1,signer0,dataset_license,train,AUTSL/train_poses/signer0_sample1228_color.pkl,processed/autsl20/landmark46-v1/train/signer0_sample1228.npz,approved,trainable,true,standard
signer0_sample1235,yorgun,19,222,AUTSL,AUTSL_OpenHands_pose_v1,signer0,dataset_license,train,AUTSL/train_poses/signer0_sample1235_color.pkl,processed/autsl20/landmark46-v1/train/signer0_sample1235.npz,approved,trainable,true,standard
signer0_sample1242,yarabandi,17,210,AUTSL,AUTSL_OpenHands_pose_v1,signer0,dataset_license,train,AUTSL/train_poses/signer0_sample1242_color.pkl,processed/autsl20/landmark46-v1/train/signer0_sample1242.npz,approved,trainable,true,standard
signer0_sample1256,hayir,6,86,AUTSL,AUTSL_OpenHands_pose_v1,signer0,dataset_license,train,AUTSL/train_poses/signer0_sample1256_color.pkl,processed/autsl20/landmark46-v1/train/signer0_sample1256.npz,approved,trainable,true,standard
signer0_sample1283,ilac,9,96,AUTSL,AUTSL_OpenHands_pose_v1,signer0,dataset_license,train,AUTSL/train_poses/signer0_sample1283_color.pkl,processed/autsl20/landmark46-v1/train/signer0_sample1283.npz,approved,trainable,true,standard
signer0_sample1291,icmek,7,94,AUTSL,AUTSL_OpenHands_pose_v1,signer0,dataset_license,train,AUTSL/train_poses/signer0_sample1291_color.pkl,processed/autsl20/landmark46-v1/train/signer0_sample1291.npz,approved,trainable,true,standard
signer0_sample1299,evet,2,65,AUTSL,AUTSL_OpenHands_pose_v1,signer0,dataset_license,train,AUTSL/train_poses/signer0_sample1299_color.pkl,processed/autsl20/landmark46-v1/train/signer0_sample1299.npz,approved,trainable,true,standard
signer0_sample1305,hayir,6,86,AUTSL,AUTSL_OpenHands_pose_v1,signer0,dataset_license,train,AUTSL/train_poses/signer0_sample1305_color.pkl,processed/autsl20/landmark46-v1/train/signer0_sample1305.npz,approved,trainable,true,standard
signer0_sample1313,doktor,0,52,AUTSL,AUTSL_OpenHands_pose_v1,signer0,dataset_license,train,AUTSL/train_poses/signer0_sample1313_color.pkl,processed/autsl20/landmark46-v1/train/signer0_sample1313.npz,approved,trainable,true,standard
signer0_sample1314,kaza,11,108,AUTSL,AUTSL_OpenHands_pose_v1,signer0,dataset_license,train,AUTSL/train_poses/signer0_sample1314_color.pkl,processed/autsl20/landmark46-v1/train/signer0_sample1314.npz,approved,trainable,true,standard
signer2_sample4,hastane,5,83,AUTSL,AUTSL_OpenHands_pose_v1,signer2,dataset_license,train,AUTSL/train_poses/signer2_sample4_color.pkl,processed/autsl20/landmark46-v1/train/signer2_sample4.npz,approved,trainable,true,standard
signer2_sample5,doktor,0,52,AUTSL,AUTSL_OpenHands_pose_v1,signer2,dataset_license,train,AUTSL/train_poses/signer2_sample5_color.pkl,processed/autsl20/landmark46-v1/train/signer2_sample5.npz,approved,trainable,true,standard
signer2_sample16,kaza,11,108,AUTSL,AUTSL_OpenHands_pose_v1,signer2,dataset_license,train,AUTSL/train_poses/signer2_sample16_color.pkl,processed/autsl20/landmark46-v1/train/signer2_sample16.npz,approved,trainable,true,standard
signer2_sample18,hastane,5,83,AUTSL,AUTSL_OpenHands_pose_v1,signer2,dataset_license,train,AUTSL/train_poses/signer2_sample18_color.pkl,processed/autsl20/landmark46-v1/train/signer2_sample18.npz,approved,trainable,true,standard
signer2_sample19,hasta,4,82,AUTSL,AUTSL_OpenHands_pose_v1,signer2,dataset_license,train,AUTSL/train_poses/signer2_sample19_color.pkl,processed/autsl20/landmark46-v1/train/signer2_sample19.npz,approved,trainable,true,standard
signer2_sample20,icmek,7,94,AUTSL,AUTSL_OpenHands_pose_v1,signer2,dataset_license,train,AUTSL/train_poses/signer2_sample20_color.pkl,processed/autsl20/landmark46-v1/train/signer2_sample20.npz,approved,trainable,true,standard
signer2_sample24,nerede,13,138,AUTSL,AUTSL_OpenHands_pose_v1,signer2,dataset_license,train,AUTSL/train_poses/signer2_sample24_color.pkl,processed/autsl20/landmark46-v1/train/signer2_sample24.npz,approved,trainable,true,standard
signer2_sample27,gostermek,3,77,AUTSL,AUTSL_OpenHands_pose_v1,signer2,dataset_license,train,AUTSL/train_poses/signer2_sample27_color.pkl,processed/autsl20/landmark46-v1/train/signer2_sample27.npz,approved,trainable,true,standard
signer2_sample60,kotu,12,122,AUTSL,AUTSL_OpenHands_pose_v1,signer2,dataset_license,train,AUTSL/train_poses/signer2_sample60_color.pkl,processed/autsl20/landmark46-v1/train/signer2_sample60.npz,approved,trainable,true,standard
signer2_sample62,gostermek,3,77,AUTSL,AUTSL_OpenHands_pose_v1,signer2,dataset_license,train,AUTSL/train_poses/signer2_sample62_color.pkl,processed/autsl20/landmark46-v1/train/signer2_sample62.npz,approved,trainable,true,standard
signer2_sample81,yarabandi,17,210,AUTSL,AUTSL_OpenHands_pose_v1,signer2,dataset_license,train,AUTSL/train_poses/signer2_sample81_color.pkl,processed/autsl20/landmark46-v1/train/signer2_sample81.npz,approved,trainable,true,standard
signer2_sample95,doktor,0,52,AUTSL,AUTSL_OpenHands_pose_v1,signer2,dataset_license,train,AUTSL/train_poses/signer2_sample95_color.pkl,processed/autsl20/landmark46-v1/train/signer2_sample95.npz,approved,trainable,true,standard
signer2_sample101,iyi,10,100,AUTSL,AUTSL_OpenHands_pose_v1,signer2,dataset_license,train,AUTSL/train_poses/signer2_sample101_color.pkl,processed/autsl20/landmark46-v1/train/signer2_sample101.npz,approved,trainable,true,standard
signer2_sample139,hastane,5,83,AUTSL,AUTSL_OpenHands_pose_v1,signer2,dataset_license,train,AUTSL/train_poses/signer2_sample139_color.pkl,processed/autsl20/landmark46-v1/train/signer2_sample139.npz,approved,trainable,true,standard
signer2_sample151,yorgun,19,222,AUTSL,AUTSL_OpenHands_pose_v1,signer2,dataset_license,train,AUTSL/train_poses/signer2_sample151_color.pkl,processed/autsl20/landmark46-v1/train/signer2_sample151.npz,approved,trainable,true,standard
signer2_sample153,ilac,9,96,AUTSL,AUTSL_OpenHands_pose_v1,signer2,dataset_license,train,AUTSL/train_poses/signer2_sample153_color.pkl,processed/autsl20/landmark46-v1/train/signer2_sample153.npz,approved,trainable,true,standard
signer2_sample180,nerede,13,138,AUTSL,AUTSL_OpenHands_pose_v1,signer2,dataset_license,train,AUTSL/train_poses/signer2_sample180_color.pkl,processed/autsl20/landmark46-v1/train/signer2_sample180.npz,approved,trainable,true,standard
signer2_sample190,eczane,1,58,AUTSL,AUTSL_OpenHands_pose_v1,signer2,dataset_license,train,AUTSL/train_poses/signer2_sample190_color.pkl,processed/autsl20/landmark46-v1/train/signer2_sample190.npz,approved,trainable,true,standard
signer2_sample196,seker,14,172,AUTSL,AUTSL_OpenHands_pose_v1,signer2,dataset_license,train,AUTSL/train_poses/signer2_sample196_color.pkl,processed/autsl20/landmark46-v1/train/signer2_sample196.npz,approved,trainable,true,standard
signer2_sample197,icmek,7,94,AUTSL,AUTSL_OpenHands_pose_v1,signer2,dataset_license,train,AUTSL/train_poses/signer2_sample197_color.pkl,processed/autsl20/landmark46-v1/train/signer2_sample197.npz,approved,trainable,true,standard
signer2_sample212,hayir,6,86,AUTSL,AUTSL_OpenHands_pose_v1,signer2,dataset_license,train,AUTSL/train_poses/signer2_sample212_color.pkl,processed/autsl20/landmark46-v1/train/signer2_sample212.npz,approved,trainable,true,standard
signer2_sample219,yorgun,19,222,AUTSL,AUTSL_OpenHands_pose_v1,signer2,dataset_license,train,AUTSL/train_poses/signer2_sample219_color.pkl,processed/autsl20/landmark46-v1/train/signer2_sample219.npz,approved,trainable,true,standard
signer2_sample225,icmek,7,94,AUTSL,AUTSL_OpenHands_pose_v1,signer2,dataset_license,train,AUTSL/train_poses/signer2_sample225_color.pkl,processed/autsl20/landmark46-v1/train/signer2_sample225.npz,approved,trainable,true,standard
signer2_sample237,doktor,0,52,AUTSL,AUTSL_OpenHands_pose_v1,signer2,dataset_license,train,AUTSL/train_poses/signer2_sample237_color.pkl,processed/autsl20/landmark46-v1/train/signer2_sample237.npz,approved,trainable,true,standard
signer2_sample257,yardim,18,211,AUTSL,AUTSL_OpenHands_pose_v1,signer2,dataset_license,train,AUTSL/train_poses/signer2_sample257_color.pkl,processed/autsl20/landmark46-v1/train/signer2_sample257.npz,approved,trainable,true,red_flag
signer2_sample265,iyi,10,100,AUTSL,AUTSL_OpenHands_pose_v1,signer2,dataset_license,train,AUTSL/train_poses/signer2_sample265_color.pkl,processed/autsl20/landmark46-v1/train/signer2_sample265.npz,approved,trainable,true,standard
signer2_sample268,kaza,11,108,AUTSL,AUTSL_OpenHands_pose_v1,signer2,dataset_license,train,AUTSL/train_poses/signer2_sample268_color.pkl,processed/autsl20/landmark46-v1/train/signer2_sample268.npz,approved,trainable,true,standard
signer2_sample295,tuvalet,16,200,AUTSL,AUTSL_OpenHands_pose_v1,signer2,dataset_license,train,AUTSL/train_poses/signer2_sample295_color.pkl,processed/autsl20/landmark46-v1/train/signer2_sample295.npz,approved,trainable,true,standard
signer2_sample304,hastane,5,83,AUTSL,AUTSL_OpenHands_pose_v1,signer2,dataset_license,train,AUTSL/train_poses/signer2_sample304_color.pkl,processed/autsl20/landmark46-v1/train/signer2_sample304.npz,approved,trainable,true,standard
signer2_sample313,kotu,12,122,AUTSL,AUTSL_OpenHands_pose_v1,signer2,dataset_license,train,AUTSL/train_poses/signer2_sample313_color.pkl,processed/autsl20/landmark46-v1/train/signer2_sample313.npz,approved,trainable,true,standard
signer2_sample316,tehlike,15,192,AUTSL,AUTSL_OpenHands_pose_v1,signer2,dataset_license,train,AUTSL/train_poses/signer2_sample316_color.pkl,processed/autsl20/landmark46-v1/train/signer2_sample316.npz,approved,trainable,true,red_flag
signer2_sample328,ilac,9,96,AUTSL,AUTSL_OpenHands_pose_v1,signer2,dataset_license,train,AUTSL/train_poses/signer2_sample328_color.pkl,processed/autsl20/landmark46-v1/train/signer2_sample328.npz,approved,trainable,true,standard
signer2_sample334,hastane,5,83,AUTSL,AUTSL_OpenHands_pose_v1,signer2,dataset_license,train,AUTSL/train_poses/signer2_sample334_color.pkl,processed/autsl20/landmark46-v1/train/signer2_sample334.npz,approved,trainable,true,standard
signer2_sample349,tehlike,15,192,AUTSL,AUTSL_OpenHands_pose_v1,signer2,dataset_license,train,AUTSL/train_poses/signer2_sample349_color.pkl,processed/autsl20/landmark46-v1/train/signer2_sample349.npz,approved,trainable,true,red_flag
signer2_sample358,evet,2,65,AUTSL,AUTSL_OpenHands_pose_v1,signer2,dataset_license,train,AUTSL/train_poses/signer2_sample358_color.pkl,processed/autsl20/landmark46-v1/train/signer2_sample358.npz,approved,trainable,true,standard
signer2_sample364,seker,14,172,AUTSL,AUTSL_OpenHands_pose_v1,signer2,dataset_license,train,AUTSL/train_poses/signer2_sample364_color.pkl,processed/autsl20/landmark46-v1/train/signer2_sample364.npz,approved,trainable,true,standard
signer2_sample373,eczane,1,58,AUTSL,AUTSL_OpenHands_pose_v1,signer2,dataset_license,train,AUTSL/train_poses/signer2_sample373_color.pkl,processed/autsl20/landmark46-v1/train/signer2_sample373.npz,approved,trainable,true,standard
signer2_sample374,ilac,9,96,AUTSL,AUTSL_OpenHands_pose_v1,signer2,dataset_license,train,AUTSL/train_poses/signer2_sample374_color.pkl,processed/autsl20/landmark46-v1/train/signer2_sample374.npz,approved,trainable,true,standard
signer2_sample375,tehlike,15,192,AUTSL,AUTSL_OpenHands_pose_v1,signer2,dataset_license,train,AUTSL/train_poses/signer2_sample375_color.pkl,processed/autsl20/landmark46-v1/train/signer2_sample375.npz,approved,trainable,true,red_flag
signer2_sample384,seker,14,172,AUTSL,AUTSL_OpenHands_pose_v1,signer2,dataset_license,train,AUTSL/train_poses/signer2_sample384_color.pkl,processed/autsl20/landmark46-v1/train/signer2_sample384.npz,approved,trainable,true,standard
signer2_sample390,evet,2,65,AUTSL,AUTSL_OpenHands_pose_v1,signer2,dataset_license,train,AUTSL/train_poses/signer2_sample390_color.pkl,processed/autsl20/landmark46-v1/train/signer2_sample390.npz,approved,trainable,true,standard
signer2_sample409,hastane,5,83,AUTSL,AUTSL_OpenHands_pose_v1,signer2,dataset_license,train,AUTSL/train_poses/signer2_sample409_color.pkl,processed/autsl20/landmark46-v1/train/signer2_sample409.npz,approved,trainable,true,standard
signer2_sample438,tuvalet,16,200,AUTSL,AUTSL_OpenHands_pose_v1,signer2,dataset_license,train,AUTSL/train_poses/signer2_sample438_color.pkl,processed/autsl20/landmark46-v1/train/signer2_sample438.npz,approved,trainable,true,standard
signer2_sample447,nerede,13,138,AUTSL,AUTSL_OpenHands_pose_v1,signer2,dataset_license,train,AUTSL/train_poses/signer2_sample447_color.pkl,processed/autsl20/landmark46-v1/train/signer2_sample447.npz,approved,trainable,true,standard
signer2_sample460,kotu,12,122,AUTSL,AUTSL_OpenHands_pose_v1,signer2,dataset_license,train,AUTSL/train_poses/signer2_sample460_color.pkl,processed/autsl20/landmark46-v1/train/signer2_sample460.npz,approved,trainable,true,standard
signer2_sample462,evet,2,65,AUTSL,AUTSL_OpenHands_pose_v1,signer2,dataset_license,train,AUTSL/train_poses/signer2_sample462_color.pkl,processed/autsl20/landmark46-v1/train/signer2_sample462.npz,approved,trainable,true,standard
signer2_sample472,iyi,10,100,AUTSL,AUTSL_OpenHands_pose_v1,signer2,dataset_license,train,AUTSL/train_poses/signer2_sample472_color.pkl,processed/autsl20/landmark46-v1/train/signer2_sample472.npz,approved,trainable,true,standard
signer2_sample479,tehlike,15,192,AUTSL,AUTSL_OpenHands_pose_v1,signer2,dataset_license,train,AUTSL/train_poses/signer2_sample479_color.pkl,processed/autsl20/landmark46-v1/train/signer2_sample479.npz,approved,trainable,true,red_flag
signer2_sample482,hasta,4,82,AUTSL,AUTSL_OpenHands_pose_v1,signer2,dataset_license,train,AUTSL/train_poses/signer2_sample482_color.pkl,processed/autsl20/landmark46-v1/train/signer2_sample482.npz,approved,trainable,true,standard
signer2_sample484,gostermek,3,77,AUTSL,AUTSL_OpenHands_pose_v1,signer2,dataset_license,train,AUTSL/train_poses/signer2_sample484_color.pkl,processed/autsl20/landmark46-v1/train/signer2_sample484.npz,approved,trainable,true,standard
signer2_sample486,kotu,12,122,AUTSL,AUTSL_OpenHands_pose_v1,signer2,dataset_license,train,AUTSL/train_poses/signer2_sample486_color.pkl,processed/autsl20/landmark46-v1/train/signer2_sample486.npz,approved,trainable,true,standard
signer2_sample493,yarabandi,17,210,AUTSL,AUTSL_OpenHands_pose_v1,signer2,dataset_license,train,AUTSL/train_poses/signer2_sample493_color.pkl,processed/autsl20/landmark46-v1/train/signer2_sample493.npz,approved,trainable,true,standard
signer2_sample496,evet,2,65,AUTSL,AUTSL_OpenHands_pose_v1,signer2,dataset_license,train,AUTSL/train_poses/signer2_sample496_color.pkl,processed/autsl20/landmark46-v1/train/signer2_sample496.npz,approved,trainable,true,standard
signer2_sample509,igne,8,95,AUTSL,AUTSL_OpenHands_pose_v1,signer2,dataset_license,train,AUTSL/train_poses/signer2_sample509_color.pkl,processed/autsl20/landmark46-v1/train/signer2_sample509.npz,approved,trainable,true,standard
signer2_sample511,gostermek,3,77,AUTSL,AUTSL_OpenHands_pose_v1,signer2,dataset_license,train,AUTSL/train_poses/signer2_sample511_color.pkl,processed/autsl20/landmark46-v1/train/signer2_sample511.npz,approved,trainable,true,standard
signer2_sample515,ilac,9,96,AUTSL,AUTSL_OpenHands_pose_v1,signer2,dataset_license,train,AUTSL/train_poses/signer2_sample515_color.pkl,processed/autsl20/landmark46-v1/train/signer2_sample515.npz,approved,trainable,true,standard
signer2_sample528,nerede,13,138,AUTSL,AUTSL_OpenHands_pose_v1,signer2,dataset_license,train,AUTSL/train_poses/signer2_sample528_color.pkl,processed/autsl20/landmark46-v1/train/signer2_sample528.npz,approved,trainable,true,standard
signer2_sample539,yarabandi,17,210,AUTSL,AUTSL_OpenHands_pose_v1,signer2,dataset_license,train,AUTSL/train_poses/signer2_sample539_color.pkl,processed/autsl20/landmark46-v1/train/signer2_sample539.npz,approved,trainable,true,standard
signer2_sample572,yorgun,19,222,AUTSL,AUTSL_OpenHands_pose_v1,signer2,dataset_license,train,AUTSL/train_poses/signer2_sample572_color.pkl,processed/autsl20/landmark46-v1/train/signer2_sample572.npz,approved,trainable,true,standard
signer2_sample579,hasta,4,82,AUTSL,AUTSL_OpenHands_pose_v1,signer2,dataset_license,train,AUTSL/train_poses/signer2_sample579_color.pkl,processed/autsl20/landmark46-v1/train/signer2_sample579.npz,approved,trainable,true,standard
signer2_sample587,hasta,4,82,AUTSL,AUTSL_OpenHands_pose_v1,signer2,dataset_license,train,AUTSL/train_poses/signer2_sample587_color.pkl,processed/autsl20/landmark46-v1/train/signer2_sample587.npz,approved,trainable,true,standard
signer2_sample589,nerede,13,138,AUTSL,AUTSL_OpenHands_pose_v1,signer2,dataset_license,train,AUTSL/train_poses/signer2_sample589_color.pkl,processed/autsl20/landmark46-v1/train/signer2_sample589.npz,approved,trainable,true,standard
signer2_sample614,ilac,9,96,AUTSL,AUTSL_OpenHands_pose_v1,signer2,dataset_license,train,AUTSL/train_poses/signer2_sample614_color.pkl,processed/autsl20/landmark46-v1/train/signer2_sample614.npz,approved,trainable,true,standard
signer2_sample623,gostermek,3,77,AUTSL,AUTSL_OpenHands_pose_v1,signer2,dataset_license,train,AUTSL/train_poses/signer2_sample623_color.pkl,processed/autsl20/landmark46-v1/train/signer2_sample623.npz,approved,trainable,true,standard
signer2_sample636,tuvalet,16,200,AUTSL,AUTSL_OpenHands_pose_v1,signer2,dataset_license,train,AUTSL/train_poses/signer2_sample636_color.pkl,processed/autsl20/landmark46-v1/train/signer2_sample636.npz,approved,trainable,true,standard
signer2_sample642,yardim,18,211,AUTSL,AUTSL_OpenHands_pose_v1,signer2,dataset_license,train,AUTSL/train_poses/signer2_sample642_color.pkl,processed/autsl20/landmark46-v1/train/signer2_sample642.npz,approved,trainable,true,red_flag
signer2_sample647,evet,2,65,AUTSL,AUTSL_OpenHands_pose_v1,signer2,dataset_license,train,AUTSL/train_poses/signer2_sample647_color.pkl,processed/autsl20/landmark46-v1/train/signer2_sample647.npz,approved,trainable,true,standard
signer2_sample657,seker,14,172,AUTSL,AUTSL_OpenHands_pose_v1,signer2,dataset_license,train,AUTSL/train_poses/signer2_sample657_color.pkl,processed/autsl20/landmark46-v1/train/signer2_sample657.npz,approved,trainable,true,standard
signer2_sample663,gostermek,3,77,AUTSL,AUTSL_OpenHands_pose_v1,signer2,dataset_license,train,AUTSL/train_poses/signer2_sample663_color.pkl,processed/autsl20/landmark46-v1/train/signer2_sample663.npz,approved,trainable,true,standard
signer2_sample668,yorgun,19,222,AUTSL,AUTSL_OpenHands_pose_v1,signer2,dataset_license,train,AUTSL/train_poses/signer2_sample668_color.pkl,processed/autsl20/landmark46-v1/train/signer2_sample668.npz,approved,trainable,true,standard
signer2_sample669,hayir,6,86,AUTSL,AUTSL_OpenHands_pose_v1,signer2,dataset_license,train,AUTSL/train_poses/signer2_sample669_color.pkl,processed/autsl20/landmark46-v1/train/signer2_sample669.npz,approved,trainable,true,standard
signer2_sample681,igne,8,95,AUTSL,AUTSL_OpenHands_pose_v1,signer2,dataset_license,train,AUTSL/train_poses/signer2_sample681_color.pkl,processed/autsl20/landmark46-v1/train/signer2_sample681.npz,approved,trainable,true,standard
signer2_sample711,kaza,11,108,AUTSL,AUTSL_OpenHands_pose_v1,signer2,dataset_license,train,AUTSL/train_poses/signer2_sample711_color.pkl,processed/autsl20/landmark46-v1/train/signer2_sample711.npz,approved,trainable,true,standard
signer2_sample724,hasta,4,82,AUTSL,AUTSL_OpenHands_pose_v1,signer2,dataset_license,train,AUTSL/train_poses/signer2_sample724_color.pkl,processed/autsl20/landmark46-v1/train/signer2_sample724.npz,approved,trainable,true,standard
signer2_sample726,hayir,6,86,AUTSL,AUTSL_OpenHands_pose_v1,signer2,dataset_license,train,AUTSL/train_poses/signer2_sample726_color.pkl,processed/autsl20/landmark46-v1/train/signer2_sample726.npz,approved,trainable,true,standard
signer2_sample733,hayir,6,86,AUTSL,AUTSL_OpenHands_pose_v1,signer2,dataset_license,train,AUTSL/train_poses/signer2_sample733_color.pkl,processed/autsl20/landmark46-v1/train/signer2_sample733.npz,approved,trainable,true,standard
signer2_sample734,iyi,10,100,AUTSL,AUTSL_OpenHands_pose_v1,signer2,dataset_license,train,AUTSL/train_poses/signer2_sample734_color.pkl,processed/autsl20/landmark46-v1/train/signer2_sample734.npz,approved,trainable,true,standard
signer2_sample753,tehlike,15,192,AUTSL,AUTSL_OpenHands_pose_v1,signer2,dataset_license,train,AUTSL/train_poses/signer2_sample753_color.pkl,processed/autsl20/landmark46-v1/train/signer2_sample753.npz,approved,trainable,true,red_flag
signer2_sample782,iyi,10,100,AUTSL,AUTSL_OpenHands_pose_v1,signer2,dataset_license,train,AUTSL/train_poses/signer2_sample782_color.pkl,processed/autsl20/landmark46-v1/train/signer2_sample782.npz,approved,trainable,true,standard
signer2_sample785,yorgun,19,222,AUTSL,AUTSL_OpenHands_pose_v1,signer2,dataset_license,train,AUTSL/train_poses/signer2_sample785_color.pkl,processed/autsl20/landmark46-v1/train/signer2_sample785.npz,approved,trainable,true,standard
signer2_sample797,eczane,1,58,AUTSL,AUTSL_OpenHands_pose_v1,signer2,dataset_license,train,AUTSL/train_poses/signer2_sample797_color.pkl,processed/autsl20/landmark46-v1/train/signer2_sample797.npz,approved,trainable,true,standard
signer2_sample817,hayir,6,86,AUTSL,AUTSL_OpenHands_pose_v1,signer2,dataset_license,train,AUTSL/train_poses/signer2_sample817_color.pkl,processed/autsl20/landmark46-v1/train/signer2_sample817.npz,approved,trainable,true,standard
signer2_sample835,kaza,11,108,AUTSL,AUTSL_OpenHands_pose_v1,signer2,dataset_license,train,AUTSL/train_poses/signer2_sample835_color.pkl,processed/autsl20/landmark46-v1/train/signer2_sample835.npz,approved,trainable,true,standard
signer2_sample851,doktor,0,52,AUTSL,AUTSL_OpenHands_pose_v1,signer2,dataset_license,train,AUTSL/train_poses/signer2_sample851_color.pkl,processed/autsl20/landmark46-v1/train/signer2_sample851.npz,approved,trainable,true,standard
signer2_sample852,icmek,7,94,AUTSL,AUTSL_OpenHands_pose_v1,signer2,dataset_license,train,AUTSL/train_poses/signer2_sample852_color.pkl,processed/autsl20/landmark46-v1/train/signer2_sample852.npz,approved,trainable,true,standard
signer2_sample863,evet,2,65,AUTSL,AUTSL_OpenHands_pose_v1,signer2,dataset_license,train,AUTSL/train_poses/signer2_sample863_color.pkl,processed/autsl20/landmark46-v1/train/signer2_sample863.npz,approved,trainable,true,standard
signer2_sample929,tuvalet,16,200,AUTSL,AUTSL_OpenHands_pose_v1,signer2,dataset_license,train,AUTSL/train_poses/signer2_sample929_color.pkl,processed/autsl20/landmark46-v1/train/signer2_sample929.npz,approved,trainable,true,standard
signer2_sample938,doktor,0,52,AUTSL,AUTSL_OpenHands_pose_v1,signer2,dataset_license,train,AUTSL/train_poses/signer2_sample938_color.pkl,processed/autsl20/landmark46-v1/train/signer2_sample938.npz,approved,trainable,true,standard
signer2_sample959,yarabandi,17,210,AUTSL,AUTSL_OpenHands_pose_v1,signer2,dataset_license,train,AUTSL/train_poses/signer2_sample959_color.pkl,processed/autsl20/landmark46-v1/train/signer2_sample959.npz,approved,trainable,true,standard
signer2_sample969,tuvalet,16,200,AUTSL,AUTSL_OpenHands_pose_v1,signer2,dataset_license,train,AUTSL/train_poses/signer2_sample969_color.pkl,processed/autsl20/landmark46-v1/train/signer2_sample969.npz,approved,trainable,true,standard
signer2_sample972,iyi,10,100,AUTSL,AUTSL_OpenHands_pose_v1,signer2,dataset_license,train,AUTSL/train_poses/signer2_sample972_color.pkl,processed/autsl20/landmark46-v1/train/signer2_sample972.npz,approved,trainable,true,standard
signer2_sample975,icmek,7,94,AUTSL,AUTSL_OpenHands_pose_v1,signer2,dataset_license,train,AUTSL/train_poses/signer2_sample975_color.pkl,processed/autsl20/landmark46-v1/train/signer2_sample975.npz,approved,trainable,true,standard
signer2_sample999,igne,8,95,AUTSL,AUTSL_OpenHands_pose_v1,signer2,dataset_license,train,AUTSL/train_poses/signer2_sample999_color.pkl,processed/autsl20/landmark46-v1/train/signer2_sample999.npz,approved,trainable,true,standard
signer2_sample1008,tuvalet,16,200,AUTSL,AUTSL_OpenHands_pose_v1,signer2,dataset_license,train,AUTSL/train_poses/signer2_sample1008_color.pkl,processed/autsl20/landmark46-v1/train/signer2_sample1008.npz,approved,trainable,true,standard
signer2_sample1015,yardim,18,211,AUTSL,AUTSL_OpenHands_pose_v1,signer2,dataset_license,train,AUTSL/train_poses/signer2_sample1015_color.pkl,processed/autsl20/landmark46-v1/train/signer2_sample1015.npz,approved,trainable,true,red_flag
signer2_sample1034,yardim,18,211,AUTSL,AUTSL_OpenHands_pose_v1,signer2,dataset_license,train,AUTSL/train_poses/signer2_sample1034_color.pkl,processed/autsl20/landmark46-v1/train/signer2_sample1034.npz,approved,trainable,true,red_flag
signer2_sample1036,kotu,12,122,AUTSL,AUTSL_OpenHands_pose_v1,signer2,dataset_license,train,AUTSL/train_poses/signer2_sample1036_color.pkl,processed/autsl20/landmark46-v1/train/signer2_sample1036.npz,approved,trainable,true,standard
signer2_sample1042,doktor,0,52,AUTSL,AUTSL_OpenHands_pose_v1,signer2,dataset_license,train,AUTSL/train_poses/signer2_sample1042_color.pkl,processed/autsl20/landmark46-v1/train/signer2_sample1042.npz,approved,trainable,true,standard
signer2_sample1071,yardim,18,211,AUTSL,AUTSL_OpenHands_pose_v1,signer2,dataset_license,train,AUTSL/train_poses/signer2_sample1071_color.pkl,processed/autsl20/landmark46-v1/train/signer2_sample1071.npz,approved,trainable,true,red_flag
signer2_sample1072,eczane,1,58,AUTSL,AUTSL_OpenHands_pose_v1,signer2,dataset_license,train,AUTSL/train_poses/signer2_sample1072_color.pkl,processed/autsl20/landmark46-v1/train/signer2_sample1072.npz,approved,trainable,true,standard
signer2_sample1084,yardim,18,211,AUTSL,AUTSL_OpenHands_pose_v1,signer2,dataset_license,train,AUTSL/train_poses/signer2_sample1084_color.pkl,processed/autsl20/landmark46-v1/train/signer2_sample1084.npz,approved,trainable,true,red_flag
signer2_sample1087,icmek,7,94,AUTSL,AUTSL_OpenHands_pose_v1,signer2,dataset_license,train,AUTSL/train_poses/signer2_sample1087_color.pkl,processed/autsl20/landmark46-v1/train/signer2_sample1087.npz,approved,trainable,true,standard
signer2_sample1101,hasta,4,82,AUTSL,AUTSL_OpenHands_pose_v1,signer2,dataset_license,train,AUTSL/train_poses/signer2_sample1101_color.pkl,processed/autsl20/landmark46-v1/train/signer2_sample1101.npz,approved,trainable,true,standard
signer2_sample1120,igne,8,95,AUTSL,AUTSL_OpenHands_pose_v1,signer2,dataset_license,train,AUTSL/train_poses/signer2_sample1120_color.pkl,processed/autsl20/landmark46-v1/train/signer2_sample1120.npz,approved,trainable,true,standard
signer2_sample1126,igne,8,95,AUTSL,AUTSL_OpenHands_pose_v1,signer2,dataset_license,train,AUTSL/train_poses/signer2_sample1126_color.pkl,processed/autsl20/landmark46-v1/train/signer2_sample1126.npz,approved,trainable,true,standard
signer2_sample1190,igne,8,95,AUTSL,AUTSL_OpenHands_pose_v1,signer2,dataset_license,train,AUTSL/train_poses/signer2_sample1190_color.pkl,processed/autsl20/landmark46-v1/train/signer2_sample1190.npz,approved,trainable,true,standard
signer2_sample1197,ilac,9,96,AUTSL,AUTSL_OpenHands_pose_v1,signer2,dataset_license,train,AUTSL/train_poses/signer2_sample1197_color.pkl,processed/autsl20/landmark46-v1/train/signer2_sample1197.npz,approved,trainable,true,standard
signer2_sample1230,eczane,1,58,AUTSL,AUTSL_OpenHands_pose_v1,signer2,dataset_license,train,AUTSL/train_poses/signer2_sample1230_color.pkl,processed/autsl20/landmark46-v1/train/signer2_sample1230.npz,approved,trainable,true,standard
signer2_sample1268,seker,14,172,AUTSL,AUTSL_OpenHands_pose_v1,signer2,dataset_license,train,AUTSL/train_poses/signer2_sample1268_color.pkl,processed/autsl20/landmark46-v1/train/signer2_sample1268.npz,approved,trainable,true,standard
signer2_sample1280,nerede,13,138,AUTSL,AUTSL_OpenHands_pose_v1,signer2,dataset_license,train,AUTSL/train_poses/signer2_sample1280_color.pkl,processed/autsl20/landmark46-v1/train/signer2_sample1280.npz,approved,trainable,true,standard
signer2_sample1293,yorgun,19,222,AUTSL,AUTSL_OpenHands_pose_v1,signer2,dataset_license,train,AUTSL/train_poses/signer2_sample1293_color.pkl,processed/autsl20/landmark46-v1/train/signer2_sample1293.npz,approved,trainable,true,standard
signer2_sample1300,yarabandi,17,210,AUTSL,AUTSL_OpenHands_pose_v1,signer2,dataset_license,train,AUTSL/train_poses/signer2_sample1300_color.pkl,processed/autsl20/landmark46-v1/train/signer2_sample1300.npz,approved,trainable,true,standard
signer2_sample1306,seker,14,172,AUTSL,AUTSL_OpenHands_pose_v1,signer2,dataset_license,train,AUTSL/train_poses/signer2_sample1306_color.pkl,processed/autsl20/landmark46-v1/train/signer2_sample1306.npz,approved,trainable,true,standard
signer2_sample1324,eczane,1,58,AUTSL,AUTSL_OpenHands_pose_v1,signer2,dataset_license,train,AUTSL/train_poses/signer2_sample1324_color.pkl,processed/autsl20/landmark46-v1/train/signer2_sample1324.npz,approved,trainable,true,standard
signer2_sample1325,kaza,11,108,AUTSL,AUTSL_OpenHands_pose_v1,signer2,dataset_license,train,AUTSL/train_poses/signer2_sample1325_color.pkl,processed/autsl20/landmark46-v1/train/signer2_sample1325.npz,approved,trainable,true,standard
signer2_sample1328,hayir,6,86,AUTSL,AUTSL_OpenHands_pose_v1,signer2,dataset_license,train,AUTSL/train_poses/signer2_sample1328_color.pkl,processed/autsl20/landmark46-v1/train/signer2_sample1328.npz,approved,trainable,true,standard
signer2_sample1333,kotu,12,122,AUTSL,AUTSL_OpenHands_pose_v1,signer2,dataset_license,train,AUTSL/train_poses/signer2_sample1333_color.pkl,processed/autsl20/landmark46-v1/train/signer2_sample1333.npz,approved,trainable,true,standard
signer2_sample1349,tehlike,15,192,AUTSL,AUTSL_OpenHands_pose_v1,signer2,dataset_license,train,AUTSL/train_poses/signer2_sample1349_color.pkl,processed/autsl20/landmark46-v1/train/signer2_sample1349.npz,approved,trainable,true,red_flag
signer2_sample1351,yarabandi,17,210,AUTSL,AUTSL_OpenHands_pose_v1,signer2,dataset_license,train,AUTSL/train_poses/signer2_sample1351_color.pkl,processed/autsl20/landmark46-v1/train/signer2_sample1351.npz,approved,trainable,true,standard
signer2_sample1352,kaza,11,108,AUTSL,AUTSL_OpenHands_pose_v1,signer2,dataset_license,train,AUTSL/train_poses/signer2_sample1352_color.pkl,processed/autsl20/landmark46-v1/train/signer2_sample1352.npz,approved,trainable,true,standard
signer3_sample2,yarabandi,17,210,AUTSL,AUTSL_OpenHands_pose_v1,signer3,dataset_license,train,AUTSL/train_poses/signer3_sample2_color.pkl,processed/autsl20/landmark46-v1/train/signer3_sample2.npz,approved,trainable,true,standard
signer3_sample7,yarabandi,17,210,AUTSL,AUTSL_OpenHands_pose_v1,signer3,dataset_license,train,AUTSL/train_poses/signer3_sample7_color.pkl,processed/autsl20/landmark46-v1/train/signer3_sample7.npz,approved,trainable,true,standard
signer3_sample21,gostermek,3,77,AUTSL,AUTSL_OpenHands_pose_v1,signer3,dataset_license,train,AUTSL/train_poses/signer3_sample21_color.pkl,processed/autsl20/landmark46-v1/train/signer3_sample21.npz,approved,trainable,true,standard
signer3_sample28,ilac,9,96,AUTSL,AUTSL_OpenHands_pose_v1,signer3,dataset_license,train,AUTSL/train_poses/signer3_sample28_color.pkl,processed/autsl20/landmark46-v1/train/signer3_sample28.npz,approved,trainable,true,standard
signer3_sample29,nerede,13,138,AUTSL,AUTSL_OpenHands_pose_v1,signer3,dataset_license,train,AUTSL/train_poses/signer3_sample29_color.pkl,processed/autsl20/landmark46-v1/train/signer3_sample29.npz,approved,trainable,true,standard
signer3_sample37,hayir,6,86,AUTSL,AUTSL_OpenHands_pose_v1,signer3,dataset_license,train,AUTSL/train_poses/signer3_sample37_color.pkl,processed/autsl20/landmark46-v1/train/signer3_sample37.npz,approved,trainable,true,standard
signer3_sample51,eczane,1,58,AUTSL,AUTSL_OpenHands_pose_v1,signer3,dataset_license,train,AUTSL/train_poses/signer3_sample51_color.pkl,processed/autsl20/landmark46-v1/train/signer3_sample51.npz,approved,trainable,true,standard
signer3_sample71,yorgun,19,222,AUTSL,AUTSL_OpenHands_pose_v1,signer3,dataset_license,train,AUTSL/train_poses/signer3_sample71_color.pkl,processed/autsl20/landmark46-v1/train/signer3_sample71.npz,approved,trainable,true,standard
signer3_sample76,doktor,0,52,AUTSL,AUTSL_OpenHands_pose_v1,signer3,dataset_license,train,AUTSL/train_poses/signer3_sample76_color.pkl,processed/autsl20/landmark46-v1/train/signer3_sample76.npz,approved,trainable,true,standard
signer3_sample79,hastane,5,83,AUTSL,AUTSL_OpenHands_pose_v1,signer3,dataset_license,train,AUTSL/train_poses/signer3_sample79_color.pkl,processed/autsl20/landmark46-v1/train/signer3_sample79.npz,approved,trainable,true,standard
signer3_sample96,icmek,7,94,AUTSL,AUTSL_OpenHands_pose_v1,signer3,dataset_license,train,AUTSL/train_poses/signer3_sample96_color.pkl,processed/autsl20/landmark46-v1/train/signer3_sample96.npz,approved,trainable,true,standard
signer3_sample111,nerede,13,138,AUTSL,AUTSL_OpenHands_pose_v1,signer3,dataset_license,train,AUTSL/train_poses/signer3_sample111_color.pkl,processed/autsl20/landmark46-v1/train/signer3_sample111.npz,approved,trainable,true,standard
signer3_sample150,hastane,5,83,AUTSL,AUTSL_OpenHands_pose_v1,signer3,dataset_license,train,AUTSL/train_poses/signer3_sample150_color.pkl,processed/autsl20/landmark46-v1/train/signer3_sample150.npz,approved,trainable,true,standard
signer3_sample154,yardim,18,211,AUTSL,AUTSL_OpenHands_pose_v1,signer3,dataset_license,train,AUTSL/train_poses/signer3_sample154_color.pkl,processed/autsl20/landmark46-v1/train/signer3_sample154.npz,approved,trainable,true,red_flag
signer3_sample158,yarabandi,17,210,AUTSL,AUTSL_OpenHands_pose_v1,signer3,dataset_license,train,AUTSL/train_poses/signer3_sample158_color.pkl,processed/autsl20/landmark46-v1/train/signer3_sample158.npz,approved,trainable,true,standard
signer3_sample164,seker,14,172,AUTSL,AUTSL_OpenHands_pose_v1,signer3,dataset_license,train,AUTSL/train_poses/signer3_sample164_color.pkl,processed/autsl20/landmark46-v1/train/signer3_sample164.npz,approved,trainable,true,standard
signer3_sample168,iyi,10,100,AUTSL,AUTSL_OpenHands_pose_v1,signer3,dataset_license,train,AUTSL/train_poses/signer3_sample168_color.pkl,processed/autsl20/landmark46-v1/train/signer3_sample168.npz,approved,trainable,true,standard
signer3_sample195,hasta,4,82,AUTSL,AUTSL_OpenHands_pose_v1,signer3,dataset_license,train,AUTSL/train_poses/signer3_sample195_color.pkl,processed/autsl20/landmark46-v1/train/signer3_sample195.npz,approved,trainable,true,standard
signer3_sample204,doktor,0,52,AUTSL,AUTSL_OpenHands_pose_v1,signer3,dataset_license,train,AUTSL/train_poses/signer3_sample204_color.pkl,processed/autsl20/landmark46-v1/train/signer3_sample204.npz,approved,trainable,true,standard
signer3_sample214,igne,8,95,AUTSL,AUTSL_OpenHands_pose_v1,signer3,dataset_license,train,AUTSL/train_poses/signer3_sample214_color.pkl,processed/autsl20/landmark46-v1/train/signer3_sample214.npz,approved,trainable,true,standard
signer3_sample239,evet,2,65,AUTSL,AUTSL_OpenHands_pose_v1,signer3,dataset_license,train,AUTSL/train_poses/signer3_sample239_color.pkl,processed/autsl20/landmark46-v1/train/signer3_sample239.npz,approved,trainable,true,standard
signer3_sample242,hasta,4,82,AUTSL,AUTSL_OpenHands_pose_v1,signer3,dataset_license,train,AUTSL/train_poses/signer3_sample242_color.pkl,processed/autsl20/landmark46-v1/train/signer3_sample242.npz,approved,trainable,true,standard
signer3_sample255,kotu,12,122,AUTSL,AUTSL_OpenHands_pose_v1,signer3,dataset_license,train,AUTSL/train_poses/signer3_sample255_color.pkl,processed/autsl20/landmark46-v1/train/signer3_sample255.npz,approved,trainable,true,standard
signer3_sample260,yardim,18,211,AUTSL,AUTSL_OpenHands_pose_v1,signer3,dataset_license,train,AUTSL/train_poses/signer3_sample260_color.pkl,processed/autsl20/landmark46-v1/train/signer3_sample260.npz,approved,trainable,true,red_flag
signer3_sample282,igne,8,95,AUTSL,AUTSL_OpenHands_pose_v1,signer3,dataset_license,train,AUTSL/train_poses/signer3_sample282_color.pkl,processed/autsl20/landmark46-v1/train/signer3_sample282.npz,approved,trainable,true,standard
signer3_sample308,tuvalet,16,200,AUTSL,AUTSL_OpenHands_pose_v1,signer3,dataset_license,train,AUTSL/train_poses/signer3_sample308_color.pkl,processed/autsl20/landmark46-v1/train/signer3_sample308.npz,approved,trainable,true,standard
signer3_sample312,eczane,1,58,AUTSL,AUTSL_OpenHands_pose_v1,signer3,dataset_license,train,AUTSL/train_poses/signer3_sample312_color.pkl,processed/autsl20/landmark46-v1/train/signer3_sample312.npz,approved,trainable,true,standard
signer3_sample326,icmek,7,94,AUTSL,AUTSL_OpenHands_pose_v1,signer3,dataset_license,train,AUTSL/train_poses/signer3_sample326_color.pkl,processed/autsl20/landmark46-v1/train/signer3_sample326.npz,approved,trainable,true,standard
signer3_sample354,yardim,18,211,AUTSL,AUTSL_OpenHands_pose_v1,signer3,dataset_license,train,AUTSL/train_poses/signer3_sample354_color.pkl,processed/autsl20/landmark46-v1/train/signer3_sample354.npz,approved,trainable,true,red_flag
signer3_sample356,icmek,7,94,AUTSL,AUTSL_OpenHands_pose_v1,signer3,dataset_license,train,AUTSL/train_poses/signer3_sample356_color.pkl,processed/autsl20/landmark46-v1/train/signer3_sample356.npz,approved,trainable,true,standard
signer3_sample370,evet,2,65,AUTSL,AUTSL_OpenHands_pose_v1,signer3,dataset_license,train,AUTSL/train_poses/signer3_sample370_color.pkl,processed/autsl20/landmark46-v1/train/signer3_sample370.npz,approved,trainable,true,standard
signer3_sample390,kotu,12,122,AUTSL,AUTSL_OpenHands_pose_v1,signer3,dataset_license,train,AUTSL/train_poses/signer3_sample390_color.pkl,processed/autsl20/landmark46-v1/train/signer3_sample390.npz,approved,trainable,true,standard
signer3_sample405,tuvalet,16,200,AUTSL,AUTSL_OpenHands_pose_v1,signer3,dataset_license,train,AUTSL/train_poses/signer3_sample405_color.pkl,processed/autsl20/landmark46-v1/train/signer3_sample405.npz,approved,trainable,true,standard
signer3_sample406,ilac,9,96,AUTSL,AUTSL_OpenHands_pose_v1,signer3,dataset_license,train,AUTSL/train_poses/signer3_sample406_color.pkl,processed/autsl20/landmark46-v1/train/signer3_sample406.npz,approved,trainable,true,standard
signer3_sample416,doktor,0,52,AUTSL,AUTSL_OpenHands_pose_v1,signer3,dataset_license,train,AUTSL/train_poses/signer3_sample416_color.pkl,processed/autsl20/landmark46-v1/train/signer3_sample416.npz,approved,trainable,true,standard
signer3_sample424,iyi,10,100,AUTSL,AUTSL_OpenHands_pose_v1,signer3,dataset_license,train,AUTSL/train_poses/signer3_sample424_color.pkl,processed/autsl20/landmark46-v1/train/signer3_sample424.npz,approved,trainable,true,standard
signer3_sample433,yorgun,19,222,AUTSL,AUTSL_OpenHands_pose_v1,signer3,dataset_license,train,AUTSL/train_poses/signer3_sample433_color.pkl,processed/autsl20/landmark46-v1/train/signer3_sample433.npz,approved,trainable,true,standard
signer3_sample435,tehlike,15,192,AUTSL,AUTSL_OpenHands_pose_v1,signer3,dataset_license,train,AUTSL/train_poses/signer3_sample435_color.pkl,processed/autsl20/landmark46-v1/train/signer3_sample435.npz,approved,trainable,true,red_flag
signer3_sample447,hasta,4,82,AUTSL,AUTSL_OpenHands_pose_v1,signer3,dataset_license,train,AUTSL/train_poses/signer3_sample447_color.pkl,processed/autsl20/landmark46-v1/train/signer3_sample447.npz,approved,trainable,true,standard
signer3_sample448,seker,14,172,AUTSL,AUTSL_OpenHands_pose_v1,signer3,dataset_license,train,AUTSL/train_poses/signer3_sample448_color.pkl,processed/autsl20/landmark46-v1/train/signer3_sample448.npz,approved,trainable,true,standard
signer3_sample451,tehlike,15,192,AUTSL,AUTSL_OpenHands_pose_v1,signer3,dataset_license,train,AUTSL/train_poses/signer3_sample451_color.pkl,processed/autsl20/landmark46-v1/train/signer3_sample451.npz,approved,trainable,true,red_flag
signer3_sample454,seker,14,172,AUTSL,AUTSL_OpenHands_pose_v1,signer3,dataset_license,train,AUTSL/train_poses/signer3_sample454_color.pkl,processed/autsl20/landmark46-v1/train/signer3_sample454.npz,approved,trainable,true,standard
signer3_sample461,gostermek,3,77,AUTSL,AUTSL_OpenHands_pose_v1,signer3,dataset_license,train,AUTSL/train_poses/signer3_sample461_color.pkl,processed/autsl20/landmark46-v1/train/signer3_sample461.npz,approved,trainable,true,standard
signer3_sample466,gostermek,3,77,AUTSL,AUTSL_OpenHands_pose_v1,signer3,dataset_license,train,AUTSL/train_poses/signer3_sample466_color.pkl,processed/autsl20/landmark46-v1/train/signer3_sample466.npz,approved,trainable,true,standard
signer3_sample489,hastane,5,83,AUTSL,AUTSL_OpenHands_pose_v1,signer3,dataset_license,train,AUTSL/train_poses/signer3_sample489_color.pkl,processed/autsl20/landmark46-v1/train/signer3_sample489.npz,approved,trainable,true,standard
signer3_sample493,kotu,12,122,AUTSL,AUTSL_OpenHands_pose_v1,signer3,dataset_license,train,AUTSL/train_poses/signer3_sample493_color.pkl,processed/autsl20/landmark46-v1/train/signer3_sample493.npz,approved,trainable,true,standard
signer3_sample502,ilac,9,96,AUTSL,AUTSL_OpenHands_pose_v1,signer3,dataset_license,train,AUTSL/train_poses/signer3_sample502_color.pkl,processed/autsl20/landmark46-v1/train/signer3_sample502.npz,approved,trainable,true,standard
signer3_sample508,eczane,1,58,AUTSL,AUTSL_OpenHands_pose_v1,signer3,dataset_license,train,AUTSL/train_poses/signer3_sample508_color.pkl,processed/autsl20/landmark46-v1/train/signer3_sample508.npz,approved,trainable,true,standard
signer3_sample514,iyi,10,100,AUTSL,AUTSL_OpenHands_pose_v1,signer3,dataset_license,train,AUTSL/train_poses/signer3_sample514_color.pkl,processed/autsl20/landmark46-v1/train/signer3_sample514.npz,approved,trainable,true,standard
signer3_sample539,igne,8,95,AUTSL,AUTSL_OpenHands_pose_v1,signer3,dataset_license,train,AUTSL/train_poses/signer3_sample539_color.pkl,processed/autsl20/landmark46-v1/train/signer3_sample539.npz,approved,trainable,true,standard
signer3_sample542,evet,2,65,AUTSL,AUTSL_OpenHands_pose_v1,signer3,dataset_license,train,AUTSL/train_poses/signer3_sample542_color.pkl,processed/autsl20/landmark46-v1/train/signer3_sample542.npz,approved,trainable,true,standard
signer3_sample553,nerede,13,138,AUTSL,AUTSL_OpenHands_pose_v1,signer3,dataset_license,train,AUTSL/train_poses/signer3_sample553_color.pkl,processed/autsl20/landmark46-v1/train/signer3_sample553.npz,approved,trainable,true,standard
signer3_sample559,hayir,6,86,AUTSL,AUTSL_OpenHands_pose_v1,signer3,dataset_license,train,AUTSL/train_poses/signer3_sample559_color.pkl,processed/autsl20/landmark46-v1/train/signer3_sample559.npz,approved,trainable,true,standard
signer3_sample568,hayir,6,86,AUTSL,AUTSL_OpenHands_pose_v1,signer3,dataset_license,train,AUTSL/train_poses/signer3_sample568_color.pkl,processed/autsl20/landmark46-v1/train/signer3_sample568.npz,approved,trainable,true,standard
signer3_sample571,kaza,11,108,AUTSL,AUTSL_OpenHands_pose_v1,signer3,dataset_license,train,AUTSL/train_poses/signer3_sample571_color.pkl,processed/autsl20/landmark46-v1/train/signer3_sample571.npz,approved,trainable,true,standard
signer3_sample597,tuvalet,16,200,AUTSL,AUTSL_OpenHands_pose_v1,signer3,dataset_license,train,AUTSL/train_poses/signer3_sample597_color.pkl,processed/autsl20/landmark46-v1/train/signer3_sample597.npz,approved,trainable,true,standard
signer3_sample619,yorgun,19,222,AUTSL,AUTSL_OpenHands_pose_v1,signer3,dataset_license,train,AUTSL/train_poses/signer3_sample619_color.pkl,processed/autsl20/landmark46-v1/train/signer3_sample619.npz,approved,trainable,true,standard
signer3_sample631,kaza,11,108,AUTSL,AUTSL_OpenHands_pose_v1,signer3,dataset_license,train,AUTSL/train_poses/signer3_sample631_color.pkl,processed/autsl20/landmark46-v1/train/signer3_sample631.npz,approved,trainable,true,standard
signer3_sample648,kaza,11,108,AUTSL,AUTSL_OpenHands_pose_v1,signer3,dataset_license,train,AUTSL/train_poses/signer3_sample648_color.pkl,processed/autsl20/landmark46-v1/train/signer3_sample648.npz,approved,trainable,true,standard
signer3_sample664,tehlike,15,192,AUTSL,AUTSL_OpenHands_pose_v1,signer3,dataset_license,train,AUTSL/train_poses/signer3_sample664_color.pkl,processed/autsl20/landmark46-v1/train/signer3_sample664.npz,approved,trainable,true,red_flag
signer4_sample3,yarabandi,17,210,AUTSL,AUTSL_OpenHands_pose_v1,signer4,dataset_license,train,AUTSL/train_poses/signer4_sample3_color.pkl,processed/autsl20/landmark46-v1/train/signer4_sample3.npz,approved,trainable,true,standard
signer4_sample7,ilac,9,96,AUTSL,AUTSL_OpenHands_pose_v1,signer4,dataset_license,train,AUTSL/train_poses/signer4_sample7_color.pkl,processed/autsl20/landmark46-v1/train/signer4_sample7.npz,approved,trainable,true,standard
signer4_sample18,seker,14,172,AUTSL,AUTSL_OpenHands_pose_v1,signer4,dataset_license,train,AUTSL/train_poses/signer4_sample18_color.pkl,processed/autsl20/landmark46-v1/train/signer4_sample18.npz,approved,trainable,true,standard
signer4_sample24,kaza,11,108,AUTSL,AUTSL_OpenHands_pose_v1,signer4,dataset_license,train,AUTSL/train_poses/signer4_sample24_color.pkl,processed/autsl20/landmark46-v1/train/signer4_sample24.npz,approved,trainable,true,standard
signer4_sample29,kotu,12,122,AUTSL,AUTSL_OpenHands_pose_v1,signer4,dataset_license,train,AUTSL/train_poses/signer4_sample29_color.pkl,processed/autsl20/landmark46-v1/train/signer4_sample29.npz,approved,trainable,true,standard
signer4_sample37,nerede,13,138,AUTSL,AUTSL_OpenHands_pose_v1,signer4,dataset_license,train,AUTSL/train_poses/signer4_sample37_color.pkl,processed/autsl20/landmark46-v1/train/signer4_sample37.npz,approved,trainable,true,standard
signer4_sample48,kaza,11,108,AUTSL,AUTSL_OpenHands_pose_v1,signer4,dataset_license,train,AUTSL/train_poses/signer4_sample48_color.pkl,processed/autsl20/landmark46-v1/train/signer4_sample48.npz,approved,trainable,true,standard
signer4_sample50,igne,8,95,AUTSL,AUTSL_OpenHands_pose_v1,signer4,dataset_license,train,AUTSL/train_poses/signer4_sample50_color.pkl,processed/autsl20/landmark46-v1/train/signer4_sample50.npz,approved,trainable,true,standard
signer4_sample61,yorgun,19,222,AUTSL,AUTSL_OpenHands_pose_v1,signer4,dataset_license,train,AUTSL/train_poses/signer4_sample61_color.pkl,processed/autsl20/landmark46-v1/train/signer4_sample61.npz,approved,trainable,true,standard
signer4_sample66,yorgun,19,222,AUTSL,AUTSL_OpenHands_pose_v1,signer4,dataset_license,train,AUTSL/train_poses/signer4_sample66_color.pkl,processed/autsl20/landmark46-v1/train/signer4_sample66.npz,approved,trainable,true,standard
signer4_sample81,tuvalet,16,200,AUTSL,AUTSL_OpenHands_pose_v1,signer4,dataset_license,train,AUTSL/train_poses/signer4_sample81_color.pkl,processed/autsl20/landmark46-v1/train/signer4_sample81.npz,approved,trainable,true,standard
signer4_sample88,eczane,1,58,AUTSL,AUTSL_OpenHands_pose_v1,signer4,dataset_license,train,AUTSL/train_poses/signer4_sample88_color.pkl,processed/autsl20/landmark46-v1/train/signer4_sample88.npz,approved,trainable,true,standard
signer4_sample90,hayir,6,86,AUTSL,AUTSL_OpenHands_pose_v1,signer4,dataset_license,train,AUTSL/train_poses/signer4_sample90_color.pkl,processed/autsl20/landmark46-v1/train/signer4_sample90.npz,approved,trainable,true,standard
signer4_sample93,iyi,10,100,AUTSL,AUTSL_OpenHands_pose_v1,signer4,dataset_license,train,AUTSL/train_poses/signer4_sample93_color.pkl,processed/autsl20/landmark46-v1/train/signer4_sample93.npz,approved,trainable,true,standard
signer4_sample97,hayir,6,86,AUTSL,AUTSL_OpenHands_pose_v1,signer4,dataset_license,train,AUTSL/train_poses/signer4_sample97_color.pkl,processed/autsl20/landmark46-v1/train/signer4_sample97.npz,approved,trainable,true,standard
signer4_sample104,nerede,13,138,AUTSL,AUTSL_OpenHands_pose_v1,signer4,dataset_license,train,AUTSL/train_poses/signer4_sample104_color.pkl,processed/autsl20/landmark46-v1/train/signer4_sample104.npz,approved,trainable,true,standard
signer4_sample120,hastane,5,83,AUTSL,AUTSL_OpenHands_pose_v1,signer4,dataset_license,train,AUTSL/train_poses/signer4_sample120_color.pkl,processed/autsl20/landmark46-v1/train/signer4_sample120.npz,approved,trainable,true,standard
signer4_sample151,doktor,0,52,AUTSL,AUTSL_OpenHands_pose_v1,signer4,dataset_license,train,AUTSL/train_poses/signer4_sample151_color.pkl,processed/autsl20/landmark46-v1/train/signer4_sample151.npz,approved,trainable,true,standard
signer4_sample158,yardim,18,211,AUTSL,AUTSL_OpenHands_pose_v1,signer4,dataset_license,train,AUTSL/train_poses/signer4_sample158_color.pkl,processed/autsl20/landmark46-v1/train/signer4_sample158.npz,approved,trainable,true,red_flag
signer4_sample160,hastane,5,83,AUTSL,AUTSL_OpenHands_pose_v1,signer4,dataset_license,train,AUTSL/train_poses/signer4_sample160_color.pkl,processed/autsl20/landmark46-v1/train/signer4_sample160.npz,approved,trainable,true,standard
signer4_sample181,icmek,7,94,AUTSL,AUTSL_OpenHands_pose_v1,signer4,dataset_license,train,AUTSL/train_poses/signer4_sample181_color.pkl,processed/autsl20/landmark46-v1/train/signer4_sample181.npz,approved,trainable,true,standard
signer4_sample183,hayir,6,86,AUTSL,AUTSL_OpenHands_pose_v1,signer4,dataset_license,train,AUTSL/train_poses/signer4_sample183_color.pkl,processed/autsl20/landmark46-v1/train/signer4_sample183.npz,approved,trainable,true,standard
signer4_sample199,gostermek,3,77,AUTSL,AUTSL_OpenHands_pose_v1,signer4,dataset_license,train,AUTSL/train_poses/signer4_sample199_color.pkl,processed/autsl20/landmark46-v1/train/signer4_sample199.npz,approved,trainable,true,standard
signer4_sample207,gostermek,3,77,AUTSL,AUTSL_OpenHands_pose_v1,signer4,dataset_license,train,AUTSL/train_poses/signer4_sample207_color.pkl,processed/autsl20/landmark46-v1/train/signer4_sample207.npz,approved,trainable,true,standard
signer4_sample219,kotu,12,122,AUTSL,AUTSL_OpenHands_pose_v1,signer4,dataset_license,train,AUTSL/train_poses/signer4_sample219_color.pkl,processed/autsl20/landmark46-v1/train/signer4_sample219.npz,approved,trainable,true,standard
signer4_sample222,yarabandi,17,210,AUTSL,AUTSL_OpenHands_pose_v1,signer4,dataset_license,train,AUTSL/train_poses/signer4_sample222_color.pkl,processed/autsl20/landmark46-v1/train/signer4_sample222.npz,approved,trainable,true,standard
signer4_sample226,seker,14,172,AUTSL,AUTSL_OpenHands_pose_v1,signer4,dataset_license,train,AUTSL/train_poses/signer4_sample226_color.pkl,processed/autsl20/landmark46-v1/train/signer4_sample226.npz,approved,trainable,true,standard
signer4_sample251,hastane,5,83,AUTSL,AUTSL_OpenHands_pose_v1,signer4,dataset_license,train,AUTSL/train_poses/signer4_sample251_color.pkl,processed/autsl20/landmark46-v1/train/signer4_sample251.npz,approved,trainable,true,standard
signer4_sample256,icmek,7,94,AUTSL,AUTSL_OpenHands_pose_v1,signer4,dataset_license,train,AUTSL/train_poses/signer4_sample256_color.pkl,processed/autsl20/landmark46-v1/train/signer4_sample256.npz,approved,trainable,true,standard
signer4_sample275,gostermek,3,77,AUTSL,AUTSL_OpenHands_pose_v1,signer4,dataset_license,train,AUTSL/train_poses/signer4_sample275_color.pkl,processed/autsl20/landmark46-v1/train/signer4_sample275.npz,approved,trainable,true,standard
signer4_sample292,igne,8,95,AUTSL,AUTSL_OpenHands_pose_v1,signer4,dataset_license,train,AUTSL/train_poses/signer4_sample292_color.pkl,processed/autsl20/landmark46-v1/train/signer4_sample292.npz,approved,trainable,true,standard
signer4_sample300,hasta,4,82,AUTSL,AUTSL_OpenHands_pose_v1,signer4,dataset_license,train,AUTSL/train_poses/signer4_sample300_color.pkl,processed/autsl20/landmark46-v1/train/signer4_sample300.npz,approved,trainable,true,standard
signer4_sample301,doktor,0,52,AUTSL,AUTSL_OpenHands_pose_v1,signer4,dataset_license,train,AUTSL/train_poses/signer4_sample301_color.pkl,processed/autsl20/landmark46-v1/train/signer4_sample301.npz,approved,trainable,true,standard
signer4_sample309,ilac,9,96,AUTSL,AUTSL_OpenHands_pose_v1,signer4,dataset_license,train,AUTSL/train_poses/signer4_sample309_color.pkl,processed/autsl20/landmark46-v1/train/signer4_sample309.npz,approved,trainable,true,standard
signer4_sample312,hasta,4,82,AUTSL,AUTSL_OpenHands_pose_v1,signer4,dataset_license,train,AUTSL/train_poses/signer4_sample312_color.pkl,processed/autsl20/landmark46-v1/train/signer4_sample312.npz,approved,trainable,true,standard
signer4_sample318,tehlike,15,192,AUTSL,AUTSL_OpenHands_pose_v1,signer4,dataset_license,train,AUTSL/train_poses/signer4_sample318_color.pkl,processed/autsl20/landmark46-v1/train/signer4_sample318.npz,approved,trainable,true,red_flag
signer4_sample375,tehlike,15,192,AUTSL,AUTSL_OpenHands_pose_v1,signer4,dataset_license,train,AUTSL/train_poses/signer4_sample375_color.pkl,processed/autsl20/landmark46-v1/train/signer4_sample375.npz,approved,trainable,true,red_flag
signer4_sample388,eczane,1,58,AUTSL,AUTSL_OpenHands_pose_v1,signer4,dataset_license,train,AUTSL/train_poses/signer4_sample388_color.pkl,processed/autsl20/landmark46-v1/train/signer4_sample388.npz,approved,trainable,true,standard
signer4_sample390,yardim,18,211,AUTSL,AUTSL_OpenHands_pose_v1,signer4,dataset_license,train,AUTSL/train_poses/signer4_sample390_color.pkl,processed/autsl20/landmark46-v1/train/signer4_sample390.npz,approved,trainable,true,red_flag
signer4_sample413,ilac,9,96,AUTSL,AUTSL_OpenHands_pose_v1,signer4,dataset_license,train,AUTSL/train_poses/signer4_sample413_color.pkl,processed/autsl20/landmark46-v1/train/signer4_sample413.npz,approved,trainable,true,standard
signer4_sample415,iyi,10,100,AUTSL,AUTSL_OpenHands_pose_v1,signer4,dataset_license,train,AUTSL/train_poses/signer4_sample415_color.pkl,processed/autsl20/landmark46-v1/train/signer4_sample415.npz,approved,trainable,true,standard
signer4_sample435,tehlike,15,192,AUTSL,AUTSL_OpenHands_pose_v1,signer4,dataset_license,train,AUTSL/train_poses/signer4_sample435_color.pkl,processed/autsl20/landmark46-v1/train/signer4_sample435.npz,approved,trainable,true,red_flag
signer4_sample449,tuvalet,16,200,AUTSL,AUTSL_OpenHands_pose_v1,signer4,dataset_license,train,AUTSL/train_poses/signer4_sample449_color.pkl,processed/autsl20/landmark46-v1/train/signer4_sample449.npz,approved,trainable,true,standard
signer4_sample480,evet,2,65,AUTSL,AUTSL_OpenHands_pose_v1,signer4,dataset_license,train,AUTSL/train_poses/signer4_sample480_color.pkl,processed/autsl20/landmark46-v1/train/signer4_sample480.npz,approved,trainable,true,standard
signer4_sample481,doktor,0,52,AUTSL,AUTSL_OpenHands_pose_v1,signer4,dataset_license,train,AUTSL/train_poses/signer4_sample481_color.pkl,processed/autsl20/landmark46-v1/train/signer4_sample481.npz,approved,trainable,true,standard
signer4_sample486,kaza,11,108,AUTSL,AUTSL_OpenHands_pose_v1,signer4,dataset_license,train,AUTSL/train_poses/signer4_sample486_color.pkl,processed/autsl20/landmark46-v1/train/signer4_sample486.npz,approved,trainable,true,standard
signer4_sample494,iyi,10,100,AUTSL,AUTSL_OpenHands_pose_v1,signer4,dataset_license,train,AUTSL/train_poses/signer4_sample494_color.pkl,processed/autsl20/landmark46-v1/train/signer4_sample494.npz,approved,trainable,true,standard
signer4_sample496,seker,14,172,AUTSL,AUTSL_OpenHands_pose_v1,signer4,dataset_license,train,AUTSL/train_poses/signer4_sample496_color.pkl,processed/autsl20/landmark46-v1/train/signer4_sample496.npz,approved,trainable,true,standard
signer4_sample503,evet,2,65,AUTSL,AUTSL_OpenHands_pose_v1,signer4,dataset_license,train,AUTSL/train_poses/signer4_sample503_color.pkl,processed/autsl20/landmark46-v1/train/signer4_sample503.npz,approved,trainable,true,standard
signer4_sample518,evet,2,65,AUTSL,AUTSL_OpenHands_pose_v1,signer4,dataset_license,train,AUTSL/train_poses/signer4_sample518_color.pkl,processed/autsl20/landmark46-v1/train/signer4_sample518.npz,approved,trainable,true,standard
signer4_sample530,hasta,4,82,AUTSL,AUTSL_OpenHands_pose_v1,signer4,dataset_license,train,AUTSL/train_poses/signer4_sample530_color.pkl,processed/autsl20/landmark46-v1/train/signer4_sample530.npz,approved,trainable,true,standard
signer4_sample533,eczane,1,58,AUTSL,AUTSL_OpenHands_pose_v1,signer4,dataset_license,train,AUTSL/train_poses/signer4_sample533_color.pkl,processed/autsl20/landmark46-v1/train/signer4_sample533.npz,approved,trainable,true,standard
signer4_sample559,nerede,13,138,AUTSL,AUTSL_OpenHands_pose_v1,signer4,dataset_license,train,AUTSL/train_poses/signer4_sample559_color.pkl,processed/autsl20/landmark46-v1/train/signer4_sample559.npz,approved,trainable,true,standard
signer4_sample561,yorgun,19,222,AUTSL,AUTSL_OpenHands_pose_v1,signer4,dataset_license,train,AUTSL/train_poses/signer4_sample561_color.pkl,processed/autsl20/landmark46-v1/train/signer4_sample561.npz,approved,trainable,true,standard
signer4_sample594,kotu,12,122,AUTSL,AUTSL_OpenHands_pose_v1,signer4,dataset_license,train,AUTSL/train_poses/signer4_sample594_color.pkl,processed/autsl20/landmark46-v1/train/signer4_sample594.npz,approved,trainable,true,standard
signer4_sample597,yardim,18,211,AUTSL,AUTSL_OpenHands_pose_v1,signer4,dataset_license,train,AUTSL/train_poses/signer4_sample597_color.pkl,processed/autsl20/landmark46-v1/train/signer4_sample597.npz,approved,trainable,true,red_flag
signer4_sample609,yarabandi,17,210,AUTSL,AUTSL_OpenHands_pose_v1,signer4,dataset_license,train,AUTSL/train_poses/signer4_sample609_color.pkl,processed/autsl20/landmark46-v1/train/signer4_sample609.npz,approved,trainable,true,standard
signer4_sample624,tuvalet,16,200,AUTSL,AUTSL_OpenHands_pose_v1,signer4,dataset_license,train,AUTSL/train_poses/signer4_sample624_color.pkl,processed/autsl20/landmark46-v1/train/signer4_sample624.npz,approved,trainable,true,standard
signer4_sample625,igne,8,95,AUTSL,AUTSL_OpenHands_pose_v1,signer4,dataset_license,train,AUTSL/train_poses/signer4_sample625_color.pkl,processed/autsl20/landmark46-v1/train/signer4_sample625.npz,approved,trainable,true,standard
signer4_sample663,icmek,7,94,AUTSL,AUTSL_OpenHands_pose_v1,signer4,dataset_license,train,AUTSL/train_poses/signer4_sample663_color.pkl,processed/autsl20/landmark46-v1/train/signer4_sample663.npz,approved,trainable,true,standard
signer5_sample32,evet,2,65,AUTSL,AUTSL_OpenHands_pose_v1,signer5,dataset_license,train,AUTSL/train_poses/signer5_sample32_color.pkl,processed/autsl20/landmark46-v1/train/signer5_sample32.npz,approved,trainable,true,standard
signer5_sample42,yardim,18,211,AUTSL,AUTSL_OpenHands_pose_v1,signer5,dataset_license,train,AUTSL/train_poses/signer5_sample42_color.pkl,processed/autsl20/landmark46-v1/train/signer5_sample42.npz,approved,trainable,true,red_flag
signer5_sample50,icmek,7,94,AUTSL,AUTSL_OpenHands_pose_v1,signer5,dataset_license,train,AUTSL/train_poses/signer5_sample50_color.pkl,processed/autsl20/landmark46-v1/train/signer5_sample50.npz,approved,trainable,true,standard
signer5_sample70,hastane,5,83,AUTSL,AUTSL_OpenHands_pose_v1,signer5,dataset_license,train,AUTSL/train_poses/signer5_sample70_color.pkl,processed/autsl20/landmark46-v1/train/signer5_sample70.npz,approved,trainable,true,standard
signer5_sample71,yorgun,19,222,AUTSL,AUTSL_OpenHands_pose_v1,signer5,dataset_license,train,AUTSL/train_poses/signer5_sample71_color.pkl,processed/autsl20/landmark46-v1/train/signer5_sample71.npz,approved,trainable,true,standard
signer5_sample72,yorgun,19,222,AUTSL,AUTSL_OpenHands_pose_v1,signer5,dataset_license,train,AUTSL/train_poses/signer5_sample72_color.pkl,processed/autsl20/landmark46-v1/train/signer5_sample72.npz,approved,trainable,true,standard
signer5_sample94,nerede,13,138,AUTSL,AUTSL_OpenHands_pose_v1,signer5,dataset_license,train,AUTSL/train_poses/signer5_sample94_color.pkl,processed/autsl20/landmark46-v1/train/signer5_sample94.npz,approved,trainable,true,standard
signer5_sample139,igne,8,95,AUTSL,AUTSL_OpenHands_pose_v1,signer5,dataset_license,train,AUTSL/train_poses/signer5_sample139_color.pkl,processed/autsl20/landmark46-v1/train/signer5_sample139.npz,approved,trainable,true,standard
signer5_sample140,hayir,6,86,AUTSL,AUTSL_OpenHands_pose_v1,signer5,dataset_license,train,AUTSL/train_poses/signer5_sample140_color.pkl,processed/autsl20/landmark46-v1/train/signer5_sample140.npz,approved,trainable,true,standard
signer5_sample154,doktor,0,52,AUTSL,AUTSL_OpenHands_pose_v1,signer5,dataset_license,train,AUTSL/train_poses/signer5_sample154_color.pkl,processed/autsl20/landmark46-v1/train/signer5_sample154.npz,approved,trainable,true,standard
signer5_sample158,doktor,0,52,AUTSL,AUTSL_OpenHands_pose_v1,signer5,dataset_license,train,AUTSL/train_poses/signer5_sample158_color.pkl,processed/autsl20/landmark46-v1/train/signer5_sample158.npz,approved,trainable,true,standard
signer5_sample161,tehlike,15,192,AUTSL,AUTSL_OpenHands_pose_v1,signer5,dataset_license,train,AUTSL/train_poses/signer5_sample161_color.pkl,processed/autsl20/landmark46-v1/train/signer5_sample161.npz,approved,trainable,true,red_flag
signer5_sample175,nerede,13,138,AUTSL,AUTSL_OpenHands_pose_v1,signer5,dataset_license,train,AUTSL/train_poses/signer5_sample175_color.pkl,processed/autsl20/landmark46-v1/train/signer5_sample175.npz,approved,trainable,true,standard
signer5_sample176,iyi,10,100,AUTSL,AUTSL_OpenHands_pose_v1,signer5,dataset_license,train,AUTSL/train_poses/signer5_sample176_color.pkl,processed/autsl20/landmark46-v1/train/signer5_sample176.npz,approved,trainable,true,standard
signer5_sample177,iyi,10,100,AUTSL,AUTSL_OpenHands_pose_v1,signer5,dataset_license,train,AUTSL/train_poses/signer5_sample177_color.pkl,processed/autsl20/landmark46-v1/train/signer5_sample177.npz,approved,trainable,true,standard
signer5_sample197,doktor,0,52,AUTSL,AUTSL_OpenHands_pose_v1,signer5,dataset_license,train,AUTSL/train_poses/signer5_sample197_color.pkl,processed/autsl20/landmark46-v1/train/signer5_sample197.npz,approved,trainable,true,standard
signer5_sample214,iyi,10,100,AUTSL,AUTSL_OpenHands_pose_v1,signer5,dataset_license,train,AUTSL/train_poses/signer5_sample214_color.pkl,processed/autsl20/landmark46-v1/train/signer5_sample214.npz,approved,trainable,true,standard
signer5_sample216,hasta,4,82,AUTSL,AUTSL_OpenHands_pose_v1,signer5,dataset_license,train,AUTSL/train_poses/signer5_sample216_color.pkl,processed/autsl20/landmark46-v1/train/signer5_sample216.npz,approved,trainable,true,standard
signer5_sample257,hayir,6,86,AUTSL,AUTSL_OpenHands_pose_v1,signer5,dataset_license,train,AUTSL/train_poses/signer5_sample257_color.pkl,processed/autsl20/landmark46-v1/train/signer5_sample257.npz,approved,trainable,true,standard
signer5_sample264,seker,14,172,AUTSL,AUTSL_OpenHands_pose_v1,signer5,dataset_license,train,AUTSL/train_poses/signer5_sample264_color.pkl,processed/autsl20/landmark46-v1/train/signer5_sample264.npz,approved,trainable,true,standard
signer5_sample271,yarabandi,17,210,AUTSL,AUTSL_OpenHands_pose_v1,signer5,dataset_license,train,AUTSL/train_poses/signer5_sample271_color.pkl,processed/autsl20/landmark46-v1/train/signer5_sample271.npz,approved,trainable,true,standard
signer5_sample312,yardim,18,211,AUTSL,AUTSL_OpenHands_pose_v1,signer5,dataset_license,train,AUTSL/train_poses/signer5_sample312_color.pkl,processed/autsl20/landmark46-v1/train/signer5_sample312.npz,approved,trainable,true,red_flag
signer5_sample317,yarabandi,17,210,AUTSL,AUTSL_OpenHands_pose_v1,signer5,dataset_license,train,AUTSL/train_poses/signer5_sample317_color.pkl,processed/autsl20/landmark46-v1/train/signer5_sample317.npz,approved,trainable,true,standard
signer5_sample346,yorgun,19,222,AUTSL,AUTSL_OpenHands_pose_v1,signer5,dataset_license,train,AUTSL/train_poses/signer5_sample346_color.pkl,processed/autsl20/landmark46-v1/train/signer5_sample346.npz,approved,trainable,true,standard
signer5_sample357,icmek,7,94,AUTSL,AUTSL_OpenHands_pose_v1,signer5,dataset_license,train,AUTSL/train_poses/signer5_sample357_color.pkl,processed/autsl20/landmark46-v1/train/signer5_sample357.npz,approved,trainable,true,standard
signer5_sample366,tuvalet,16,200,AUTSL,AUTSL_OpenHands_pose_v1,signer5,dataset_license,train,AUTSL/train_poses/signer5_sample366_color.pkl,processed/autsl20/landmark46-v1/train/signer5_sample366.npz,approved,trainable,true,standard
signer5_sample372,tuvalet,16,200,AUTSL,AUTSL_OpenHands_pose_v1,signer5,dataset_license,train,AUTSL/train_poses/signer5_sample372_color.pkl,processed/autsl20/landmark46-v1/train/signer5_sample372.npz,approved,trainable,true,standard
signer5_sample378,tuvalet,16,200,AUTSL,AUTSL_OpenHands_pose_v1,signer5,dataset_license,train,AUTSL/train_poses/signer5_sample378_color.pkl,processed/autsl20/landmark46-v1/train/signer5_sample378.npz,approved,trainable,true,standard
signer5_sample381,seker,14,172,AUTSL,AUTSL_OpenHands_pose_v1,signer5,dataset_license,train,AUTSL/train_poses/signer5_sample381_color.pkl,processed/autsl20/landmark46-v1/train/signer5_sample381.npz,approved,trainable,true,standard
signer5_sample419,nerede,13,138,AUTSL,AUTSL_OpenHands_pose_v1,signer5,dataset_license,train,AUTSL/train_poses/signer5_sample419_color.pkl,processed/autsl20/landmark46-v1/train/signer5_sample419.npz,approved,trainable,true,standard
signer5_sample428,gostermek,3,77,AUTSL,AUTSL_OpenHands_pose_v1,signer5,dataset_license,train,AUTSL/train_poses/signer5_sample428_color.pkl,processed/autsl20/landmark46-v1/train/signer5_sample428.npz,approved,trainable,true,standard
signer5_sample431,gostermek,3,77,AUTSL,AUTSL_OpenHands_pose_v1,signer5,dataset_license,train,AUTSL/train_poses/signer5_sample431_color.pkl,processed/autsl20/landmark46-v1/train/signer5_sample431.npz,approved,trainable,true,standard
signer5_sample434,seker,14,172,AUTSL,AUTSL_OpenHands_pose_v1,signer5,dataset_license,train,AUTSL/train_poses/signer5_sample434_color.pkl,processed/autsl20/landmark46-v1/train/signer5_sample434.npz,approved,trainable,true,standard
signer5_sample453,yardim,18,211,AUTSL,AUTSL_OpenHands_pose_v1,signer5,dataset_license,train,AUTSL/train_poses/signer5_sample453_color.pkl,processed/autsl20/landmark46-v1/train/signer5_sample453.npz,approved,trainable,true,red_flag
signer5_sample455,eczane,1,58,AUTSL,AUTSL_OpenHands_pose_v1,signer5,dataset_license,train,AUTSL/train_poses/signer5_sample455_color.pkl,processed/autsl20/landmark46-v1/train/signer5_sample455.npz,approved,trainable,true,standard
signer5_sample462,yarabandi,17,210,AUTSL,AUTSL_OpenHands_pose_v1,signer5,dataset_license,train,AUTSL/train_poses/signer5_sample462_color.pkl,processed/autsl20/landmark46-v1/train/signer5_sample462.npz,approved,trainable,true,standard
signer5_sample470,hasta,4,82,AUTSL,AUTSL_OpenHands_pose_v1,signer5,dataset_license,train,AUTSL/train_poses/signer5_sample470_color.pkl,processed/autsl20/landmark46-v1/train/signer5_sample470.npz,approved,trainable,true,standard
signer5_sample479,hasta,4,82,AUTSL,AUTSL_OpenHands_pose_v1,signer5,dataset_license,train,AUTSL/train_poses/signer5_sample479_color.pkl,processed/autsl20/landmark46-v1/train/signer5_sample479.npz,approved,trainable,true,standard
signer5_sample485,kotu,12,122,AUTSL,AUTSL_OpenHands_pose_v1,signer5,dataset_license,train,AUTSL/train_poses/signer5_sample485_color.pkl,processed/autsl20/landmark46-v1/train/signer5_sample485.npz,approved,trainable,true,standard
signer5_sample494,gostermek,3,77,AUTSL,AUTSL_OpenHands_pose_v1,signer5,dataset_license,train,AUTSL/train_poses/signer5_sample494_color.pkl,processed/autsl20/landmark46-v1/train/signer5_sample494.npz,approved,trainable,true,standard
signer5_sample511,ilac,9,96,AUTSL,AUTSL_OpenHands_pose_v1,signer5,dataset_license,train,AUTSL/train_poses/signer5_sample511_color.pkl,processed/autsl20/landmark46-v1/train/signer5_sample511.npz,approved,trainable,true,standard
signer5_sample527,hastane,5,83,AUTSL,AUTSL_OpenHands_pose_v1,signer5,dataset_license,train,AUTSL/train_poses/signer5_sample527_color.pkl,processed/autsl20/landmark46-v1/train/signer5_sample527.npz,approved,trainable,true,standard
signer5_sample529,icmek,7,94,AUTSL,AUTSL_OpenHands_pose_v1,signer5,dataset_license,train,AUTSL/train_poses/signer5_sample529_color.pkl,processed/autsl20/landmark46-v1/train/signer5_sample529.npz,approved,trainable,true,standard
signer5_sample530,ilac,9,96,AUTSL,AUTSL_OpenHands_pose_v1,signer5,dataset_license,train,AUTSL/train_poses/signer5_sample530_color.pkl,processed/autsl20/landmark46-v1/train/signer5_sample530.npz,approved,trainable,true,standard
signer5_sample541,igne,8,95,AUTSL,AUTSL_OpenHands_pose_v1,signer5,dataset_license,train,AUTSL/train_poses/signer5_sample541_color.pkl,processed/autsl20/landmark46-v1/train/signer5_sample541.npz,approved,trainable,true,standard
signer5_sample543,ilac,9,96,AUTSL,AUTSL_OpenHands_pose_v1,signer5,dataset_license,train,AUTSL/train_poses/signer5_sample543_color.pkl,processed/autsl20/landmark46-v1/train/signer5_sample543.npz,approved,trainable,true,standard
signer5_sample549,tehlike,15,192,AUTSL,AUTSL_OpenHands_pose_v1,signer5,dataset_license,train,AUTSL/train_poses/signer5_sample549_color.pkl,processed/autsl20/landmark46-v1/train/signer5_sample549.npz,approved,trainable,true,red_flag
signer5_sample552,hayir,6,86,AUTSL,AUTSL_OpenHands_pose_v1,signer5,dataset_license,train,AUTSL/train_poses/signer5_sample552_color.pkl,processed/autsl20/landmark46-v1/train/signer5_sample552.npz,approved,trainable,true,standard
signer5_sample563,igne,8,95,AUTSL,AUTSL_OpenHands_pose_v1,signer5,dataset_license,train,AUTSL/train_poses/signer5_sample563_color.pkl,processed/autsl20/landmark46-v1/train/signer5_sample563.npz,approved,trainable,true,standard
signer5_sample567,evet,2,65,AUTSL,AUTSL_OpenHands_pose_v1,signer5,dataset_license,train,AUTSL/train_poses/signer5_sample567_color.pkl,processed/autsl20/landmark46-v1/train/signer5_sample567.npz,approved,trainable,true,standard
signer5_sample574,eczane,1,58,AUTSL,AUTSL_OpenHands_pose_v1,signer5,dataset_license,train,AUTSL/train_poses/signer5_sample574_color.pkl,processed/autsl20/landmark46-v1/train/signer5_sample574.npz,approved,trainable,true,standard
signer5_sample579,evet,2,65,AUTSL,AUTSL_OpenHands_pose_v1,signer5,dataset_license,train,AUTSL/train_poses/signer5_sample579_color.pkl,processed/autsl20/landmark46-v1/train/signer5_sample579.npz,approved,trainable,true,standard
signer5_sample580,tehlike,15,192,AUTSL,AUTSL_OpenHands_pose_v1,signer5,dataset_license,train,AUTSL/train_poses/signer5_sample580_color.pkl,processed/autsl20/landmark46-v1/train/signer5_sample580.npz,approved,trainable,true,red_flag
signer5_sample592,kotu,12,122,AUTSL,AUTSL_OpenHands_pose_v1,signer5,dataset_license,train,AUTSL/train_poses/signer5_sample592_color.pkl,processed/autsl20/landmark46-v1/train/signer5_sample592.npz,approved,trainable,true,standard
signer5_sample593,kaza,11,108,AUTSL,AUTSL_OpenHands_pose_v1,signer5,dataset_license,train,AUTSL/train_poses/signer5_sample593_color.pkl,processed/autsl20/landmark46-v1/train/signer5_sample593.npz,approved,trainable,true,standard
signer5_sample596,kotu,12,122,AUTSL,AUTSL_OpenHands_pose_v1,signer5,dataset_license,train,AUTSL/train_poses/signer5_sample596_color.pkl,processed/autsl20/landmark46-v1/train/signer5_sample596.npz,approved,trainable,true,standard
signer5_sample621,kaza,11,108,AUTSL,AUTSL_OpenHands_pose_v1,signer5,dataset_license,train,AUTSL/train_poses/signer5_sample621_color.pkl,processed/autsl20/landmark46-v1/train/signer5_sample621.npz,approved,trainable,true,standard
signer5_sample636,eczane,1,58,AUTSL,AUTSL_OpenHands_pose_v1,signer5,dataset_license,train,AUTSL/train_poses/signer5_sample636_color.pkl,processed/autsl20/landmark46-v1/train/signer5_sample636.npz,approved,trainable,true,standard
signer5_sample644,kaza,11,108,AUTSL,AUTSL_OpenHands_pose_v1,signer5,dataset_license,train,AUTSL/train_poses/signer5_sample644_color.pkl,processed/autsl20/landmark46-v1/train/signer5_sample644.npz,approved,trainable,true,standard
signer5_sample675,hastane,5,83,AUTSL,AUTSL_OpenHands_pose_v1,signer5,dataset_license,train,AUTSL/train_poses/signer5_sample675_color.pkl,processed/autsl20/landmark46-v1/train/signer5_sample675.npz,approved,trainable,true,standard
signer7_sample6,hastane,5,83,AUTSL,AUTSL_OpenHands_pose_v1,signer7,dataset_license,train,AUTSL/train_poses/signer7_sample6_color.pkl,processed/autsl20/landmark46-v1/train/signer7_sample6.npz,approved,trainable,true,standard
signer7_sample12,eczane,1,58,AUTSL,AUTSL_OpenHands_pose_v1,signer7,dataset_license,train,AUTSL/train_poses/signer7_sample12_color.pkl,processed/autsl20/landmark46-v1/train/signer7_sample12.npz,approved,trainable,true,standard
signer7_sample14,yorgun,19,222,AUTSL,AUTSL_OpenHands_pose_v1,signer7,dataset_license,train,AUTSL/train_poses/signer7_sample14_color.pkl,processed/autsl20/landmark46-v1/train/signer7_sample14.npz,approved,trainable,true,standard
signer7_sample21,icmek,7,94,AUTSL,AUTSL_OpenHands_pose_v1,signer7,dataset_license,train,AUTSL/train_poses/signer7_sample21_color.pkl,processed/autsl20/landmark46-v1/train/signer7_sample21.npz,approved,trainable,true,standard
signer7_sample32,kaza,11,108,AUTSL,AUTSL_OpenHands_pose_v1,signer7,dataset_license,train,AUTSL/train_poses/signer7_sample32_color.pkl,processed/autsl20/landmark46-v1/train/signer7_sample32.npz,approved,trainable,true,standard
signer7_sample35,ilac,9,96,AUTSL,AUTSL_OpenHands_pose_v1,signer7,dataset_license,train,AUTSL/train_poses/signer7_sample35_color.pkl,processed/autsl20/landmark46-v1/train/signer7_sample35.npz,approved,trainable,true,standard
signer7_sample51,ilac,9,96,AUTSL,AUTSL_OpenHands_pose_v1,signer7,dataset_license,train,AUTSL/train_poses/signer7_sample51_color.pkl,processed/autsl20/landmark46-v1/train/signer7_sample51.npz,approved,trainable,true,standard
signer7_sample66,seker,14,172,AUTSL,AUTSL_OpenHands_pose_v1,signer7,dataset_license,train,AUTSL/train_poses/signer7_sample66_color.pkl,processed/autsl20/landmark46-v1/train/signer7_sample66.npz,approved,trainable,true,standard
signer7_sample67,seker,14,172,AUTSL,AUTSL_OpenHands_pose_v1,signer7,dataset_license,train,AUTSL/train_poses/signer7_sample67_color.pkl,processed/autsl20/landmark46-v1/train/signer7_sample67.npz,approved,trainable,true,standard
signer7_sample69,doktor,0,52,AUTSL,AUTSL_OpenHands_pose_v1,signer7,dataset_license,train,AUTSL/train_poses/signer7_sample69_color.pkl,processed/autsl20/landmark46-v1/train/signer7_sample69.npz,approved,trainable,true,standard
signer7_sample85,yorgun,19,222,AUTSL,AUTSL_OpenHands_pose_v1,signer7,dataset_license,train,AUTSL/train_poses/signer7_sample85_color.pkl,processed/autsl20/landmark46-v1/train/signer7_sample85.npz,approved,trainable,true,standard
signer7_sample111,icmek,7,94,AUTSL,AUTSL_OpenHands_pose_v1,signer7,dataset_license,train,AUTSL/train_poses/signer7_sample111_color.pkl,processed/autsl20/landmark46-v1/train/signer7_sample111.npz,approved,trainable,true,standard
signer7_sample116,nerede,13,138,AUTSL,AUTSL_OpenHands_pose_v1,signer7,dataset_license,train,AUTSL/train_poses/signer7_sample116_color.pkl,processed/autsl20/landmark46-v1/train/signer7_sample116.npz,approved,trainable,true,standard
signer7_sample118,kaza,11,108,AUTSL,AUTSL_OpenHands_pose_v1,signer7,dataset_license,train,AUTSL/train_poses/signer7_sample118_color.pkl,processed/autsl20/landmark46-v1/train/signer7_sample118.npz,approved,trainable,true,standard
signer7_sample129,tehlike,15,192,AUTSL,AUTSL_OpenHands_pose_v1,signer7,dataset_license,train,AUTSL/train_poses/signer7_sample129_color.pkl,processed/autsl20/landmark46-v1/train/signer7_sample129.npz,approved,trainable,true,red_flag
signer7_sample132,kaza,11,108,AUTSL,AUTSL_OpenHands_pose_v1,signer7,dataset_license,train,AUTSL/train_poses/signer7_sample132_color.pkl,processed/autsl20/landmark46-v1/train/signer7_sample132.npz,approved,trainable,true,standard
signer7_sample159,yarabandi,17,210,AUTSL,AUTSL_OpenHands_pose_v1,signer7,dataset_license,train,AUTSL/train_poses/signer7_sample159_color.pkl,processed/autsl20/landmark46-v1/train/signer7_sample159.npz,approved,trainable,true,standard
signer7_sample190,hastane,5,83,AUTSL,AUTSL_OpenHands_pose_v1,signer7,dataset_license,train,AUTSL/train_poses/signer7_sample190_color.pkl,processed/autsl20/landmark46-v1/train/signer7_sample190.npz,approved,trainable,true,standard
signer7_sample191,nerede,13,138,AUTSL,AUTSL_OpenHands_pose_v1,signer7,dataset_license,train,AUTSL/train_poses/signer7_sample191_color.pkl,processed/autsl20/landmark46-v1/train/signer7_sample191.npz,approved,trainable,true,standard
signer7_sample192,yardim,18,211,AUTSL,AUTSL_OpenHands_pose_v1,signer7,dataset_license,train,AUTSL/train_poses/signer7_sample192_color.pkl,processed/autsl20/landmark46-v1/train/signer7_sample192.npz,approved,trainable,true,red_flag
signer7_sample218,hastane,5,83,AUTSL,AUTSL_OpenHands_pose_v1,signer7,dataset_license,train,AUTSL/train_poses/signer7_sample218_color.pkl,processed/autsl20/landmark46-v1/train/signer7_sample218.npz,approved,trainable,true,standard
signer7_sample261,evet,2,65,AUTSL,AUTSL_OpenHands_pose_v1,signer7,dataset_license,train,AUTSL/train_poses/signer7_sample261_color.pkl,processed/autsl20/landmark46-v1/train/signer7_sample261.npz,approved,trainable,true,standard
signer7_sample299,nerede,13,138,AUTSL,AUTSL_OpenHands_pose_v1,signer7,dataset_license,train,AUTSL/train_poses/signer7_sample299_color.pkl,processed/autsl20/landmark46-v1/train/signer7_sample299.npz,approved,trainable,true,standard
signer7_sample300,tuvalet,16,200,AUTSL,AUTSL_OpenHands_pose_v1,signer7,dataset_license,train,AUTSL/train_poses/signer7_sample300_color.pkl,processed/autsl20/landmark46-v1/train/signer7_sample300.npz,approved,trainable,true,standard
signer7_sample335,hasta,4,82,AUTSL,AUTSL_OpenHands_pose_v1,signer7,dataset_license,train,AUTSL/train_poses/signer7_sample335_color.pkl,processed/autsl20/landmark46-v1/train/signer7_sample335.npz,approved,trainable,true,standard
signer7_sample337,doktor,0,52,AUTSL,AUTSL_OpenHands_pose_v1,signer7,dataset_license,train,AUTSL/train_poses/signer7_sample337_color.pkl,processed/autsl20/landmark46-v1/train/signer7_sample337.npz,approved,trainable,true,standard
signer7_sample359,hayir,6,86,AUTSL,AUTSL_OpenHands_pose_v1,signer7,dataset_license,train,AUTSL/train_poses/signer7_sample359_color.pkl,processed/autsl20/landmark46-v1/train/signer7_sample359.npz,approved,trainable,true,standard
signer7_sample363,iyi,10,100,AUTSL,AUTSL_OpenHands_pose_v1,signer7,dataset_license,train,AUTSL/train_poses/signer7_sample363_color.pkl,processed/autsl20/landmark46-v1/train/signer7_sample363.npz,approved,trainable,true,standard
signer7_sample385,tehlike,15,192,AUTSL,AUTSL_OpenHands_pose_v1,signer7,dataset_license,train,AUTSL/train_poses/signer7_sample385_color.pkl,processed/autsl20/landmark46-v1/train/signer7_sample385.npz,approved,trainable,true,red_flag
signer7_sample399,evet,2,65,AUTSL,AUTSL_OpenHands_pose_v1,signer7,dataset_license,train,AUTSL/train_poses/signer7_sample399_color.pkl,processed/autsl20/landmark46-v1/train/signer7_sample399.npz,approved,trainable,true,standard
signer7_sample400,yarabandi,17,210,AUTSL,AUTSL_OpenHands_pose_v1,signer7,dataset_license,train,AUTSL/train_poses/signer7_sample400_color.pkl,processed/autsl20/landmark46-v1/train/signer7_sample400.npz,approved,trainable,true,standard
signer7_sample401,eczane,1,58,AUTSL,AUTSL_OpenHands_pose_v1,signer7,dataset_license,train,AUTSL/train_poses/signer7_sample401_color.pkl,processed/autsl20/landmark46-v1/train/signer7_sample401.npz,approved,trainable,true,standard
signer7_sample413,hasta,4,82,AUTSL,AUTSL_OpenHands_pose_v1,signer7,dataset_license,train,AUTSL/train_poses/signer7_sample413_color.pkl,processed/autsl20/landmark46-v1/train/signer7_sample413.npz,approved,trainable,true,standard
signer7_sample421,kaza,11,108,AUTSL,AUTSL_OpenHands_pose_v1,signer7,dataset_license,train,AUTSL/train_poses/signer7_sample421_color.pkl,processed/autsl20/landmark46-v1/train/signer7_sample421.npz,approved,trainable,true,standard
signer7_sample423,evet,2,65,AUTSL,AUTSL_OpenHands_pose_v1,signer7,dataset_license,train,AUTSL/train_poses/signer7_sample423_color.pkl,processed/autsl20/landmark46-v1/train/signer7_sample423.npz,approved,trainable,true,standard
signer7_sample450,eczane,1,58,AUTSL,AUTSL_OpenHands_pose_v1,signer7,dataset_license,train,AUTSL/train_poses/signer7_sample450_color.pkl,processed/autsl20/landmark46-v1/train/signer7_sample450.npz,approved,trainable,true,standard
signer7_sample451,hastane,5,83,AUTSL,AUTSL_OpenHands_pose_v1,signer7,dataset_license,train,AUTSL/train_poses/signer7_sample451_color.pkl,processed/autsl20/landmark46-v1/train/signer7_sample451.npz,approved,trainable,true,standard
signer7_sample466,tehlike,15,192,AUTSL,AUTSL_OpenHands_pose_v1,signer7,dataset_license,train,AUTSL/train_poses/signer7_sample466_color.pkl,processed/autsl20/landmark46-v1/train/signer7_sample466.npz,approved,trainable,true,red_flag
signer7_sample467,eczane,1,58,AUTSL,AUTSL_OpenHands_pose_v1,signer7,dataset_license,train,AUTSL/train_poses/signer7_sample467_color.pkl,processed/autsl20/landmark46-v1/train/signer7_sample467.npz,approved,trainable,true,standard
signer7_sample486,ilac,9,96,AUTSL,AUTSL_OpenHands_pose_v1,signer7,dataset_license,train,AUTSL/train_poses/signer7_sample486_color.pkl,processed/autsl20/landmark46-v1/train/signer7_sample486.npz,approved,trainable,true,standard
signer7_sample492,kotu,12,122,AUTSL,AUTSL_OpenHands_pose_v1,signer7,dataset_license,train,AUTSL/train_poses/signer7_sample492_color.pkl,processed/autsl20/landmark46-v1/train/signer7_sample492.npz,approved,trainable,true,standard
signer7_sample515,hayir,6,86,AUTSL,AUTSL_OpenHands_pose_v1,signer7,dataset_license,train,AUTSL/train_poses/signer7_sample515_color.pkl,processed/autsl20/landmark46-v1/train/signer7_sample515.npz,approved,trainable,true,standard
signer7_sample518,gostermek,3,77,AUTSL,AUTSL_OpenHands_pose_v1,signer7,dataset_license,train,AUTSL/train_poses/signer7_sample518_color.pkl,processed/autsl20/landmark46-v1/train/signer7_sample518.npz,approved,trainable,true,standard
signer7_sample541,tuvalet,16,200,AUTSL,AUTSL_OpenHands_pose_v1,signer7,dataset_license,train,AUTSL/train_poses/signer7_sample541_color.pkl,processed/autsl20/landmark46-v1/train/signer7_sample541.npz,approved,trainable,true,standard
signer7_sample568,hastane,5,83,AUTSL,AUTSL_OpenHands_pose_v1,signer7,dataset_license,train,AUTSL/train_poses/signer7_sample568_color.pkl,processed/autsl20/landmark46-v1/train/signer7_sample568.npz,approved,trainable,true,standard
signer7_sample583,evet,2,65,AUTSL,AUTSL_OpenHands_pose_v1,signer7,dataset_license,train,AUTSL/train_poses/signer7_sample583_color.pkl,processed/autsl20/landmark46-v1/train/signer7_sample583.npz,approved,trainable,true,standard
signer7_sample590,yarabandi,17,210,AUTSL,AUTSL_OpenHands_pose_v1,signer7,dataset_license,train,AUTSL/train_poses/signer7_sample590_color.pkl,processed/autsl20/landmark46-v1/train/signer7_sample590.npz,approved,trainable,true,standard
signer7_sample610,hayir,6,86,AUTSL,AUTSL_OpenHands_pose_v1,signer7,dataset_license,train,AUTSL/train_poses/signer7_sample610_color.pkl,processed/autsl20/landmark46-v1/train/signer7_sample610.npz,approved,trainable,true,standard
signer7_sample611,eczane,1,58,AUTSL,AUTSL_OpenHands_pose_v1,signer7,dataset_license,train,AUTSL/train_poses/signer7_sample611_color.pkl,processed/autsl20/landmark46-v1/train/signer7_sample611.npz,approved,trainable,true,standard
signer7_sample613,icmek,7,94,AUTSL,AUTSL_OpenHands_pose_v1,signer7,dataset_license,train,AUTSL/train_poses/signer7_sample613_color.pkl,processed/autsl20/landmark46-v1/train/signer7_sample613.npz,approved,trainable,true,standard
signer7_sample623,doktor,0,52,AUTSL,AUTSL_OpenHands_pose_v1,signer7,dataset_license,train,AUTSL/train_poses/signer7_sample623_color.pkl,processed/autsl20/landmark46-v1/train/signer7_sample623.npz,approved,trainable,true,standard
signer7_sample670,kaza,11,108,AUTSL,AUTSL_OpenHands_pose_v1,signer7,dataset_license,train,AUTSL/train_poses/signer7_sample670_color.pkl,processed/autsl20/landmark46-v1/train/signer7_sample670.npz,approved,trainable,true,standard
signer7_sample678,kaza,11,108,AUTSL,AUTSL_OpenHands_pose_v1,signer7,dataset_license,train,AUTSL/train_poses/signer7_sample678_color.pkl,processed/autsl20/landmark46-v1/train/signer7_sample678.npz,approved,trainable,true,standard
signer7_sample682,nerede,13,138,AUTSL,AUTSL_OpenHands_pose_v1,signer7,dataset_license,train,AUTSL/train_poses/signer7_sample682_color.pkl,processed/autsl20/landmark46-v1/train/signer7_sample682.npz,approved,trainable,true,standard
signer7_sample683,hayir,6,86,AUTSL,AUTSL_OpenHands_pose_v1,signer7,dataset_license,train,AUTSL/train_poses/signer7_sample683_color.pkl,processed/autsl20/landmark46-v1/train/signer7_sample683.npz,approved,trainable,true,standard
signer7_sample703,icmek,7,94,AUTSL,AUTSL_OpenHands_pose_v1,signer7,dataset_license,train,AUTSL/train_poses/signer7_sample703_color.pkl,processed/autsl20/landmark46-v1/train/signer7_sample703.npz,approved,trainable,true,standard
signer7_sample718,kotu,12,122,AUTSL,AUTSL_OpenHands_pose_v1,signer7,dataset_license,train,AUTSL/train_poses/signer7_sample718_color.pkl,processed/autsl20/landmark46-v1/train/signer7_sample718.npz,approved,trainable,true,standard
signer7_sample726,yardim,18,211,AUTSL,AUTSL_OpenHands_pose_v1,signer7,dataset_license,train,AUTSL/train_poses/signer7_sample726_color.pkl,processed/autsl20/landmark46-v1/train/signer7_sample726.npz,approved,trainable,true,red_flag
signer7_sample731,gostermek,3,77,AUTSL,AUTSL_OpenHands_pose_v1,signer7,dataset_license,train,AUTSL/train_poses/signer7_sample731_color.pkl,processed/autsl20/landmark46-v1/train/signer7_sample731.npz,approved,trainable,true,standard
signer7_sample737,tuvalet,16,200,AUTSL,AUTSL_OpenHands_pose_v1,signer7,dataset_license,train,AUTSL/train_poses/signer7_sample737_color.pkl,processed/autsl20/landmark46-v1/train/signer7_sample737.npz,approved,trainable,true,standard
signer7_sample755,gostermek,3,77,AUTSL,AUTSL_OpenHands_pose_v1,signer7,dataset_license,train,AUTSL/train_poses/signer7_sample755_color.pkl,processed/autsl20/landmark46-v1/train/signer7_sample755.npz,approved,trainable,true,standard
signer7_sample758,igne,8,95,AUTSL,AUTSL_OpenHands_pose_v1,signer7,dataset_license,train,AUTSL/train_poses/signer7_sample758_color.pkl,processed/autsl20/landmark46-v1/train/signer7_sample758.npz,approved,trainable,true,standard
signer7_sample766,hastane,5,83,AUTSL,AUTSL_OpenHands_pose_v1,signer7,dataset_license,train,AUTSL/train_poses/signer7_sample766_color.pkl,processed/autsl20/landmark46-v1/train/signer7_sample766.npz,approved,trainable,true,standard
signer7_sample783,hasta,4,82,AUTSL,AUTSL_OpenHands_pose_v1,signer7,dataset_license,train,AUTSL/train_poses/signer7_sample783_color.pkl,processed/autsl20/landmark46-v1/train/signer7_sample783.npz,approved,trainable,true,standard
signer7_sample796,iyi,10,100,AUTSL,AUTSL_OpenHands_pose_v1,signer7,dataset_license,train,AUTSL/train_poses/signer7_sample796_color.pkl,processed/autsl20/landmark46-v1/train/signer7_sample796.npz,approved,trainable,true,standard
signer7_sample812,tehlike,15,192,AUTSL,AUTSL_OpenHands_pose_v1,signer7,dataset_license,train,AUTSL/train_poses/signer7_sample812_color.pkl,processed/autsl20/landmark46-v1/train/signer7_sample812.npz,approved,trainable,true,red_flag
signer7_sample819,doktor,0,52,AUTSL,AUTSL_OpenHands_pose_v1,signer7,dataset_license,train,AUTSL/train_poses/signer7_sample819_color.pkl,processed/autsl20/landmark46-v1/train/signer7_sample819.npz,approved,trainable,true,standard
signer7_sample825,igne,8,95,AUTSL,AUTSL_OpenHands_pose_v1,signer7,dataset_license,train,AUTSL/train_poses/signer7_sample825_color.pkl,processed/autsl20/landmark46-v1/train/signer7_sample825.npz,approved,trainable,true,standard
signer7_sample833,kotu,12,122,AUTSL,AUTSL_OpenHands_pose_v1,signer7,dataset_license,train,AUTSL/train_poses/signer7_sample833_color.pkl,processed/autsl20/landmark46-v1/train/signer7_sample833.npz,approved,trainable,true,standard
signer7_sample845,hasta,4,82,AUTSL,AUTSL_OpenHands_pose_v1,signer7,dataset_license,train,AUTSL/train_poses/signer7_sample845_color.pkl,processed/autsl20/landmark46-v1/train/signer7_sample845.npz,approved,trainable,true,standard
signer7_sample852,yarabandi,17,210,AUTSL,AUTSL_OpenHands_pose_v1,signer7,dataset_license,train,AUTSL/train_poses/signer7_sample852_color.pkl,processed/autsl20/landmark46-v1/train/signer7_sample852.npz,approved,trainable,true,standard
signer7_sample863,hayir,6,86,AUTSL,AUTSL_OpenHands_pose_v1,signer7,dataset_license,train,AUTSL/train_poses/signer7_sample863_color.pkl,processed/autsl20/landmark46-v1/train/signer7_sample863.npz,approved,trainable,true,standard
signer7_sample867,eczane,1,58,AUTSL,AUTSL_OpenHands_pose_v1,signer7,dataset_license,train,AUTSL/train_poses/signer7_sample867_color.pkl,processed/autsl20/landmark46-v1/train/signer7_sample867.npz,approved,trainable,true,standard
signer7_sample868,hasta,4,82,AUTSL,AUTSL_OpenHands_pose_v1,signer7,dataset_license,train,AUTSL/train_poses/signer7_sample868_color.pkl,processed/autsl20/landmark46-v1/train/signer7_sample868.npz,approved,trainable,true,standard
signer7_sample870,doktor,0,52,AUTSL,AUTSL_OpenHands_pose_v1,signer7,dataset_license,train,AUTSL/train_poses/signer7_sample870_color.pkl,processed/autsl20/landmark46-v1/train/signer7_sample870.npz,approved,trainable,true,standard
signer7_sample873,eczane,1,58,AUTSL,AUTSL_OpenHands_pose_v1,signer7,dataset_license,train,AUTSL/train_poses/signer7_sample873_color.pkl,processed/autsl20/landmark46-v1/train/signer7_sample873.npz,approved,trainable,true,standard
signer7_sample892,icmek,7,94,AUTSL,AUTSL_OpenHands_pose_v1,signer7,dataset_license,train,AUTSL/train_poses/signer7_sample892_color.pkl,processed/autsl20/landmark46-v1/train/signer7_sample892.npz,approved,trainable,true,standard
signer7_sample901,icmek,7,94,AUTSL,AUTSL_OpenHands_pose_v1,signer7,dataset_license,train,AUTSL/train_poses/signer7_sample901_color.pkl,processed/autsl20/landmark46-v1/train/signer7_sample901.npz,approved,trainable,true,standard
signer7_sample918,tehlike,15,192,AUTSL,AUTSL_OpenHands_pose_v1,signer7,dataset_license,train,AUTSL/train_poses/signer7_sample918_color.pkl,processed/autsl20/landmark46-v1/train/signer7_sample918.npz,approved,trainable,true,red_flag
signer7_sample919,tuvalet,16,200,AUTSL,AUTSL_OpenHands_pose_v1,signer7,dataset_license,train,AUTSL/train_poses/signer7_sample919_color.pkl,processed/autsl20/landmark46-v1/train/signer7_sample919.npz,approved,trainable,true,standard
signer7_sample938,gostermek,3,77,AUTSL,AUTSL_OpenHands_pose_v1,signer7,dataset_license,train,AUTSL/train_poses/signer7_sample938_color.pkl,processed/autsl20/landmark46-v1/train/signer7_sample938.npz,approved,trainable,true,standard
signer7_sample939,evet,2,65,AUTSL,AUTSL_OpenHands_pose_v1,signer7,dataset_license,train,AUTSL/train_poses/signer7_sample939_color.pkl,processed/autsl20/landmark46-v1/train/signer7_sample939.npz,approved,trainable,true,standard
signer7_sample944,tuvalet,16,200,AUTSL,AUTSL_OpenHands_pose_v1,signer7,dataset_license,train,AUTSL/train_poses/signer7_sample944_color.pkl,processed/autsl20/landmark46-v1/train/signer7_sample944.npz,approved,trainable,true,standard
signer7_sample977,doktor,0,52,AUTSL,AUTSL_OpenHands_pose_v1,signer7,dataset_license,train,AUTSL/train_poses/signer7_sample977_color.pkl,processed/autsl20/landmark46-v1/train/signer7_sample977.npz,approved,trainable,true,standard
signer7_sample983,kotu,12,122,AUTSL,AUTSL_OpenHands_pose_v1,signer7,dataset_license,train,AUTSL/train_poses/signer7_sample983_color.pkl,processed/autsl20/landmark46-v1/train/signer7_sample983.npz,approved,trainable,true,standard
signer7_sample1021,igne,8,95,AUTSL,AUTSL_OpenHands_pose_v1,signer7,dataset_license,train,AUTSL/train_poses/signer7_sample1021_color.pkl,processed/autsl20/landmark46-v1/train/signer7_sample1021.npz,approved,trainable,true,standard
signer7_sample1030,tehlike,15,192,AUTSL,AUTSL_OpenHands_pose_v1,signer7,dataset_license,train,AUTSL/train_poses/signer7_sample1030_color.pkl,processed/autsl20/landmark46-v1/train/signer7_sample1030.npz,approved,trainable,true,red_flag
signer7_sample1047,igne,8,95,AUTSL,AUTSL_OpenHands_pose_v1,signer7,dataset_license,train,AUTSL/train_poses/signer7_sample1047_color.pkl,processed/autsl20/landmark46-v1/train/signer7_sample1047.npz,approved,trainable,true,standard
signer7_sample1057,evet,2,65,AUTSL,AUTSL_OpenHands_pose_v1,signer7,dataset_license,train,AUTSL/train_poses/signer7_sample1057_color.pkl,processed/autsl20/landmark46-v1/train/signer7_sample1057.npz,approved,trainable,true,standard
signer7_sample1059,ilac,9,96,AUTSL,AUTSL_OpenHands_pose_v1,signer7,dataset_license,train,AUTSL/train_poses/signer7_sample1059_color.pkl,processed/autsl20/landmark46-v1/train/signer7_sample1059.npz,approved,trainable,true,standard
signer7_sample1070,icmek,7,94,AUTSL,AUTSL_OpenHands_pose_v1,signer7,dataset_license,train,AUTSL/train_poses/signer7_sample1070_color.pkl,processed/autsl20/landmark46-v1/train/signer7_sample1070.npz,approved,trainable,true,standard
signer7_sample1073,seker,14,172,AUTSL,AUTSL_OpenHands_pose_v1,signer7,dataset_license,train,AUTSL/train_poses/signer7_sample1073_color.pkl,processed/autsl20/landmark46-v1/train/signer7_sample1073.npz,approved,trainable,true,standard
signer7_sample1075,ilac,9,96,AUTSL,AUTSL_OpenHands_pose_v1,signer7,dataset_license,train,AUTSL/train_poses/signer7_sample1075_color.pkl,processed/autsl20/landmark46-v1/train/signer7_sample1075.npz,approved,trainable,true,standard
signer7_sample1103,igne,8,95,AUTSL,AUTSL_OpenHands_pose_v1,signer7,dataset_license,train,AUTSL/train_poses/signer7_sample1103_color.pkl,processed/autsl20/landmark46-v1/train/signer7_sample1103.npz,approved,trainable,true,standard
signer7_sample1110,kaza,11,108,AUTSL,AUTSL_OpenHands_pose_v1,signer7,dataset_license,train,AUTSL/train_poses/signer7_sample1110_color.pkl,processed/autsl20/landmark46-v1/train/signer7_sample1110.npz,approved,trainable,true,standard
signer7_sample1111,hayir,6,86,AUTSL,AUTSL_OpenHands_pose_v1,signer7,dataset_license,train,AUTSL/train_poses/signer7_sample1111_color.pkl,processed/autsl20/landmark46-v1/train/signer7_sample1111.npz,approved,trainable,true,standard
signer7_sample1118,igne,8,95,AUTSL,AUTSL_OpenHands_pose_v1,signer7,dataset_license,train,AUTSL/train_poses/signer7_sample1118_color.pkl,processed/autsl20/landmark46-v1/train/signer7_sample1118.npz,approved,trainable,true,standard
signer7_sample1128,eczane,1,58,AUTSL,AUTSL_OpenHands_pose_v1,signer7,dataset_license,train,AUTSL/train_poses/signer7_sample1128_color.pkl,processed/autsl20/landmark46-v1/train/signer7_sample1128.npz,approved,trainable,true,standard
signer7_sample1130,tehlike,15,192,AUTSL,AUTSL_OpenHands_pose_v1,signer7,dataset_license,train,AUTSL/train_poses/signer7_sample1130_color.pkl,processed/autsl20/landmark46-v1/train/signer7_sample1130.npz,approved,trainable,true,red_flag
signer7_sample1140,hasta,4,82,AUTSL,AUTSL_OpenHands_pose_v1,signer7,dataset_license,train,AUTSL/train_poses/signer7_sample1140_color.pkl,processed/autsl20/landmark46-v1/train/signer7_sample1140.npz,approved,trainable,true,standard
signer7_sample1143,ilac,9,96,AUTSL,AUTSL_OpenHands_pose_v1,signer7,dataset_license,train,AUTSL/train_poses/signer7_sample1143_color.pkl,processed/autsl20/landmark46-v1/train/signer7_sample1143.npz,approved,trainable,true,standard
signer7_sample1150,yarabandi,17,210,AUTSL,AUTSL_OpenHands_pose_v1,signer7,dataset_license,train,AUTSL/train_poses/signer7_sample1150_color.pkl,processed/autsl20/landmark46-v1/train/signer7_sample1150.npz,approved,trainable,true,standard
signer7_sample1157,tuvalet,16,200,AUTSL,AUTSL_OpenHands_pose_v1,signer7,dataset_license,train,AUTSL/train_poses/signer7_sample1157_color.pkl,processed/autsl20/landmark46-v1/train/signer7_sample1157.npz,approved,trainable,true,standard
signer7_sample1176,tuvalet,16,200,AUTSL,AUTSL_OpenHands_pose_v1,signer7,dataset_license,train,AUTSL/train_poses/signer7_sample1176_color.pkl,processed/autsl20/landmark46-v1/train/signer7_sample1176.npz,approved,trainable,true,standard
signer7_sample1177,nerede,13,138,AUTSL,AUTSL_OpenHands_pose_v1,signer7,dataset_license,train,AUTSL/train_poses/signer7_sample1177_color.pkl,processed/autsl20/landmark46-v1/train/signer7_sample1177.npz,approved,trainable,true,standard
signer7_sample1220,iyi,10,100,AUTSL,AUTSL_OpenHands_pose_v1,signer7,dataset_license,train,AUTSL/train_poses/signer7_sample1220_color.pkl,processed/autsl20/landmark46-v1/train/signer7_sample1220.npz,approved,trainable,true,standard
signer7_sample1235,igne,8,95,AUTSL,AUTSL_OpenHands_pose_v1,signer7,dataset_license,train,AUTSL/train_poses/signer7_sample1235_color.pkl,processed/autsl20/landmark46-v1/train/signer7_sample1235.npz,approved,trainable,true,standard
signer7_sample1239,yorgun,19,222,AUTSL,AUTSL_OpenHands_pose_v1,signer7,dataset_license,train,AUTSL/train_poses/signer7_sample1239_color.pkl,processed/autsl20/landmark46-v1/train/signer7_sample1239.npz,approved,trainable,true,standard
signer7_sample1257,gostermek,3,77,AUTSL,AUTSL_OpenHands_pose_v1,signer7,dataset_license,train,AUTSL/train_poses/signer7_sample1257_color.pkl,processed/autsl20/landmark46-v1/train/signer7_sample1257.npz,approved,trainable,true,standard
signer7_sample1265,igne,8,95,AUTSL,AUTSL_OpenHands_pose_v1,signer7,dataset_license,train,AUTSL/train_poses/signer7_sample1265_color.pkl,processed/autsl20/landmark46-v1/train/signer7_sample1265.npz,approved,trainable,true,standard
signer7_sample1273,icmek,7,94,AUTSL,AUTSL_OpenHands_pose_v1,signer7,dataset_license,train,AUTSL/train_poses/signer7_sample1273_color.pkl,processed/autsl20/landmark46-v1/train/signer7_sample1273.npz,approved,trainable,true,standard
signer7_sample1286,kotu,12,122,AUTSL,AUTSL_OpenHands_pose_v1,signer7,dataset_license,train,AUTSL/train_poses/signer7_sample1286_color.pkl,processed/autsl20/landmark46-v1/train/signer7_sample1286.npz,approved,trainable,true,standard
signer7_sample1302,iyi,10,100,AUTSL,AUTSL_OpenHands_pose_v1,signer7,dataset_license,train,AUTSL/train_poses/signer7_sample1302_color.pkl,processed/autsl20/landmark46-v1/train/signer7_sample1302.npz,approved,trainable,true,standard
signer7_sample1307,hastane,5,83,AUTSL,AUTSL_OpenHands_pose_v1,signer7,dataset_license,train,AUTSL/train_poses/signer7_sample1307_color.pkl,processed/autsl20/landmark46-v1/train/signer7_sample1307.npz,approved,trainable,true,standard
signer7_sample1315,gostermek,3,77,AUTSL,AUTSL_OpenHands_pose_v1,signer7,dataset_license,train,AUTSL/train_poses/signer7_sample1315_color.pkl,processed/autsl20/landmark46-v1/train/signer7_sample1315.npz,approved,trainable,true,standard
signer7_sample1319,yarabandi,17,210,AUTSL,AUTSL_OpenHands_pose_v1,signer7,dataset_license,train,AUTSL/train_poses/signer7_sample1319_color.pkl,processed/autsl20/landmark46-v1/train/signer7_sample1319.npz,approved,trainable,true,standard
signer7_sample1367,kaza,11,108,AUTSL,AUTSL_OpenHands_pose_v1,signer7,dataset_license,train,AUTSL/train_poses/signer7_sample1367_color.pkl,processed/autsl20/landmark46-v1/train/signer7_sample1367.npz,approved,trainable,true,standard
signer7_sample1395,ilac,9,96,AUTSL,AUTSL_OpenHands_pose_v1,signer7,dataset_license,train,AUTSL/train_poses/signer7_sample1395_color.pkl,processed/autsl20/landmark46-v1/train/signer7_sample1395.npz,approved,trainable,true,standard
signer7_sample1396,kotu,12,122,AUTSL,AUTSL_OpenHands_pose_v1,signer7,dataset_license,train,AUTSL/train_poses/signer7_sample1396_color.pkl,processed/autsl20/landmark46-v1/train/signer7_sample1396.npz,approved,trainable,true,standard
signer7_sample1403,hasta,4,82,AUTSL,AUTSL_OpenHands_pose_v1,signer7,dataset_license,train,AUTSL/train_poses/signer7_sample1403_color.pkl,processed/autsl20/landmark46-v1/train/signer7_sample1403.npz,approved,trainable,true,standard
signer7_sample1404,eczane,1,58,AUTSL,AUTSL_OpenHands_pose_v1,signer7,dataset_license,train,AUTSL/train_poses/signer7_sample1404_color.pkl,processed/autsl20/landmark46-v1/train/signer7_sample1404.npz,approved,trainable,true,standard
signer7_sample1406,yardim,18,211,AUTSL,AUTSL_OpenHands_pose_v1,signer7,dataset_license,train,AUTSL/train_poses/signer7_sample1406_color.pkl,processed/autsl20/landmark46-v1/train/signer7_sample1406.npz,approved,trainable,true,red_flag
signer7_sample1412,yorgun,19,222,AUTSL,AUTSL_OpenHands_pose_v1,signer7,dataset_license,train,AUTSL/train_poses/signer7_sample1412_color.pkl,processed/autsl20/landmark46-v1/train/signer7_sample1412.npz,approved,trainable,true,standard
signer7_sample1420,hayir,6,86,AUTSL,AUTSL_OpenHands_pose_v1,signer7,dataset_license,train,AUTSL/train_poses/signer7_sample1420_color.pkl,processed/autsl20/landmark46-v1/train/signer7_sample1420.npz,approved,trainable,true,standard
signer7_sample1453,yarabandi,17,210,AUTSL,AUTSL_OpenHands_pose_v1,signer7,dataset_license,train,AUTSL/train_poses/signer7_sample1453_color.pkl,processed/autsl20/landmark46-v1/train/signer7_sample1453.npz,approved,trainable,true,standard
signer7_sample1454,gostermek,3,77,AUTSL,AUTSL_OpenHands_pose_v1,signer7,dataset_license,train,AUTSL/train_poses/signer7_sample1454_color.pkl,processed/autsl20/landmark46-v1/train/signer7_sample1454.npz,approved,trainable,true,standard
signer7_sample1485,ilac,9,96,AUTSL,AUTSL_OpenHands_pose_v1,signer7,dataset_license,train,AUTSL/train_poses/signer7_sample1485_color.pkl,processed/autsl20/landmark46-v1/train/signer7_sample1485.npz,approved,trainable,true,standard
signer7_sample1492,iyi,10,100,AUTSL,AUTSL_OpenHands_pose_v1,signer7,dataset_license,train,AUTSL/train_poses/signer7_sample1492_color.pkl,processed/autsl20/landmark46-v1/train/signer7_sample1492.npz,approved,trainable,true,standard
signer7_sample1502,evet,2,65,AUTSL,AUTSL_OpenHands_pose_v1,signer7,dataset_license,train,AUTSL/train_poses/signer7_sample1502_color.pkl,processed/autsl20/landmark46-v1/train/signer7_sample1502.npz,approved,trainable,true,standard
signer7_sample1515,tehlike,15,192,AUTSL,AUTSL_OpenHands_pose_v1,signer7,dataset_license,train,AUTSL/train_poses/signer7_sample1515_color.pkl,processed/autsl20/landmark46-v1/train/signer7_sample1515.npz,approved,trainable,true,red_flag
signer7_sample1516,tuvalet,16,200,AUTSL,AUTSL_OpenHands_pose_v1,signer7,dataset_license,train,AUTSL/train_poses/signer7_sample1516_color.pkl,processed/autsl20/landmark46-v1/train/signer7_sample1516.npz,approved,trainable,true,standard
signer7_sample1522,tehlike,15,192,AUTSL,AUTSL_OpenHands_pose_v1,signer7,dataset_license,train,AUTSL/train_poses/signer7_sample1522_color.pkl,processed/autsl20/landmark46-v1/train/signer7_sample1522.npz,approved,trainable,true,red_flag
signer7_sample1546,yorgun,19,222,AUTSL,AUTSL_OpenHands_pose_v1,signer7,dataset_license,train,AUTSL/train_poses/signer7_sample1546_color.pkl,processed/autsl20/landmark46-v1/train/signer7_sample1546.npz,approved,trainable,true,standard
signer7_sample1552,tehlike,15,192,AUTSL,AUTSL_OpenHands_pose_v1,signer7,dataset_license,train,AUTSL/train_poses/signer7_sample1552_color.pkl,processed/autsl20/landmark46-v1/train/signer7_sample1552.npz,approved,trainable,true,red_flag
signer7_sample1580,hastane,5,83,AUTSL,AUTSL_OpenHands_pose_v1,signer7,dataset_license,train,AUTSL/train_poses/signer7_sample1580_color.pkl,processed/autsl20/landmark46-v1/train/signer7_sample1580.npz,approved,trainable,true,standard
signer7_sample1603,yardim,18,211,AUTSL,AUTSL_OpenHands_pose_v1,signer7,dataset_license,train,AUTSL/train_poses/signer7_sample1603_color.pkl,processed/autsl20/landmark46-v1/train/signer7_sample1603.npz,approved,trainable,true,red_flag
signer7_sample1613,gostermek,3,77,AUTSL,AUTSL_OpenHands_pose_v1,signer7,dataset_license,train,AUTSL/train_poses/signer7_sample1613_color.pkl,processed/autsl20/landmark46-v1/train/signer7_sample1613.npz,approved,trainable,true,standard
signer7_sample1618,yardim,18,211,AUTSL,AUTSL_OpenHands_pose_v1,signer7,dataset_license,train,AUTSL/train_poses/signer7_sample1618_color.pkl,processed/autsl20/landmark46-v1/train/signer7_sample1618.npz,approved,trainable,true,red_flag
signer7_sample1653,yarabandi,17,210,AUTSL,AUTSL_OpenHands_pose_v1,signer7,dataset_license,train,AUTSL/train_poses/signer7_sample1653_color.pkl,processed/autsl20/landmark46-v1/train/signer7_sample1653.npz,approved,trainable,true,standard
signer7_sample1681,hayir,6,86,AUTSL,AUTSL_OpenHands_pose_v1,signer7,dataset_license,train,AUTSL/train_poses/signer7_sample1681_color.pkl,processed/autsl20/landmark46-v1/train/signer7_sample1681.npz,approved,trainable,true,standard
signer7_sample1701,icmek,7,94,AUTSL,AUTSL_OpenHands_pose_v1,signer7,dataset_license,train,AUTSL/train_poses/signer7_sample1701_color.pkl,processed/autsl20/landmark46-v1/train/signer7_sample1701.npz,approved,trainable,true,standard
signer7_sample1706,yorgun,19,222,AUTSL,AUTSL_OpenHands_pose_v1,signer7,dataset_license,train,AUTSL/train_poses/signer7_sample1706_color.pkl,processed/autsl20/landmark46-v1/train/signer7_sample1706.npz,approved,trainable,true,standard
signer7_sample1717,hastane,5,83,AUTSL,AUTSL_OpenHands_pose_v1,signer7,dataset_license,train,AUTSL/train_poses/signer7_sample1717_color.pkl,processed/autsl20/landmark46-v1/train/signer7_sample1717.npz,approved,trainable,true,standard
signer7_sample1720,doktor,0,52,AUTSL,AUTSL_OpenHands_pose_v1,signer7,dataset_license,train,AUTSL/train_poses/signer7_sample1720_color.pkl,processed/autsl20/landmark46-v1/train/signer7_sample1720.npz,approved,trainable,true,standard
signer7_sample1728,hayir,6,86,AUTSL,AUTSL_OpenHands_pose_v1,signer7,dataset_license,train,AUTSL/train_poses/signer7_sample1728_color.pkl,processed/autsl20/landmark46-v1/train/signer7_sample1728.npz,approved,trainable,true,standard
signer7_sample1743,iyi,10,100,AUTSL,AUTSL_OpenHands_pose_v1,signer7,dataset_license,train,AUTSL/train_poses/signer7_sample1743_color.pkl,processed/autsl20/landmark46-v1/train/signer7_sample1743.npz,approved,trainable,true,standard
signer7_sample1750,igne,8,95,AUTSL,AUTSL_OpenHands_pose_v1,signer7,dataset_license,train,AUTSL/train_poses/signer7_sample1750_color.pkl,processed/autsl20/landmark46-v1/train/signer7_sample1750.npz,approved,trainable,true,standard
signer7_sample1753,yardim,18,211,AUTSL,AUTSL_OpenHands_pose_v1,signer7,dataset_license,train,AUTSL/train_poses/signer7_sample1753_color.pkl,processed/autsl20/landmark46-v1/train/signer7_sample1753.npz,approved,trainable,true,red_flag
signer7_sample1755,hayir,6,86,AUTSL,AUTSL_OpenHands_pose_v1,signer7,dataset_license,train,AUTSL/train_poses/signer7_sample1755_color.pkl,processed/autsl20/landmark46-v1/train/signer7_sample1755.npz,approved,trainable,true,standard
signer7_sample1756,evet,2,65,AUTSL,AUTSL_OpenHands_pose_v1,signer7,dataset_license,train,AUTSL/train_poses/signer7_sample1756_color.pkl,processed/autsl20/landmark46-v1/train/signer7_sample1756.npz,approved,trainable,true,standard
signer7_sample1775,eczane,1,58,AUTSL,AUTSL_OpenHands_pose_v1,signer7,dataset_license,train,AUTSL/train_poses/signer7_sample1775_color.pkl,processed/autsl20/landmark46-v1/train/signer7_sample1775.npz,approved,trainable,true,standard
signer7_sample1776,kotu,12,122,AUTSL,AUTSL_OpenHands_pose_v1,signer7,dataset_license,train,AUTSL/train_poses/signer7_sample1776_color.pkl,processed/autsl20/landmark46-v1/train/signer7_sample1776.npz,approved,trainable,true,standard
signer7_sample1800,seker,14,172,AUTSL,AUTSL_OpenHands_pose_v1,signer7,dataset_license,train,AUTSL/train_poses/signer7_sample1800_color.pkl,processed/autsl20/landmark46-v1/train/signer7_sample1800.npz,approved,trainable,true,standard
signer7_sample1845,kaza,11,108,AUTSL,AUTSL_OpenHands_pose_v1,signer7,dataset_license,train,AUTSL/train_poses/signer7_sample1845_color.pkl,processed/autsl20/landmark46-v1/train/signer7_sample1845.npz,approved,trainable,true,standard
signer7_sample1847,igne,8,95,AUTSL,AUTSL_OpenHands_pose_v1,signer7,dataset_license,train,AUTSL/train_poses/signer7_sample1847_color.pkl,processed/autsl20/landmark46-v1/train/signer7_sample1847.npz,approved,trainable,true,standard
signer7_sample1850,nerede,13,138,AUTSL,AUTSL_OpenHands_pose_v1,signer7,dataset_license,train,AUTSL/train_poses/signer7_sample1850_color.pkl,processed/autsl20/landmark46-v1/train/signer7_sample1850.npz,approved,trainable,true,standard
signer7_sample1856,nerede,13,138,AUTSL,AUTSL_OpenHands_pose_v1,signer7,dataset_license,train,AUTSL/train_poses/signer7_sample1856_color.pkl,processed/autsl20/landmark46-v1/train/signer7_sample1856.npz,approved,trainable,true,standard
signer7_sample1859,kotu,12,122,AUTSL,AUTSL_OpenHands_pose_v1,signer7,dataset_license,train,AUTSL/train_poses/signer7_sample1859_color.pkl,processed/autsl20/landmark46-v1/train/signer7_sample1859.npz,approved,trainable,true,standard
signer7_sample1882,yorgun,19,222,AUTSL,AUTSL_OpenHands_pose_v1,signer7,dataset_license,train,AUTSL/train_poses/signer7_sample1882_color.pkl,processed/autsl20/landmark46-v1/train/signer7_sample1882.npz,approved,trainable,true,standard
signer7_sample1883,seker,14,172,AUTSL,AUTSL_OpenHands_pose_v1,signer7,dataset_license,train,AUTSL/train_poses/signer7_sample1883_color.pkl,processed/autsl20/landmark46-v1/train/signer7_sample1883.npz,approved,trainable,true,standard
signer7_sample1887,icmek,7,94,AUTSL,AUTSL_OpenHands_pose_v1,signer7,dataset_license,train,AUTSL/train_poses/signer7_sample1887_color.pkl,processed/autsl20/landmark46-v1/train/signer7_sample1887.npz,approved,trainable,true,standard
signer7_sample1897,yardim,18,211,AUTSL,AUTSL_OpenHands_pose_v1,signer7,dataset_license,train,AUTSL/train_poses/signer7_sample1897_color.pkl,processed/autsl20/landmark46-v1/train/signer7_sample1897.npz,approved,trainable,true,red_flag
signer7_sample1916,iyi,10,100,AUTSL,AUTSL_OpenHands_pose_v1,signer7,dataset_license,train,AUTSL/train_poses/signer7_sample1916_color.pkl,processed/autsl20/landmark46-v1/train/signer7_sample1916.npz,approved,trainable,true,standard
signer7_sample1921,hastane,5,83,AUTSL,AUTSL_OpenHands_pose_v1,signer7,dataset_license,train,AUTSL/train_poses/signer7_sample1921_color.pkl,processed/autsl20/landmark46-v1/train/signer7_sample1921.npz,approved,trainable,true,standard
signer7_sample1930,igne,8,95,AUTSL,AUTSL_OpenHands_pose_v1,signer7,dataset_license,train,AUTSL/train_poses/signer7_sample1930_color.pkl,processed/autsl20/landmark46-v1/train/signer7_sample1930.npz,approved,trainable,true,standard
signer7_sample1933,yarabandi,17,210,AUTSL,AUTSL_OpenHands_pose_v1,signer7,dataset_license,train,AUTSL/train_poses/signer7_sample1933_color.pkl,processed/autsl20/landmark46-v1/train/signer7_sample1933.npz,approved,trainable,true,standard
signer7_sample1959,gostermek,3,77,AUTSL,AUTSL_OpenHands_pose_v1,signer7,dataset_license,train,AUTSL/train_poses/signer7_sample1959_color.pkl,processed/autsl20/landmark46-v1/train/signer7_sample1959.npz,approved,trainable,true,standard
signer7_sample1963,evet,2,65,AUTSL,AUTSL_OpenHands_pose_v1,signer7,dataset_license,train,AUTSL/train_poses/signer7_sample1963_color.pkl,processed/autsl20/landmark46-v1/train/signer7_sample1963.npz,approved,trainable,true,standard
signer7_sample1968,yarabandi,17,210,AUTSL,AUTSL_OpenHands_pose_v1,signer7,dataset_license,train,AUTSL/train_poses/signer7_sample1968_color.pkl,processed/autsl20/landmark46-v1/train/signer7_sample1968.npz,approved,trainable,true,standard
signer7_sample1971,doktor,0,52,AUTSL,AUTSL_OpenHands_pose_v1,signer7,dataset_license,train,AUTSL/train_poses/signer7_sample1971_color.pkl,processed/autsl20/landmark46-v1/train/signer7_sample1971.npz,approved,trainable,true,standard
signer7_sample1983,iyi,10,100,AUTSL,AUTSL_OpenHands_pose_v1,signer7,dataset_license,train,AUTSL/train_poses/signer7_sample1983_color.pkl,processed/autsl20/landmark46-v1/train/signer7_sample1983.npz,approved,trainable,true,standard
signer7_sample1994,tuvalet,16,200,AUTSL,AUTSL_OpenHands_pose_v1,signer7,dataset_license,train,AUTSL/train_poses/signer7_sample1994_color.pkl,processed/autsl20/landmark46-v1/train/signer7_sample1994.npz,approved,trainable,true,standard
signer7_sample2007,yardim,18,211,AUTSL,AUTSL_OpenHands_pose_v1,signer7,dataset_license,train,AUTSL/train_poses/signer7_sample2007_color.pkl,processed/autsl20/landmark46-v1/train/signer7_sample2007.npz,approved,trainable,true,red_flag
signer7_sample2028,yorgun,19,222,AUTSL,AUTSL_OpenHands_pose_v1,signer7,dataset_license,train,AUTSL/train_poses/signer7_sample2028_color.pkl,processed/autsl20/landmark46-v1/train/signer7_sample2028.npz,approved,trainable,true,standard
signer7_sample2055,icmek,7,94,AUTSL,AUTSL_OpenHands_pose_v1,signer7,dataset_license,train,AUTSL/train_poses/signer7_sample2055_color.pkl,processed/autsl20/landmark46-v1/train/signer7_sample2055.npz,approved,trainable,true,standard
signer7_sample2077,evet,2,65,AUTSL,AUTSL_OpenHands_pose_v1,signer7,dataset_license,train,AUTSL/train_poses/signer7_sample2077_color.pkl,processed/autsl20/landmark46-v1/train/signer7_sample2077.npz,approved,trainable,true,standard
signer7_sample2088,yarabandi,17,210,AUTSL,AUTSL_OpenHands_pose_v1,signer7,dataset_license,train,AUTSL/train_poses/signer7_sample2088_color.pkl,processed/autsl20/landmark46-v1/train/signer7_sample2088.npz,approved,trainable,true,standard
signer7_sample2092,gostermek,3,77,AUTSL,AUTSL_OpenHands_pose_v1,signer7,dataset_license,train,AUTSL/train_poses/signer7_sample2092_color.pkl,processed/autsl20/landmark46-v1/train/signer7_sample2092.npz,approved,trainable,true,standard
signer7_sample2099,tehlike,15,192,AUTSL,AUTSL_OpenHands_pose_v1,signer7,dataset_license,train,AUTSL/train_poses/signer7_sample2099_color.pkl,processed/autsl20/landmark46-v1/train/signer7_sample2099.npz,approved,trainable,true,red_flag
signer7_sample2107,yardim,18,211,AUTSL,AUTSL_OpenHands_pose_v1,signer7,dataset_license,train,AUTSL/train_poses/signer7_sample2107_color.pkl,processed/autsl20/landmark46-v1/train/signer7_sample2107.npz,approved,trainable,true,red_flag
signer7_sample2115,hasta,4,82,AUTSL,AUTSL_OpenHands_pose_v1,signer7,dataset_license,train,AUTSL/train_poses/signer7_sample2115_color.pkl,processed/autsl20/landmark46-v1/train/signer7_sample2115.npz,approved,trainable,true,standard
signer7_sample2134,eczane,1,58,AUTSL,AUTSL_OpenHands_pose_v1,signer7,dataset_license,train,AUTSL/train_poses/signer7_sample2134_color.pkl,processed/autsl20/landmark46-v1/train/signer7_sample2134.npz,approved,trainable,true,standard
signer7_sample2143,hasta,4,82,AUTSL,AUTSL_OpenHands_pose_v1,signer7,dataset_license,train,AUTSL/train_poses/signer7_sample2143_color.pkl,processed/autsl20/landmark46-v1/train/signer7_sample2143.npz,approved,trainable,true,standard
signer7_sample2147,nerede,13,138,AUTSL,AUTSL_OpenHands_pose_v1,signer7,dataset_license,train,AUTSL/train_poses/signer7_sample2147_color.pkl,processed/autsl20/landmark46-v1/train/signer7_sample2147.npz,approved,trainable,true,standard
signer7_sample2148,tuvalet,16,200,AUTSL,AUTSL_OpenHands_pose_v1,signer7,dataset_license,train,AUTSL/train_poses/signer7_sample2148_color.pkl,processed/autsl20/landmark46-v1/train/signer7_sample2148.npz,approved,trainable,true,standard
signer7_sample2154,ilac,9,96,AUTSL,AUTSL_OpenHands_pose_v1,signer7,dataset_license,train,AUTSL/train_poses/signer7_sample2154_color.pkl,processed/autsl20/landmark46-v1/train/signer7_sample2154.npz,approved,trainable,true,standard
signer7_sample2165,gostermek,3,77,AUTSL,AUTSL_OpenHands_pose_v1,signer7,dataset_license,train,AUTSL/train_poses/signer7_sample2165_color.pkl,processed/autsl20/landmark46-v1/train/signer7_sample2165.npz,approved,trainable,true,standard
signer7_sample2176,kaza,11,108,AUTSL,AUTSL_OpenHands_pose_v1,signer7,dataset_license,train,AUTSL/train_poses/signer7_sample2176_color.pkl,processed/autsl20/landmark46-v1/train/signer7_sample2176.npz,approved,trainable,true,standard
signer7_sample2181,hasta,4,82,AUTSL,AUTSL_OpenHands_pose_v1,signer7,dataset_license,train,AUTSL/train_poses/signer7_sample2181_color.pkl,processed/autsl20/landmark46-v1/train/signer7_sample2181.npz,approved,trainable,true,standard
signer7_sample2203,yardim,18,211,AUTSL,AUTSL_OpenHands_pose_v1,signer7,dataset_license,train,AUTSL/train_poses/signer7_sample2203_color.pkl,processed/autsl20/landmark46-v1/train/signer7_sample2203.npz,approved,trainable,true,red_flag
signer7_sample2217,tuvalet,16,200,AUTSL,AUTSL_OpenHands_pose_v1,signer7,dataset_license,train,AUTSL/train_poses/signer7_sample2217_color.pkl,processed/autsl20/landmark46-v1/train/signer7_sample2217.npz,approved,trainable,true,standard
signer7_sample2247,yardim,18,211,AUTSL,AUTSL_OpenHands_pose_v1,signer7,dataset_license,train,AUTSL/train_poses/signer7_sample2247_color.pkl,processed/autsl20/landmark46-v1/train/signer7_sample2247.npz,approved,trainable,true,red_flag
signer7_sample2253,yarabandi,17,210,AUTSL,AUTSL_OpenHands_pose_v1,signer7,dataset_license,train,AUTSL/train_poses/signer7_sample2253_color.pkl,processed/autsl20/landmark46-v1/train/signer7_sample2253.npz,approved,trainable,true,standard
signer7_sample2255,ilac,9,96,AUTSL,AUTSL_OpenHands_pose_v1,signer7,dataset_license,train,AUTSL/train_poses/signer7_sample2255_color.pkl,processed/autsl20/landmark46-v1/train/signer7_sample2255.npz,approved,trainable,true,standard
signer7_sample2256,hastane,5,83,AUTSL,AUTSL_OpenHands_pose_v1,signer7,dataset_license,train,AUTSL/train_poses/signer7_sample2256_color.pkl,processed/autsl20/landmark46-v1/train/signer7_sample2256.npz,approved,trainable,true,standard
signer7_sample2271,gostermek,3,77,AUTSL,AUTSL_OpenHands_pose_v1,signer7,dataset_license,train,AUTSL/train_poses/signer7_sample2271_color.pkl,processed/autsl20/landmark46-v1/train/signer7_sample2271.npz,approved,trainable,true,standard
signer7_sample2273,doktor,0,52,AUTSL,AUTSL_OpenHands_pose_v1,signer7,dataset_license,train,AUTSL/train_poses/signer7_sample2273_color.pkl,processed/autsl20/landmark46-v1/train/signer7_sample2273.npz,approved,trainable,true,standard
signer7_sample2277,iyi,10,100,AUTSL,AUTSL_OpenHands_pose_v1,signer7,dataset_license,train,AUTSL/train_poses/signer7_sample2277_color.pkl,processed/autsl20/landmark46-v1/train/signer7_sample2277.npz,approved,trainable,true,standard
signer7_sample2291,iyi,10,100,AUTSL,AUTSL_OpenHands_pose_v1,signer7,dataset_license,train,AUTSL/train_poses/signer7_sample2291_color.pkl,processed/autsl20/landmark46-v1/train/signer7_sample2291.npz,approved,trainable,true,standard
signer7_sample2297,hayir,6,86,AUTSL,AUTSL_OpenHands_pose_v1,signer7,dataset_license,train,AUTSL/train_poses/signer7_sample2297_color.pkl,processed/autsl20/landmark46-v1/train/signer7_sample2297.npz,approved,trainable,true,standard
signer7_sample2300,evet,2,65,AUTSL,AUTSL_OpenHands_pose_v1,signer7,dataset_license,train,AUTSL/train_poses/signer7_sample2300_color.pkl,processed/autsl20/landmark46-v1/train/signer7_sample2300.npz,approved,trainable,true,standard
signer7_sample2318,kotu,12,122,AUTSL,AUTSL_OpenHands_pose_v1,signer7,dataset_license,train,AUTSL/train_poses/signer7_sample2318_color.pkl,processed/autsl20/landmark46-v1/train/signer7_sample2318.npz,approved,trainable,true,standard
signer7_sample2321,kotu,12,122,AUTSL,AUTSL_OpenHands_pose_v1,signer7,dataset_license,train,AUTSL/train_poses/signer7_sample2321_color.pkl,processed/autsl20/landmark46-v1/train/signer7_sample2321.npz,approved,trainable,true,standard
signer7_sample2341,tehlike,15,192,AUTSL,AUTSL_OpenHands_pose_v1,signer7,dataset_license,train,AUTSL/train_poses/signer7_sample2341_color.pkl,processed/autsl20/landmark46-v1/train/signer7_sample2341.npz,approved,trainable,true,red_flag
signer7_sample2350,kotu,12,122,AUTSL,AUTSL_OpenHands_pose_v1,signer7,dataset_license,train,AUTSL/train_poses/signer7_sample2350_color.pkl,processed/autsl20/landmark46-v1/train/signer7_sample2350.npz,approved,trainable,true,standard
signer7_sample2353,tuvalet,16,200,AUTSL,AUTSL_OpenHands_pose_v1,signer7,dataset_license,train,AUTSL/train_poses/signer7_sample2353_color.pkl,processed/autsl20/landmark46-v1/train/signer7_sample2353.npz,approved,trainable,true,standard
signer7_sample2356,nerede,13,138,AUTSL,AUTSL_OpenHands_pose_v1,signer7,dataset_license,train,AUTSL/train_poses/signer7_sample2356_color.pkl,processed/autsl20/landmark46-v1/train/signer7_sample2356.npz,approved,trainable,true,standard
signer7_sample2357,seker,14,172,AUTSL,AUTSL_OpenHands_pose_v1,signer7,dataset_license,train,AUTSL/train_poses/signer7_sample2357_color.pkl,processed/autsl20/landmark46-v1/train/signer7_sample2357.npz,approved,trainable,true,standard
signer7_sample2376,kotu,12,122,AUTSL,AUTSL_OpenHands_pose_v1,signer7,dataset_license,train,AUTSL/train_poses/signer7_sample2376_color.pkl,processed/autsl20/landmark46-v1/train/signer7_sample2376.npz,approved,trainable,true,standard
signer7_sample2429,evet,2,65,AUTSL,AUTSL_OpenHands_pose_v1,signer7,dataset_license,train,AUTSL/train_poses/signer7_sample2429_color.pkl,processed/autsl20/landmark46-v1/train/signer7_sample2429.npz,approved,trainable,true,standard
signer7_sample2437,eczane,1,58,AUTSL,AUTSL_OpenHands_pose_v1,signer7,dataset_license,train,AUTSL/train_poses/signer7_sample2437_color.pkl,processed/autsl20/landmark46-v1/train/signer7_sample2437.npz,approved,trainable,true,standard
signer7_sample2442,doktor,0,52,AUTSL,AUTSL_OpenHands_pose_v1,signer7,dataset_license,train,AUTSL/train_poses/signer7_sample2442_color.pkl,processed/autsl20/landmark46-v1/train/signer7_sample2442.npz,approved,trainable,true,standard
signer7_sample2456,yardim,18,211,AUTSL,AUTSL_OpenHands_pose_v1,signer7,dataset_license,train,AUTSL/train_poses/signer7_sample2456_color.pkl,processed/autsl20/landmark46-v1/train/signer7_sample2456.npz,approved,trainable,true,red_flag
signer7_sample2469,icmek,7,94,AUTSL,AUTSL_OpenHands_pose_v1,signer7,dataset_license,train,AUTSL/train_poses/signer7_sample2469_color.pkl,processed/autsl20/landmark46-v1/train/signer7_sample2469.npz,approved,trainable,true,standard
signer7_sample2491,yorgun,19,222,AUTSL,AUTSL_OpenHands_pose_v1,signer7,dataset_license,train,AUTSL/train_poses/signer7_sample2491_color.pkl,processed/autsl20/landmark46-v1/train/signer7_sample2491.npz,approved,trainable,true,standard
signer7_sample2495,yorgun,19,222,AUTSL,AUTSL_OpenHands_pose_v1,signer7,dataset_license,train,AUTSL/train_poses/signer7_sample2495_color.pkl,processed/autsl20/landmark46-v1/train/signer7_sample2495.npz,approved,trainable,true,standard
signer7_sample2499,kaza,11,108,AUTSL,AUTSL_OpenHands_pose_v1,signer7,dataset_license,train,AUTSL/train_poses/signer7_sample2499_color.pkl,processed/autsl20/landmark46-v1/train/signer7_sample2499.npz,approved,trainable,true,standard
signer7_sample2513,hasta,4,82,AUTSL,AUTSL_OpenHands_pose_v1,signer7,dataset_license,train,AUTSL/train_poses/signer7_sample2513_color.pkl,processed/autsl20/landmark46-v1/train/signer7_sample2513.npz,approved,trainable,true,standard
signer7_sample2532,nerede,13,138,AUTSL,AUTSL_OpenHands_pose_v1,signer7,dataset_license,train,AUTSL/train_poses/signer7_sample2532_color.pkl,processed/autsl20/landmark46-v1/train/signer7_sample2532.npz,approved,trainable,true,standard
signer7_sample2540,doktor,0,52,AUTSL,AUTSL_OpenHands_pose_v1,signer7,dataset_license,train,AUTSL/train_poses/signer7_sample2540_color.pkl,processed/autsl20/landmark46-v1/train/signer7_sample2540.npz,approved,trainable,true,standard
signer7_sample2565,igne,8,95,AUTSL,AUTSL_OpenHands_pose_v1,signer7,dataset_license,train,AUTSL/train_poses/signer7_sample2565_color.pkl,processed/autsl20/landmark46-v1/train/signer7_sample2565.npz,approved,trainable,true,standard
signer7_sample2594,yorgun,19,222,AUTSL,AUTSL_OpenHands_pose_v1,signer7,dataset_license,train,AUTSL/train_poses/signer7_sample2594_color.pkl,processed/autsl20/landmark46-v1/train/signer7_sample2594.npz,approved,trainable,true,standard
signer7_sample2602,iyi,10,100,AUTSL,AUTSL_OpenHands_pose_v1,signer7,dataset_license,train,AUTSL/train_poses/signer7_sample2602_color.pkl,processed/autsl20/landmark46-v1/train/signer7_sample2602.npz,approved,trainable,true,standard
signer7_sample2607,hasta,4,82,AUTSL,AUTSL_OpenHands_pose_v1,signer7,dataset_license,train,AUTSL/train_poses/signer7_sample2607_color.pkl,processed/autsl20/landmark46-v1/train/signer7_sample2607.npz,approved,trainable,true,standard
signer7_sample2609,ilac,9,96,AUTSL,AUTSL_OpenHands_pose_v1,signer7,dataset_license,train,AUTSL/train_poses/signer7_sample2609_color.pkl,processed/autsl20/landmark46-v1/train/signer7_sample2609.npz,approved,trainable,true,standard
signer7_sample2613,yorgun,19,222,AUTSL,AUTSL_OpenHands_pose_v1,signer7,dataset_license,train,AUTSL/train_poses/signer7_sample2613_color.pkl,processed/autsl20/landmark46-v1/train/signer7_sample2613.npz,approved,trainable,true,standard
signer7_sample2627,hastane,5,83,AUTSL,AUTSL_OpenHands_pose_v1,signer7,dataset_license,train,AUTSL/train_poses/signer7_sample2627_color.pkl,processed/autsl20/landmark46-v1/train/signer7_sample2627.npz,approved,trainable,true,standard
signer7_sample2644,nerede,13,138,AUTSL,AUTSL_OpenHands_pose_v1,signer7,dataset_license,train,AUTSL/train_poses/signer7_sample2644_color.pkl,processed/autsl20/landmark46-v1/train/signer7_sample2644.npz,approved,trainable,true,standard
signer7_sample2645,ilac,9,96,AUTSL,AUTSL_OpenHands_pose_v1,signer7,dataset_license,train,AUTSL/train_poses/signer7_sample2645_color.pkl,processed/autsl20/landmark46-v1/train/signer7_sample2645.npz,approved,trainable,true,standard
signer7_sample2648,nerede,13,138,AUTSL,AUTSL_OpenHands_pose_v1,signer7,dataset_license,train,AUTSL/train_poses/signer7_sample2648_color.pkl,processed/autsl20/landmark46-v1/train/signer7_sample2648.npz,approved,trainable,true,standard
signer7_sample2664,doktor,0,52,AUTSL,AUTSL_OpenHands_pose_v1,signer7,dataset_license,train,AUTSL/train_poses/signer7_sample2664_color.pkl,processed/autsl20/landmark46-v1/train/signer7_sample2664.npz,approved,trainable,true,standard
signer7_sample2671,iyi,10,100,AUTSL,AUTSL_OpenHands_pose_v1,signer7,dataset_license,train,AUTSL/train_poses/signer7_sample2671_color.pkl,processed/autsl20/landmark46-v1/train/signer7_sample2671.npz,approved,trainable,true,standard
signer7_sample2695,hayir,6,86,AUTSL,AUTSL_OpenHands_pose_v1,signer7,dataset_license,train,AUTSL/train_poses/signer7_sample2695_color.pkl,processed/autsl20/landmark46-v1/train/signer7_sample2695.npz,approved,trainable,true,standard
signer7_sample2696,kaza,11,108,AUTSL,AUTSL_OpenHands_pose_v1,signer7,dataset_license,train,AUTSL/train_poses/signer7_sample2696_color.pkl,processed/autsl20/landmark46-v1/train/signer7_sample2696.npz,approved,trainable,true,standard
signer8_sample4,igne,8,95,AUTSL,AUTSL_OpenHands_pose_v1,signer8,dataset_license,train,AUTSL/train_poses/signer8_sample4_color.pkl,processed/autsl20/landmark46-v1/train/signer8_sample4.npz,approved,trainable,true,standard
signer8_sample8,doktor,0,52,AUTSL,AUTSL_OpenHands_pose_v1,signer8,dataset_license,train,AUTSL/train_poses/signer8_sample8_color.pkl,processed/autsl20/landmark46-v1/train/signer8_sample8.npz,approved,trainable,true,standard
signer8_sample13,icmek,7,94,AUTSL,AUTSL_OpenHands_pose_v1,signer8,dataset_license,train,AUTSL/train_poses/signer8_sample13_color.pkl,processed/autsl20/landmark46-v1/train/signer8_sample13.npz,approved,trainable,true,standard
signer8_sample17,hasta,4,82,AUTSL,AUTSL_OpenHands_pose_v1,signer8,dataset_license,train,AUTSL/train_poses/signer8_sample17_color.pkl,processed/autsl20/landmark46-v1/train/signer8_sample17.npz,approved,trainable,true,standard
signer8_sample32,yarabandi,17,210,AUTSL,AUTSL_OpenHands_pose_v1,signer8,dataset_license,train,AUTSL/train_poses/signer8_sample32_color.pkl,processed/autsl20/landmark46-v1/train/signer8_sample32.npz,approved,trainable,true,standard
signer8_sample58,evet,2,65,AUTSL,AUTSL_OpenHands_pose_v1,signer8,dataset_license,train,AUTSL/train_poses/signer8_sample58_color.pkl,processed/autsl20/landmark46-v1/train/signer8_sample58.npz,approved,trainable,true,standard
signer8_sample77,evet,2,65,AUTSL,AUTSL_OpenHands_pose_v1,signer8,dataset_license,train,AUTSL/train_poses/signer8_sample77_color.pkl,processed/autsl20/landmark46-v1/train/signer8_sample77.npz,approved,trainable,true,standard
signer8_sample88,kaza,11,108,AUTSL,AUTSL_OpenHands_pose_v1,signer8,dataset_license,train,AUTSL/train_poses/signer8_sample88_color.pkl,processed/autsl20/landmark46-v1/train/signer8_sample88.npz,approved,trainable,true,standard
signer8_sample93,yorgun,19,222,AUTSL,AUTSL_OpenHands_pose_v1,signer8,dataset_license,train,AUTSL/train_poses/signer8_sample93_color.pkl,processed/autsl20/landmark46-v1/train/signer8_sample93.npz,approved,trainable,true,standard
signer8_sample95,icmek,7,94,AUTSL,AUTSL_OpenHands_pose_v1,signer8,dataset_license,train,AUTSL/train_poses/signer8_sample95_color.pkl,processed/autsl20/landmark46-v1/train/signer8_sample95.npz,approved,trainable,true,standard
signer8_sample112,hastane,5,83,AUTSL,AUTSL_OpenHands_pose_v1,signer8,dataset_license,train,AUTSL/train_poses/signer8_sample112_color.pkl,processed/autsl20/landmark46-v1/train/signer8_sample112.npz,approved,trainable,true,standard
signer8_sample136,iyi,10,100,AUTSL,AUTSL_OpenHands_pose_v1,signer8,dataset_license,train,AUTSL/train_poses/signer8_sample136_color.pkl,processed/autsl20/landmark46-v1/train/signer8_sample136.npz,approved,trainable,true,standard
signer8_sample148,kotu,12,122,AUTSL,AUTSL_OpenHands_pose_v1,signer8,dataset_license,train,AUTSL/train_poses/signer8_sample148_color.pkl,processed/autsl20/landmark46-v1/train/signer8_sample148.npz,approved,trainable,true,standard
signer8_sample169,nerede,13,138,AUTSL,AUTSL_OpenHands_pose_v1,signer8,dataset_license,train,AUTSL/train_poses/signer8_sample169_color.pkl,processed/autsl20/landmark46-v1/train/signer8_sample169.npz,approved,trainable,true,standard
signer8_sample173,kaza,11,108,AUTSL,AUTSL_OpenHands_pose_v1,signer8,dataset_license,train,AUTSL/train_poses/signer8_sample173_color.pkl,processed/autsl20/landmark46-v1/train/signer8_sample173.npz,approved,trainable,true,standard
signer8_sample175,hayir,6,86,AUTSL,AUTSL_OpenHands_pose_v1,signer8,dataset_license,train,AUTSL/train_poses/signer8_sample175_color.pkl,processed/autsl20/landmark46-v1/train/signer8_sample175.npz,approved,trainable,true,standard
signer8_sample177,yorgun,19,222,AUTSL,AUTSL_OpenHands_pose_v1,signer8,dataset_license,train,AUTSL/train_poses/signer8_sample177_color.pkl,processed/autsl20/landmark46-v1/train/signer8_sample177.npz,approved,trainable,true,standard
signer8_sample183,yardim,18,211,AUTSL,AUTSL_OpenHands_pose_v1,signer8,dataset_license,train,AUTSL/train_poses/signer8_sample183_color.pkl,processed/autsl20/landmark46-v1/train/signer8_sample183.npz,approved,trainable,true,red_flag
signer8_sample195,yardim,18,211,AUTSL,AUTSL_OpenHands_pose_v1,signer8,dataset_license,train,AUTSL/train_poses/signer8_sample195_color.pkl,processed/autsl20/landmark46-v1/train/signer8_sample195.npz,approved,trainable,true,red_flag
signer8_sample202,ilac,9,96,AUTSL,AUTSL_OpenHands_pose_v1,signer8,dataset_license,train,AUTSL/train_poses/signer8_sample202_color.pkl,processed/autsl20/landmark46-v1/train/signer8_sample202.npz,approved,trainable,true,standard
signer8_sample205,yarabandi,17,210,AUTSL,AUTSL_OpenHands_pose_v1,signer8,dataset_license,train,AUTSL/train_poses/signer8_sample205_color.pkl,processed/autsl20/landmark46-v1/train/signer8_sample205.npz,approved,trainable,true,standard
signer8_sample226,kotu,12,122,AUTSL,AUTSL_OpenHands_pose_v1,signer8,dataset_license,train,AUTSL/train_poses/signer8_sample226_color.pkl,processed/autsl20/landmark46-v1/train/signer8_sample226.npz,approved,trainable,true,standard
signer8_sample228,iyi,10,100,AUTSL,AUTSL_OpenHands_pose_v1,signer8,dataset_license,train,AUTSL/train_poses/signer8_sample228_color.pkl,processed/autsl20/landmark46-v1/train/signer8_sample228.npz,approved,trainable,true,standard
signer8_sample240,hayir,6,86,AUTSL,AUTSL_OpenHands_pose_v1,signer8,dataset_license,train,AUTSL/train_poses/signer8_sample240_color.pkl,processed/autsl20/landmark46-v1/train/signer8_sample240.npz,approved,trainable,true,standard
signer8_sample243,iyi,10,100,AUTSL,AUTSL_OpenHands_pose_v1,signer8,dataset_license,train,AUTSL/train_poses/signer8_sample243_color.pkl,processed/autsl20/landmark46-v1/train/signer8_sample243.npz,approved,trainable,true,standard
signer8_sample275,ilac,9,96,AUTSL,AUTSL_OpenHands_pose_v1,signer8,dataset_license,train,AUTSL/train_poses/signer8_sample275_color.pkl,processed/autsl20/landmark46-v1/train/signer8_sample275.npz,approved,trainable,true,standard
signer8_sample281,gostermek,3,77,AUTSL,AUTSL_OpenHands_pose_v1,signer8,dataset_license,train,AUTSL/train_poses/signer8_sample281_color.pkl,processed/autsl20/landmark46-v1/train/signer8_sample281.npz,approved,trainable,true,standard
signer8_sample291,nerede,13,138,AUTSL,AUTSL_OpenHands_pose_v1,signer8,dataset_license,train,AUTSL/train_poses/signer8_sample291_color.pkl,processed/autsl20/landmark46-v1/train/signer8_sample291.npz,approved,trainable,true,standard
signer8_sample295,igne,8,95,AUTSL,AUTSL_OpenHands_pose_v1,signer8,dataset_license,train,AUTSL/train_poses/signer8_sample295_color.pkl,processed/autsl20/landmark46-v1/train/signer8_sample295.npz,approved,trainable,true,standard
signer8_sample296,ilac,9,96,AUTSL,AUTSL_OpenHands_pose_v1,signer8,dataset_license,train,AUTSL/train_poses/signer8_sample296_color.pkl,processed/autsl20/landmark46-v1/train/signer8_sample296.npz,approved,trainable,true,standard
signer8_sample335,yarabandi,17,210,AUTSL,AUTSL_OpenHands_pose_v1,signer8,dataset_license,train,AUTSL/train_poses/signer8_sample335_color.pkl,processed/autsl20/landmark46-v1/train/signer8_sample335.npz,approved,trainable,true,standard
signer8_sample337,iyi,10,100,AUTSL,AUTSL_OpenHands_pose_v1,signer8,dataset_license,train,AUTSL/train_poses/signer8_sample337_color.pkl,processed/autsl20/landmark46-v1/train/signer8_sample337.npz,approved,trainable,true,standard
signer8_sample341,iyi,10,100,AUTSL,AUTSL_OpenHands_pose_v1,signer8,dataset_license,train,AUTSL/train_poses/signer8_sample341_color.pkl,processed/autsl20/landmark46-v1/train/signer8_sample341.npz,approved,trainable,true,standard
signer8_sample344,yardim,18,211,AUTSL,AUTSL_OpenHands_pose_v1,signer8,dataset_license,train,AUTSL/train_poses/signer8_sample344_color.pkl,processed/autsl20/landmark46-v1/train/signer8_sample344.npz,approved,trainable,true,red_flag
signer8_sample353,yorgun,19,222,AUTSL,AUTSL_OpenHands_pose_v1,signer8,dataset_license,train,AUTSL/train_poses/signer8_sample353_color.pkl,processed/autsl20/landmark46-v1/train/signer8_sample353.npz,approved,trainable,true,standard
signer8_sample374,tehlike,15,192,AUTSL,AUTSL_OpenHands_pose_v1,signer8,dataset_license,train,AUTSL/train_poses/signer8_sample374_color.pkl,processed/autsl20/landmark46-v1/train/signer8_sample374.npz,approved,trainable,true,red_flag
signer8_sample375,kotu,12,122,AUTSL,AUTSL_OpenHands_pose_v1,signer8,dataset_license,train,AUTSL/train_poses/signer8_sample375_color.pkl,processed/autsl20/landmark46-v1/train/signer8_sample375.npz,approved,trainable,true,standard
signer8_sample391,eczane,1,58,AUTSL,AUTSL_OpenHands_pose_v1,signer8,dataset_license,train,AUTSL/train_poses/signer8_sample391_color.pkl,processed/autsl20/landmark46-v1/train/signer8_sample391.npz,approved,trainable,true,standard
signer8_sample419,hayir,6,86,AUTSL,AUTSL_OpenHands_pose_v1,signer8,dataset_license,train,AUTSL/train_poses/signer8_sample419_color.pkl,processed/autsl20/landmark46-v1/train/signer8_sample419.npz,approved,trainable,true,standard
signer8_sample423,seker,14,172,AUTSL,AUTSL_OpenHands_pose_v1,signer8,dataset_license,train,AUTSL/train_poses/signer8_sample423_color.pkl,processed/autsl20/landmark46-v1/train/signer8_sample423.npz,approved,trainable,true,standard
signer8_sample442,evet,2,65,AUTSL,AUTSL_OpenHands_pose_v1,signer8,dataset_license,train,AUTSL/train_poses/signer8_sample442_color.pkl,processed/autsl20/landmark46-v1/train/signer8_sample442.npz,approved,trainable,true,standard
signer8_sample473,tuvalet,16,200,AUTSL,AUTSL_OpenHands_pose_v1,signer8,dataset_license,train,AUTSL/train_poses/signer8_sample473_color.pkl,processed/autsl20/landmark46-v1/train/signer8_sample473.npz,approved,trainable,true,standard
signer8_sample477,hasta,4,82,AUTSL,AUTSL_OpenHands_pose_v1,signer8,dataset_license,train,AUTSL/train_poses/signer8_sample477_color.pkl,processed/autsl20/landmark46-v1/train/signer8_sample477.npz,approved,trainable,true,standard
signer8_sample491,nerede,13,138,AUTSL,AUTSL_OpenHands_pose_v1,signer8,dataset_license,train,AUTSL/train_poses/signer8_sample491_color.pkl,processed/autsl20/landmark46-v1/train/signer8_sample491.npz,approved,trainable,true,standard
signer8_sample497,kotu,12,122,AUTSL,AUTSL_OpenHands_pose_v1,signer8,dataset_license,train,AUTSL/train_poses/signer8_sample497_color.pkl,processed/autsl20/landmark46-v1/train/signer8_sample497.npz,approved,trainable,true,standard
signer8_sample503,tehlike,15,192,AUTSL,AUTSL_OpenHands_pose_v1,signer8,dataset_license,train,AUTSL/train_poses/signer8_sample503_color.pkl,processed/autsl20/landmark46-v1/train/signer8_sample503.npz,approved,trainable,true,red_flag
signer8_sample532,yorgun,19,222,AUTSL,AUTSL_OpenHands_pose_v1,signer8,dataset_license,train,AUTSL/train_poses/signer8_sample532_color.pkl,processed/autsl20/landmark46-v1/train/signer8_sample532.npz,approved,trainable,true,standard
signer8_sample534,eczane,1,58,AUTSL,AUTSL_OpenHands_pose_v1,signer8,dataset_license,train,AUTSL/train_poses/signer8_sample534_color.pkl,processed/autsl20/landmark46-v1/train/signer8_sample534.npz,approved,trainable,true,standard
signer8_sample539,yardim,18,211,AUTSL,AUTSL_OpenHands_pose_v1,signer8,dataset_license,train,AUTSL/train_poses/signer8_sample539_color.pkl,processed/autsl20/landmark46-v1/train/signer8_sample539.npz,approved,trainable,true,red_flag
signer8_sample544,kaza,11,108,AUTSL,AUTSL_OpenHands_pose_v1,signer8,dataset_license,train,AUTSL/train_poses/signer8_sample544_color.pkl,processed/autsl20/landmark46-v1/train/signer8_sample544.npz,approved,trainable,true,standard
signer8_sample563,ilac,9,96,AUTSL,AUTSL_OpenHands_pose_v1,signer8,dataset_license,train,AUTSL/train_poses/signer8_sample563_color.pkl,processed/autsl20/landmark46-v1/train/signer8_sample563.npz,approved,trainable,true,standard
signer8_sample581,hastane,5,83,AUTSL,AUTSL_OpenHands_pose_v1,signer8,dataset_license,train,AUTSL/train_poses/signer8_sample581_color.pkl,processed/autsl20/landmark46-v1/train/signer8_sample581.npz,approved,trainable,true,standard
signer8_sample589,ilac,9,96,AUTSL,AUTSL_OpenHands_pose_v1,signer8,dataset_license,train,AUTSL/train_poses/signer8_sample589_color.pkl,processed/autsl20/landmark46-v1/train/signer8_sample589.npz,approved,trainable,true,standard
signer8_sample593,tehlike,15,192,AUTSL,AUTSL_OpenHands_pose_v1,signer8,dataset_license,train,AUTSL/train_poses/signer8_sample593_color.pkl,processed/autsl20/landmark46-v1/train/signer8_sample593.npz,approved,trainable,true,red_flag
signer8_sample624,evet,2,65,AUTSL,AUTSL_OpenHands_pose_v1,signer8,dataset_license,train,AUTSL/train_poses/signer8_sample624_color.pkl,processed/autsl20/landmark46-v1/train/signer8_sample624.npz,approved,trainable,true,standard
signer8_sample644,icmek,7,94,AUTSL,AUTSL_OpenHands_pose_v1,signer8,dataset_license,train,AUTSL/train_poses/signer8_sample644_color.pkl,processed/autsl20/landmark46-v1/train/signer8_sample644.npz,approved,trainable,true,standard
signer8_sample647,igne,8,95,AUTSL,AUTSL_OpenHands_pose_v1,signer8,dataset_license,train,AUTSL/train_poses/signer8_sample647_color.pkl,processed/autsl20/landmark46-v1/train/signer8_sample647.npz,approved,trainable,true,standard
signer8_sample700,tuvalet,16,200,AUTSL,AUTSL_OpenHands_pose_v1,signer8,dataset_license,train,AUTSL/train_poses/signer8_sample700_color.pkl,processed/autsl20/landmark46-v1/train/signer8_sample700.npz,approved,trainable,true,standard
signer8_sample703,gostermek,3,77,AUTSL,AUTSL_OpenHands_pose_v1,signer8,dataset_license,train,AUTSL/train_poses/signer8_sample703_color.pkl,processed/autsl20/landmark46-v1/train/signer8_sample703.npz,approved,trainable,true,standard
signer8_sample714,kotu,12,122,AUTSL,AUTSL_OpenHands_pose_v1,signer8,dataset_license,train,AUTSL/train_poses/signer8_sample714_color.pkl,processed/autsl20/landmark46-v1/train/signer8_sample714.npz,approved,trainable,true,standard
signer8_sample716,gostermek,3,77,AUTSL,AUTSL_OpenHands_pose_v1,signer8,dataset_license,train,AUTSL/train_poses/signer8_sample716_color.pkl,processed/autsl20/landmark46-v1/train/signer8_sample716.npz,approved,trainable,true,standard
signer8_sample719,kaza,11,108,AUTSL,AUTSL_OpenHands_pose_v1,signer8,dataset_license,train,AUTSL/train_poses/signer8_sample719_color.pkl,processed/autsl20/landmark46-v1/train/signer8_sample719.npz,approved,trainable,true,standard
signer8_sample736,tuvalet,16,200,AUTSL,AUTSL_OpenHands_pose_v1,signer8,dataset_license,train,AUTSL/train_poses/signer8_sample736_color.pkl,processed/autsl20/landmark46-v1/train/signer8_sample736.npz,approved,trainable,true,standard
signer8_sample752,yorgun,19,222,AUTSL,AUTSL_OpenHands_pose_v1,signer8,dataset_license,train,AUTSL/train_poses/signer8_sample752_color.pkl,processed/autsl20/landmark46-v1/train/signer8_sample752.npz,approved,trainable,true,standard
signer8_sample755,kaza,11,108,AUTSL,AUTSL_OpenHands_pose_v1,signer8,dataset_license,train,AUTSL/train_poses/signer8_sample755_color.pkl,processed/autsl20/landmark46-v1/train/signer8_sample755.npz,approved,trainable,true,standard
signer8_sample757,iyi,10,100,AUTSL,AUTSL_OpenHands_pose_v1,signer8,dataset_license,train,AUTSL/train_poses/signer8_sample757_color.pkl,processed/autsl20/landmark46-v1/train/signer8_sample757.npz,approved,trainable,true,standard
signer8_sample760,evet,2,65,AUTSL,AUTSL_OpenHands_pose_v1,signer8,dataset_license,train,AUTSL/train_poses/signer8_sample760_color.pkl,processed/autsl20/landmark46-v1/train/signer8_sample760.npz,approved,trainable,true,standard
signer8_sample772,ilac,9,96,AUTSL,AUTSL_OpenHands_pose_v1,signer8,dataset_license,train,AUTSL/train_poses/signer8_sample772_color.pkl,processed/autsl20/landmark46-v1/train/signer8_sample772.npz,approved,trainable,true,standard
signer8_sample839,doktor,0,52,AUTSL,AUTSL_OpenHands_pose_v1,signer8,dataset_license,train,AUTSL/train_poses/signer8_sample839_color.pkl,processed/autsl20/landmark46-v1/train/signer8_sample839.npz,approved,trainable,true,standard
signer8_sample857,icmek,7,94,AUTSL,AUTSL_OpenHands_pose_v1,signer8,dataset_license,train,AUTSL/train_poses/signer8_sample857_color.pkl,processed/autsl20/landmark46-v1/train/signer8_sample857.npz,approved,trainable,true,standard
signer8_sample858,yarabandi,17,210,AUTSL,AUTSL_OpenHands_pose_v1,signer8,dataset_license,train,AUTSL/train_poses/signer8_sample858_color.pkl,processed/autsl20/landmark46-v1/train/signer8_sample858.npz,approved,trainable,true,standard
signer8_sample863,eczane,1,58,AUTSL,AUTSL_OpenHands_pose_v1,signer8,dataset_license,train,AUTSL/train_poses/signer8_sample863_color.pkl,processed/autsl20/landmark46-v1/train/signer8_sample863.npz,approved,trainable,true,standard
signer8_sample878,hasta,4,82,AUTSL,AUTSL_OpenHands_pose_v1,signer8,dataset_license,train,AUTSL/train_poses/signer8_sample878_color.pkl,processed/autsl20/landmark46-v1/train/signer8_sample878.npz,approved,trainable,true,standard
signer8_sample891,gostermek,3,77,AUTSL,AUTSL_OpenHands_pose_v1,signer8,dataset_license,train,AUTSL/train_poses/signer8_sample891_color.pkl,processed/autsl20/landmark46-v1/train/signer8_sample891.npz,approved,trainable,true,standard
signer8_sample910,nerede,13,138,AUTSL,AUTSL_OpenHands_pose_v1,signer8,dataset_license,train,AUTSL/train_poses/signer8_sample910_color.pkl,processed/autsl20/landmark46-v1/train/signer8_sample910.npz,approved,trainable,true,standard
signer8_sample958,yardim,18,211,AUTSL,AUTSL_OpenHands_pose_v1,signer8,dataset_license,train,AUTSL/train_poses/signer8_sample958_color.pkl,processed/autsl20/landmark46-v1/train/signer8_sample958.npz,approved,trainable,true,red_flag
signer8_sample959,doktor,0,52,AUTSL,AUTSL_OpenHands_pose_v1,signer8,dataset_license,train,AUTSL/train_poses/signer8_sample959_color.pkl,processed/autsl20/landmark46-v1/train/signer8_sample959.npz,approved,trainable,true,standard
signer8_sample961,tehlike,15,192,AUTSL,AUTSL_OpenHands_pose_v1,signer8,dataset_license,train,AUTSL/train_poses/signer8_sample961_color.pkl,processed/autsl20/landmark46-v1/train/signer8_sample961.npz,approved,trainable,true,red_flag
signer8_sample972,tehlike,15,192,AUTSL,AUTSL_OpenHands_pose_v1,signer8,dataset_license,train,AUTSL/train_poses/signer8_sample972_color.pkl,processed/autsl20/landmark46-v1/train/signer8_sample972.npz,approved,trainable,true,red_flag
signer8_sample977,evet,2,65,AUTSL,AUTSL_OpenHands_pose_v1,signer8,dataset_license,train,AUTSL/train_poses/signer8_sample977_color.pkl,processed/autsl20/landmark46-v1/train/signer8_sample977.npz,approved,trainable,true,standard
signer8_sample987,doktor,0,52,AUTSL,AUTSL_OpenHands_pose_v1,signer8,dataset_license,train,AUTSL/train_poses/signer8_sample987_color.pkl,processed/autsl20/landmark46-v1/train/signer8_sample987.npz,approved,trainable,true,standard
signer8_sample996,doktor,0,52,AUTSL,AUTSL_OpenHands_pose_v1,signer8,dataset_license,train,AUTSL/train_poses/signer8_sample996_color.pkl,processed/autsl20/landmark46-v1/train/signer8_sample996.npz,approved,trainable,true,standard
signer8_sample1015,yardim,18,211,AUTSL,AUTSL_OpenHands_pose_v1,signer8,dataset_license,train,AUTSL/train_poses/signer8_sample1015_color.pkl,processed/autsl20/landmark46-v1/train/signer8_sample1015.npz,approved,trainable,true,red_flag
signer8_sample1020,igne,8,95,AUTSL,AUTSL_OpenHands_pose_v1,signer8,dataset_license,train,AUTSL/train_poses/signer8_sample1020_color.pkl,processed/autsl20/landmark46-v1/train/signer8_sample1020.npz,approved,trainable,true,standard
signer8_sample1080,kotu,12,122,AUTSL,AUTSL_OpenHands_pose_v1,signer8,dataset_license,train,AUTSL/train_poses/signer8_sample1080_color.pkl,processed/autsl20/landmark46-v1/train/signer8_sample1080.npz,approved,trainable,true,standard
signer8_sample1096,ilac,9,96,AUTSL,AUTSL_OpenHands_pose_v1,signer8,dataset_license,train,AUTSL/train_poses/signer8_sample1096_color.pkl,processed/autsl20/landmark46-v1/train/signer8_sample1096.npz,approved,trainable,true,standard
signer8_sample1106,hastane,5,83,AUTSL,AUTSL_OpenHands_pose_v1,signer8,dataset_license,train,AUTSL/train_poses/signer8_sample1106_color.pkl,processed/autsl20/landmark46-v1/train/signer8_sample1106.npz,approved,trainable,true,standard
signer8_sample1113,icmek,7,94,AUTSL,AUTSL_OpenHands_pose_v1,signer8,dataset_license,train,AUTSL/train_poses/signer8_sample1113_color.pkl,processed/autsl20/landmark46-v1/train/signer8_sample1113.npz,approved,trainable,true,standard
signer8_sample1121,iyi,10,100,AUTSL,AUTSL_OpenHands_pose_v1,signer8,dataset_license,train,AUTSL/train_poses/signer8_sample1121_color.pkl,processed/autsl20/landmark46-v1/train/signer8_sample1121.npz,approved,trainable,true,standard
signer8_sample1134,evet,2,65,AUTSL,AUTSL_OpenHands_pose_v1,signer8,dataset_license,train,AUTSL/train_poses/signer8_sample1134_color.pkl,processed/autsl20/landmark46-v1/train/signer8_sample1134.npz,approved,trainable,true,standard
signer8_sample1136,hastane,5,83,AUTSL,AUTSL_OpenHands_pose_v1,signer8,dataset_license,train,AUTSL/train_poses/signer8_sample1136_color.pkl,processed/autsl20/landmark46-v1/train/signer8_sample1136.npz,approved,trainable,true,standard
signer8_sample1168,icmek,7,94,AUTSL,AUTSL_OpenHands_pose_v1,signer8,dataset_license,train,AUTSL/train_poses/signer8_sample1168_color.pkl,processed/autsl20/landmark46-v1/train/signer8_sample1168.npz,approved,trainable,true,standard
signer8_sample1173,igne,8,95,AUTSL,AUTSL_OpenHands_pose_v1,signer8,dataset_license,train,AUTSL/train_poses/signer8_sample1173_color.pkl,processed/autsl20/landmark46-v1/train/signer8_sample1173.npz,approved,trainable,true,standard
signer8_sample1177,hayir,6,86,AUTSL,AUTSL_OpenHands_pose_v1,signer8,dataset_license,train,AUTSL/train_poses/signer8_sample1177_color.pkl,processed/autsl20/landmark46-v1/train/signer8_sample1177.npz,approved,trainable,true,standard
signer8_sample1205,yarabandi,17,210,AUTSL,AUTSL_OpenHands_pose_v1,signer8,dataset_license,train,AUTSL/train_poses/signer8_sample1205_color.pkl,processed/autsl20/landmark46-v1/train/signer8_sample1205.npz,approved,trainable,true,standard
signer8_sample1228,evet,2,65,AUTSL,AUTSL_OpenHands_pose_v1,signer8,dataset_license,train,AUTSL/train_poses/signer8_sample1228_color.pkl,processed/autsl20/landmark46-v1/train/signer8_sample1228.npz,approved,trainable,true,standard
signer8_sample1238,tuvalet,16,200,AUTSL,AUTSL_OpenHands_pose_v1,signer8,dataset_license,train,AUTSL/train_poses/signer8_sample1238_color.pkl,processed/autsl20/landmark46-v1/train/signer8_sample1238.npz,approved,trainable,true,standard
signer8_sample1251,kotu,12,122,AUTSL,AUTSL_OpenHands_pose_v1,signer8,dataset_license,train,AUTSL/train_poses/signer8_sample1251_color.pkl,processed/autsl20/landmark46-v1/train/signer8_sample1251.npz,approved,trainable,true,standard
signer8_sample1264,hayir,6,86,AUTSL,AUTSL_OpenHands_pose_v1,signer8,dataset_license,train,AUTSL/train_poses/signer8_sample1264_color.pkl,processed/autsl20/landmark46-v1/train/signer8_sample1264.npz,approved,trainable,true,standard
signer8_sample1277,nerede,13,138,AUTSL,AUTSL_OpenHands_pose_v1,signer8,dataset_license,train,AUTSL/train_poses/signer8_sample1277_color.pkl,processed/autsl20/landmark46-v1/train/signer8_sample1277.npz,approved,trainable,true,standard
signer8_sample1281,eczane,1,58,AUTSL,AUTSL_OpenHands_pose_v1,signer8,dataset_license,train,AUTSL/train_poses/signer8_sample1281_color.pkl,processed/autsl20/landmark46-v1/train/signer8_sample1281.npz,approved,trainable,true,standard
signer8_sample1291,yarabandi,17,210,AUTSL,AUTSL_OpenHands_pose_v1,signer8,dataset_license,train,AUTSL/train_poses/signer8_sample1291_color.pkl,processed/autsl20/landmark46-v1/train/signer8_sample1291.npz,approved,trainable,true,standard
signer8_sample1296,tehlike,15,192,AUTSL,AUTSL_OpenHands_pose_v1,signer8,dataset_license,train,AUTSL/train_poses/signer8_sample1296_color.pkl,processed/autsl20/landmark46-v1/train/signer8_sample1296.npz,approved,trainable,true,red_flag
signer8_sample1304,yorgun,19,222,AUTSL,AUTSL_OpenHands_pose_v1,signer8,dataset_license,train,AUTSL/train_poses/signer8_sample1304_color.pkl,processed/autsl20/landmark46-v1/train/signer8_sample1304.npz,approved,trainable,true,standard
signer8_sample1322,tuvalet,16,200,AUTSL,AUTSL_OpenHands_pose_v1,signer8,dataset_license,train,AUTSL/train_poses/signer8_sample1322_color.pkl,processed/autsl20/landmark46-v1/train/signer8_sample1322.npz,approved,trainable,true,standard
signer8_sample1325,hasta,4,82,AUTSL,AUTSL_OpenHands_pose_v1,signer8,dataset_license,train,AUTSL/train_poses/signer8_sample1325_color.pkl,processed/autsl20/landmark46-v1/train/signer8_sample1325.npz,approved,trainable,true,standard
signer8_sample1333,kotu,12,122,AUTSL,AUTSL_OpenHands_pose_v1,signer8,dataset_license,train,AUTSL/train_poses/signer8_sample1333_color.pkl,processed/autsl20/landmark46-v1/train/signer8_sample1333.npz,approved,trainable,true,standard
signer8_sample1337,hasta,4,82,AUTSL,AUTSL_OpenHands_pose_v1,signer8,dataset_license,train,AUTSL/train_poses/signer8_sample1337_color.pkl,processed/autsl20/landmark46-v1/train/signer8_sample1337.npz,approved,trainable,true,standard
signer8_sample1349,iyi,10,100,AUTSL,AUTSL_OpenHands_pose_v1,signer8,dataset_license,train,AUTSL/train_poses/signer8_sample1349_color.pkl,processed/autsl20/landmark46-v1/train/signer8_sample1349.npz,approved,trainable,true,standard
signer8_sample1375,ilac,9,96,AUTSL,AUTSL_OpenHands_pose_v1,signer8,dataset_license,train,AUTSL/train_poses/signer8_sample1375_color.pkl,processed/autsl20/landmark46-v1/train/signer8_sample1375.npz,approved,trainable,true,standard
signer8_sample1385,tuvalet,16,200,AUTSL,AUTSL_OpenHands_pose_v1,signer8,dataset_license,train,AUTSL/train_poses/signer8_sample1385_color.pkl,processed/autsl20/landmark46-v1/train/signer8_sample1385.npz,approved,trainable,true,standard
signer8_sample1386,hastane,5,83,AUTSL,AUTSL_OpenHands_pose_v1,signer8,dataset_license,train,AUTSL/train_poses/signer8_sample1386_color.pkl,processed/autsl20/landmark46-v1/train/signer8_sample1386.npz,approved,trainable,true,standard
signer8_sample1390,icmek,7,94,AUTSL,AUTSL_OpenHands_pose_v1,signer8,dataset_license,train,AUTSL/train_poses/signer8_sample1390_color.pkl,processed/autsl20/landmark46-v1/train/signer8_sample1390.npz,approved,trainable,true,standard
signer8_sample1391,doktor,0,52,AUTSL,AUTSL_OpenHands_pose_v1,signer8,dataset_license,train,AUTSL/train_poses/signer8_sample1391_color.pkl,processed/autsl20/landmark46-v1/train/signer8_sample1391.npz,approved,trainable,true,standard
signer8_sample1411,eczane,1,58,AUTSL,AUTSL_OpenHands_pose_v1,signer8,dataset_license,train,AUTSL/train_poses/signer8_sample1411_color.pkl,processed/autsl20/landmark46-v1/train/signer8_sample1411.npz,approved,trainable,true,standard
signer8_sample1423,yorgun,19,222,AUTSL,AUTSL_OpenHands_pose_v1,signer8,dataset_license,train,AUTSL/train_poses/signer8_sample1423_color.pkl,processed/autsl20/landmark46-v1/train/signer8_sample1423.npz,approved,trainable,true,standard
signer8_sample1427,yardim,18,211,AUTSL,AUTSL_OpenHands_pose_v1,signer8,dataset_license,train,AUTSL/train_poses/signer8_sample1427_color.pkl,processed/autsl20/landmark46-v1/train/signer8_sample1427.npz,approved,trainable,true,red_flag
signer8_sample1428,hasta,4,82,AUTSL,AUTSL_OpenHands_pose_v1,signer8,dataset_license,train,AUTSL/train_poses/signer8_sample1428_color.pkl,processed/autsl20/landmark46-v1/train/signer8_sample1428.npz,approved,trainable,true,standard
signer8_sample1437,yorgun,19,222,AUTSL,AUTSL_OpenHands_pose_v1,signer8,dataset_license,train,AUTSL/train_poses/signer8_sample1437_color.pkl,processed/autsl20/landmark46-v1/train/signer8_sample1437.npz,approved,trainable,true,standard
signer8_sample1443,hastane,5,83,AUTSL,AUTSL_OpenHands_pose_v1,signer8,dataset_license,train,AUTSL/train_poses/signer8_sample1443_color.pkl,processed/autsl20/landmark46-v1/train/signer8_sample1443.npz,approved,trainable,true,standard
signer8_sample1455,hastane,5,83,AUTSL,AUTSL_OpenHands_pose_v1,signer8,dataset_license,train,AUTSL/train_poses/signer8_sample1455_color.pkl,processed/autsl20/landmark46-v1/train/signer8_sample1455.npz,approved,trainable,true,standard
signer8_sample1458,gostermek,3,77,AUTSL,AUTSL_OpenHands_pose_v1,signer8,dataset_license,train,AUTSL/train_poses/signer8_sample1458_color.pkl,processed/autsl20/landmark46-v1/train/signer8_sample1458.npz,approved,trainable,true,standard
signer8_sample1478,yarabandi,17,210,AUTSL,AUTSL_OpenHands_pose_v1,signer8,dataset_license,train,AUTSL/train_poses/signer8_sample1478_color.pkl,processed/autsl20/landmark46-v1/train/signer8_sample1478.npz,approved,trainable,true,standard
signer8_sample1481,nerede,13,138,AUTSL,AUTSL_OpenHands_pose_v1,signer8,dataset_license,train,AUTSL/train_poses/signer8_sample1481_color.pkl,processed/autsl20/landmark46-v1/train/signer8_sample1481.npz,approved,trainable,true,standard
signer8_sample1483,tehlike,15,192,AUTSL,AUTSL_OpenHands_pose_v1,signer8,dataset_license,train,AUTSL/train_poses/signer8_sample1483_color.pkl,processed/autsl20/landmark46-v1/train/signer8_sample1483.npz,approved,trainable,true,red_flag
signer8_sample1485,evet,2,65,AUTSL,AUTSL_OpenHands_pose_v1,signer8,dataset_license,train,AUTSL/train_poses/signer8_sample1485_color.pkl,processed/autsl20/landmark46-v1/train/signer8_sample1485.npz,approved,trainable,true,standard
signer8_sample1492,tuvalet,16,200,AUTSL,AUTSL_OpenHands_pose_v1,signer8,dataset_license,train,AUTSL/train_poses/signer8_sample1492_color.pkl,processed/autsl20/landmark46-v1/train/signer8_sample1492.npz,approved,trainable,true,standard
signer8_sample1499,yarabandi,17,210,AUTSL,AUTSL_OpenHands_pose_v1,signer8,dataset_license,train,AUTSL/train_poses/signer8_sample1499_color.pkl,processed/autsl20/landmark46-v1/train/signer8_sample1499.npz,approved,trainable,true,standard
signer8_sample1519,igne,8,95,AUTSL,AUTSL_OpenHands_pose_v1,signer8,dataset_license,train,AUTSL/train_poses/signer8_sample1519_color.pkl,processed/autsl20/landmark46-v1/train/signer8_sample1519.npz,approved,trainable,true,standard
signer8_sample1521,gostermek,3,77,AUTSL,AUTSL_OpenHands_pose_v1,signer8,dataset_license,train,AUTSL/train_poses/signer8_sample1521_color.pkl,processed/autsl20/landmark46-v1/train/signer8_sample1521.npz,approved,trainable,true,standard
signer8_sample1526,yorgun,19,222,AUTSL,AUTSL_OpenHands_pose_v1,signer8,dataset_license,train,AUTSL/train_poses/signer8_sample1526_color.pkl,processed/autsl20/landmark46-v1/train/signer8_sample1526.npz,approved,trainable,true,standard
signer8_sample1530,hayir,6,86,AUTSL,AUTSL_OpenHands_pose_v1,signer8,dataset_license,train,AUTSL/train_poses/signer8_sample1530_color.pkl,processed/autsl20/landmark46-v1/train/signer8_sample1530.npz,approved,trainable,true,standard
signer8_sample1567,kotu,12,122,AUTSL,AUTSL_OpenHands_pose_v1,signer8,dataset_license,train,AUTSL/train_poses/signer8_sample1567_color.pkl,processed/autsl20/landmark46-v1/train/signer8_sample1567.npz,approved,trainable,true,standard
signer8_sample1572,tuvalet,16,200,AUTSL,AUTSL_OpenHands_pose_v1,signer8,dataset_license,train,AUTSL/train_poses/signer8_sample1572_color.pkl,processed/autsl20/landmark46-v1/train/signer8_sample1572.npz,approved,trainable,true,standard
signer8_sample1591,yarabandi,17,210,AUTSL,AUTSL_OpenHands_pose_v1,signer8,dataset_license,train,AUTSL/train_poses/signer8_sample1591_color.pkl,processed/autsl20/landmark46-v1/train/signer8_sample1591.npz,approved,trainable,true,standard
signer8_sample1618,hayir,6,86,AUTSL,AUTSL_OpenHands_pose_v1,signer8,dataset_license,train,AUTSL/train_poses/signer8_sample1618_color.pkl,processed/autsl20/landmark46-v1/train/signer8_sample1618.npz,approved,trainable,true,standard
signer8_sample1621,ilac,9,96,AUTSL,AUTSL_OpenHands_pose_v1,signer8,dataset_license,train,AUTSL/train_poses/signer8_sample1621_color.pkl,processed/autsl20/landmark46-v1/train/signer8_sample1621.npz,approved,trainable,true,standard
signer8_sample1624,tehlike,15,192,AUTSL,AUTSL_OpenHands_pose_v1,signer8,dataset_license,train,AUTSL/train_poses/signer8_sample1624_color.pkl,processed/autsl20/landmark46-v1/train/signer8_sample1624.npz,approved,trainable,true,red_flag
signer8_sample1631,eczane,1,58,AUTSL,AUTSL_OpenHands_pose_v1,signer8,dataset_license,train,AUTSL/train_poses/signer8_sample1631_color.pkl,processed/autsl20/landmark46-v1/train/signer8_sample1631.npz,approved,trainable,true,standard
signer8_sample1636,doktor,0,52,AUTSL,AUTSL_OpenHands_pose_v1,signer8,dataset_license,train,AUTSL/train_poses/signer8_sample1636_color.pkl,processed/autsl20/landmark46-v1/train/signer8_sample1636.npz,approved,trainable,true,standard
signer8_sample1651,eczane,1,58,AUTSL,AUTSL_OpenHands_pose_v1,signer8,dataset_license,train,AUTSL/train_poses/signer8_sample1651_color.pkl,processed/autsl20/landmark46-v1/train/signer8_sample1651.npz,approved,trainable,true,standard
signer8_sample1655,hayir,6,86,AUTSL,AUTSL_OpenHands_pose_v1,signer8,dataset_license,train,AUTSL/train_poses/signer8_sample1655_color.pkl,processed/autsl20/landmark46-v1/train/signer8_sample1655.npz,approved,trainable,true,standard
signer8_sample1656,nerede,13,138,AUTSL,AUTSL_OpenHands_pose_v1,signer8,dataset_license,train,AUTSL/train_poses/signer8_sample1656_color.pkl,processed/autsl20/landmark46-v1/train/signer8_sample1656.npz,approved,trainable,true,standard
signer8_sample1674,kaza,11,108,AUTSL,AUTSL_OpenHands_pose_v1,signer8,dataset_license,train,AUTSL/train_poses/signer8_sample1674_color.pkl,processed/autsl20/landmark46-v1/train/signer8_sample1674.npz,approved,trainable,true,standard
signer8_sample1687,yarabandi,17,210,AUTSL,AUTSL_OpenHands_pose_v1,signer8,dataset_license,train,AUTSL/train_poses/signer8_sample1687_color.pkl,processed/autsl20/landmark46-v1/train/signer8_sample1687.npz,approved,trainable,true,standard
signer8_sample1734,evet,2,65,AUTSL,AUTSL_OpenHands_pose_v1,signer8,dataset_license,train,AUTSL/train_poses/signer8_sample1734_color.pkl,processed/autsl20/landmark46-v1/train/signer8_sample1734.npz,approved,trainable,true,standard
signer8_sample1738,igne,8,95,AUTSL,AUTSL_OpenHands_pose_v1,signer8,dataset_license,train,AUTSL/train_poses/signer8_sample1738_color.pkl,processed/autsl20/landmark46-v1/train/signer8_sample1738.npz,approved,trainable,true,standard
signer8_sample1740,doktor,0,52,AUTSL,AUTSL_OpenHands_pose_v1,signer8,dataset_license,train,AUTSL/train_poses/signer8_sample1740_color.pkl,processed/autsl20/landmark46-v1/train/signer8_sample1740.npz,approved,trainable,true,standard
signer8_sample1743,seker,14,172,AUTSL,AUTSL_OpenHands_pose_v1,signer8,dataset_license,train,AUTSL/train_poses/signer8_sample1743_color.pkl,processed/autsl20/landmark46-v1/train/signer8_sample1743.npz,approved,trainable,true,standard
signer8_sample1760,tuvalet,16,200,AUTSL,AUTSL_OpenHands_pose_v1,signer8,dataset_license,train,AUTSL/train_poses/signer8_sample1760_color.pkl,processed/autsl20/landmark46-v1/train/signer8_sample1760.npz,approved,trainable,true,standard
signer8_sample1772,kaza,11,108,AUTSL,AUTSL_OpenHands_pose_v1,signer8,dataset_license,train,AUTSL/train_poses/signer8_sample1772_color.pkl,processed/autsl20/landmark46-v1/train/signer8_sample1772.npz,approved,trainable,true,standard
signer8_sample1791,hasta,4,82,AUTSL,AUTSL_OpenHands_pose_v1,signer8,dataset_license,train,AUTSL/train_poses/signer8_sample1791_color.pkl,processed/autsl20/landmark46-v1/train/signer8_sample1791.npz,approved,trainable,true,standard
signer8_sample1810,kaza,11,108,AUTSL,AUTSL_OpenHands_pose_v1,signer8,dataset_license,train,AUTSL/train_poses/signer8_sample1810_color.pkl,processed/autsl20/landmark46-v1/train/signer8_sample1810.npz,approved,trainable,true,standard
signer8_sample1816,hasta,4,82,AUTSL,AUTSL_OpenHands_pose_v1,signer8,dataset_license,train,AUTSL/train_poses/signer8_sample1816_color.pkl,processed/autsl20/landmark46-v1/train/signer8_sample1816.npz,approved,trainable,true,standard
signer8_sample1825,icmek,7,94,AUTSL,AUTSL_OpenHands_pose_v1,signer8,dataset_license,train,AUTSL/train_poses/signer8_sample1825_color.pkl,processed/autsl20/landmark46-v1/train/signer8_sample1825.npz,approved,trainable,true,standard
signer8_sample1840,yarabandi,17,210,AUTSL,AUTSL_OpenHands_pose_v1,signer8,dataset_license,train,AUTSL/train_poses/signer8_sample1840_color.pkl,processed/autsl20/landmark46-v1/train/signer8_sample1840.npz,approved,trainable,true,standard
signer8_sample1842,hasta,4,82,AUTSL,AUTSL_OpenHands_pose_v1,signer8,dataset_license,train,AUTSL/train_poses/signer8_sample1842_color.pkl,processed/autsl20/landmark46-v1/train/signer8_sample1842.npz,approved,trainable,true,standard
signer8_sample1846,yorgun,19,222,AUTSL,AUTSL_OpenHands_pose_v1,signer8,dataset_license,train,AUTSL/train_poses/signer8_sample1846_color.pkl,processed/autsl20/landmark46-v1/train/signer8_sample1846.npz,approved,trainable,true,standard
signer8_sample1856,gostermek,3,77,AUTSL,AUTSL_OpenHands_pose_v1,signer8,dataset_license,train,AUTSL/train_poses/signer8_sample1856_color.pkl,processed/autsl20/landmark46-v1/train/signer8_sample1856.npz,approved,trainable,true,standard
signer8_sample1875,icmek,7,94,AUTSL,AUTSL_OpenHands_pose_v1,signer8,dataset_license,train,AUTSL/train_poses/signer8_sample1875_color.pkl,processed/autsl20/landmark46-v1/train/signer8_sample1875.npz,approved,trainable,true,standard
signer8_sample1886,yardim,18,211,AUTSL,AUTSL_OpenHands_pose_v1,signer8,dataset_license,train,AUTSL/train_poses/signer8_sample1886_color.pkl,processed/autsl20/landmark46-v1/train/signer8_sample1886.npz,approved,trainable,true,red_flag
signer8_sample1889,iyi,10,100,AUTSL,AUTSL_OpenHands_pose_v1,signer8,dataset_license,train,AUTSL/train_poses/signer8_sample1889_color.pkl,processed/autsl20/landmark46-v1/train/signer8_sample1889.npz,approved,trainable,true,standard
signer8_sample1893,hastane,5,83,AUTSL,AUTSL_OpenHands_pose_v1,signer8,dataset_license,train,AUTSL/train_poses/signer8_sample1893_color.pkl,processed/autsl20/landmark46-v1/train/signer8_sample1893.npz,approved,trainable,true,standard
signer8_sample1910,evet,2,65,AUTSL,AUTSL_OpenHands_pose_v1,signer8,dataset_license,train,AUTSL/train_poses/signer8_sample1910_color.pkl,processed/autsl20/landmark46-v1/train/signer8_sample1910.npz,approved,trainable,true,standard
signer8_sample1912,gostermek,3,77,AUTSL,AUTSL_OpenHands_pose_v1,signer8,dataset_license,train,AUTSL/train_poses/signer8_sample1912_color.pkl,processed/autsl20/landmark46-v1/train/signer8_sample1912.npz,approved,trainable,true,standard
signer8_sample1914,tuvalet,16,200,AUTSL,AUTSL_OpenHands_pose_v1,signer8,dataset_license,train,AUTSL/train_poses/signer8_sample1914_color.pkl,processed/autsl20/landmark46-v1/train/signer8_sample1914.npz,approved,trainable,true,standard
signer8_sample1958,hasta,4,82,AUTSL,AUTSL_OpenHands_pose_v1,signer8,dataset_license,train,AUTSL/train_poses/signer8_sample1958_color.pkl,processed/autsl20/landmark46-v1/train/signer8_sample1958.npz,approved,trainable,true,standard
signer8_sample1964,kaza,11,108,AUTSL,AUTSL_OpenHands_pose_v1,signer8,dataset_license,train,AUTSL/train_poses/signer8_sample1964_color.pkl,processed/autsl20/landmark46-v1/train/signer8_sample1964.npz,approved,trainable,true,standard
signer8_sample1965,tuvalet,16,200,AUTSL,AUTSL_OpenHands_pose_v1,signer8,dataset_license,train,AUTSL/train_poses/signer8_sample1965_color.pkl,processed/autsl20/landmark46-v1/train/signer8_sample1965.npz,approved,trainable,true,standard
signer8_sample1980,kotu,12,122,AUTSL,AUTSL_OpenHands_pose_v1,signer8,dataset_license,train,AUTSL/train_poses/signer8_sample1980_color.pkl,processed/autsl20/landmark46-v1/train/signer8_sample1980.npz,approved,trainable,true,standard
signer8_sample1983,nerede,13,138,AUTSL,AUTSL_OpenHands_pose_v1,signer8,dataset_license,train,AUTSL/train_poses/signer8_sample1983_color.pkl,processed/autsl20/landmark46-v1/train/signer8_sample1983.npz,approved,trainable,true,standard
signer8_sample1985,ilac,9,96,AUTSL,AUTSL_OpenHands_pose_v1,signer8,dataset_license,train,AUTSL/train_poses/signer8_sample1985_color.pkl,processed/autsl20/landmark46-v1/train/signer8_sample1985.npz,approved,trainable,true,standard
signer8_sample1991,iyi,10,100,AUTSL,AUTSL_OpenHands_pose_v1,signer8,dataset_license,train,AUTSL/train_poses/signer8_sample1991_color.pkl,processed/autsl20/landmark46-v1/train/signer8_sample1991.npz,approved,trainable,true,standard
signer8_sample1993,gostermek,3,77,AUTSL,AUTSL_OpenHands_pose_v1,signer8,dataset_license,train,AUTSL/train_poses/signer8_sample1993_color.pkl,processed/autsl20/landmark46-v1/train/signer8_sample1993.npz,approved,trainable,true,standard
signer8_sample2005,doktor,0,52,AUTSL,AUTSL_OpenHands_pose_v1,signer8,dataset_license,train,AUTSL/train_poses/signer8_sample2005_color.pkl,processed/autsl20/landmark46-v1/train/signer8_sample2005.npz,approved,trainable,true,standard
signer8_sample2034,kotu,12,122,AUTSL,AUTSL_OpenHands_pose_v1,signer8,dataset_license,train,AUTSL/train_poses/signer8_sample2034_color.pkl,processed/autsl20/landmark46-v1/train/signer8_sample2034.npz,approved,trainable,true,standard
signer8_sample2047,yardim,18,211,AUTSL,AUTSL_OpenHands_pose_v1,signer8,dataset_license,train,AUTSL/train_poses/signer8_sample2047_color.pkl,processed/autsl20/landmark46-v1/train/signer8_sample2047.npz,approved,trainable,true,red_flag
signer8_sample2081,nerede,13,138,AUTSL,AUTSL_OpenHands_pose_v1,signer8,dataset_license,train,AUTSL/train_poses/signer8_sample2081_color.pkl,processed/autsl20/landmark46-v1/train/signer8_sample2081.npz,approved,trainable,true,standard
signer8_sample2101,kaza,11,108,AUTSL,AUTSL_OpenHands_pose_v1,signer8,dataset_license,train,AUTSL/train_poses/signer8_sample2101_color.pkl,processed/autsl20/landmark46-v1/train/signer8_sample2101.npz,approved,trainable,true,standard
signer8_sample2118,tehlike,15,192,AUTSL,AUTSL_OpenHands_pose_v1,signer8,dataset_license,train,AUTSL/train_poses/signer8_sample2118_color.pkl,processed/autsl20/landmark46-v1/train/signer8_sample2118.npz,approved,trainable,true,red_flag
signer8_sample2122,doktor,0,52,AUTSL,AUTSL_OpenHands_pose_v1,signer8,dataset_license,train,AUTSL/train_poses/signer8_sample2122_color.pkl,processed/autsl20/landmark46-v1/train/signer8_sample2122.npz,approved,trainable,true,standard
signer8_sample2126,iyi,10,100,AUTSL,AUTSL_OpenHands_pose_v1,signer8,dataset_license,train,AUTSL/train_poses/signer8_sample2126_color.pkl,processed/autsl20/landmark46-v1/train/signer8_sample2126.npz,approved,trainable,true,standard
signer8_sample2133,nerede,13,138,AUTSL,AUTSL_OpenHands_pose_v1,signer8,dataset_license,train,AUTSL/train_poses/signer8_sample2133_color.pkl,processed/autsl20/landmark46-v1/train/signer8_sample2133.npz,approved,trainable,true,standard
signer8_sample2145,hayir,6,86,AUTSL,AUTSL_OpenHands_pose_v1,signer8,dataset_license,train,AUTSL/train_poses/signer8_sample2145_color.pkl,processed/autsl20/landmark46-v1/train/signer8_sample2145.npz,approved,trainable,true,standard
signer8_sample2148,nerede,13,138,AUTSL,AUTSL_OpenHands_pose_v1,signer8,dataset_license,train,AUTSL/train_poses/signer8_sample2148_color.pkl,processed/autsl20/landmark46-v1/train/signer8_sample2148.npz,approved,trainable,true,standard
signer8_sample2153,ilac,9,96,AUTSL,AUTSL_OpenHands_pose_v1,signer8,dataset_license,train,AUTSL/train_poses/signer8_sample2153_color.pkl,processed/autsl20/landmark46-v1/train/signer8_sample2153.npz,approved,trainable,true,standard
signer8_sample2159,eczane,1,58,AUTSL,AUTSL_OpenHands_pose_v1,signer8,dataset_license,train,AUTSL/train_poses/signer8_sample2159_color.pkl,processed/autsl20/landmark46-v1/train/signer8_sample2159.npz,approved,trainable,true,standard
signer8_sample2167,yardim,18,211,AUTSL,AUTSL_OpenHands_pose_v1,signer8,dataset_license,train,AUTSL/train_poses/signer8_sample2167_color.pkl,processed/autsl20/landmark46-v1/train/signer8_sample2167.npz,approved,trainable,true,red_flag
signer8_sample2171,tuvalet,16,200,AUTSL,AUTSL_OpenHands_pose_v1,signer8,dataset_license,train,AUTSL/train_poses/signer8_sample2171_color.pkl,processed/autsl20/landmark46-v1/train/signer8_sample2171.npz,approved,trainable,true,standard
signer8_sample2177,eczane,1,58,AUTSL,AUTSL_OpenHands_pose_v1,signer8,dataset_license,train,AUTSL/train_poses/signer8_sample2177_color.pkl,processed/autsl20/landmark46-v1/train/signer8_sample2177.npz,approved,trainable,true,standard
signer8_sample2178,yorgun,19,222,AUTSL,AUTSL_OpenHands_pose_v1,signer8,dataset_license,train,AUTSL/train_poses/signer8_sample2178_color.pkl,processed/autsl20/landmark46-v1/train/signer8_sample2178.npz,approved,trainable,true,standard
signer8_sample2185,icmek,7,94,AUTSL,AUTSL_OpenHands_pose_v1,signer8,dataset_license,train,AUTSL/train_poses/signer8_sample2185_color.pkl,processed/autsl20/landmark46-v1/train/signer8_sample2185.npz,approved,trainable,true,standard
signer8_sample2208,gostermek,3,77,AUTSL,AUTSL_OpenHands_pose_v1,signer8,dataset_license,train,AUTSL/train_poses/signer8_sample2208_color.pkl,processed/autsl20/landmark46-v1/train/signer8_sample2208.npz,approved,trainable,true,standard
signer8_sample2234,hastane,5,83,AUTSL,AUTSL_OpenHands_pose_v1,signer8,dataset_license,train,AUTSL/train_poses/signer8_sample2234_color.pkl,processed/autsl20/landmark46-v1/train/signer8_sample2234.npz,approved,trainable,true,standard
signer8_sample2240,yardim,18,211,AUTSL,AUTSL_OpenHands_pose_v1,signer8,dataset_license,train,AUTSL/train_poses/signer8_sample2240_color.pkl,processed/autsl20/landmark46-v1/train/signer8_sample2240.npz,approved,trainable,true,red_flag
signer8_sample2245,hastane,5,83,AUTSL,AUTSL_OpenHands_pose_v1,signer8,dataset_license,train,AUTSL/train_poses/signer8_sample2245_color.pkl,processed/autsl20/landmark46-v1/train/signer8_sample2245.npz,approved,trainable,true,standard
signer8_sample2253,icmek,7,94,AUTSL,AUTSL_OpenHands_pose_v1,signer8,dataset_license,train,AUTSL/train_poses/signer8_sample2253_color.pkl,processed/autsl20/landmark46-v1/train/signer8_sample2253.npz,approved,trainable,true,standard
signer8_sample2263,yardim,18,211,AUTSL,AUTSL_OpenHands_pose_v1,signer8,dataset_license,train,AUTSL/train_poses/signer8_sample2263_color.pkl,processed/autsl20/landmark46-v1/train/signer8_sample2263.npz,approved,trainable,true,red_flag
signer8_sample2269,gostermek,3,77,AUTSL,AUTSL_OpenHands_pose_v1,signer8,dataset_license,train,AUTSL/train_poses/signer8_sample2269_color.pkl,processed/autsl20/landmark46-v1/train/signer8_sample2269.npz,approved,trainable,true,standard
signer8_sample2288,hastane,5,83,AUTSL,AUTSL_OpenHands_pose_v1,signer8,dataset_license,train,AUTSL/train_poses/signer8_sample2288_color.pkl,processed/autsl20/landmark46-v1/train/signer8_sample2288.npz,approved,trainable,true,standard
signer8_sample2293,tehlike,15,192,AUTSL,AUTSL_OpenHands_pose_v1,signer8,dataset_license,train,AUTSL/train_poses/signer8_sample2293_color.pkl,processed/autsl20/landmark46-v1/train/signer8_sample2293.npz,approved,trainable,true,red_flag
signer8_sample2307,hayir,6,86,AUTSL,AUTSL_OpenHands_pose_v1,signer8,dataset_license,train,AUTSL/train_poses/signer8_sample2307_color.pkl,processed/autsl20/landmark46-v1/train/signer8_sample2307.npz,approved,trainable,true,standard
signer8_sample2319,kaza,11,108,AUTSL,AUTSL_OpenHands_pose_v1,signer8,dataset_license,train,AUTSL/train_poses/signer8_sample2319_color.pkl,processed/autsl20/landmark46-v1/train/signer8_sample2319.npz,approved,trainable,true,standard
signer8_sample2336,yarabandi,17,210,AUTSL,AUTSL_OpenHands_pose_v1,signer8,dataset_license,train,AUTSL/train_poses/signer8_sample2336_color.pkl,processed/autsl20/landmark46-v1/train/signer8_sample2336.npz,approved,trainable,true,standard
signer8_sample2354,igne,8,95,AUTSL,AUTSL_OpenHands_pose_v1,signer8,dataset_license,train,AUTSL/train_poses/signer8_sample2354_color.pkl,processed/autsl20/landmark46-v1/train/signer8_sample2354.npz,approved,trainable,true,standard
signer8_sample2365,evet,2,65,AUTSL,AUTSL_OpenHands_pose_v1,signer8,dataset_license,train,AUTSL/train_poses/signer8_sample2365_color.pkl,processed/autsl20/landmark46-v1/train/signer8_sample2365.npz,approved,trainable,true,standard
signer8_sample2414,igne,8,95,AUTSL,AUTSL_OpenHands_pose_v1,signer8,dataset_license,train,AUTSL/train_poses/signer8_sample2414_color.pkl,processed/autsl20/landmark46-v1/train/signer8_sample2414.npz,approved,trainable,true,standard
signer8_sample2437,icmek,7,94,AUTSL,AUTSL_OpenHands_pose_v1,signer8,dataset_license,train,AUTSL/train_poses/signer8_sample2437_color.pkl,processed/autsl20/landmark46-v1/train/signer8_sample2437.npz,approved,trainable,true,standard
signer8_sample2447,tehlike,15,192,AUTSL,AUTSL_OpenHands_pose_v1,signer8,dataset_license,train,AUTSL/train_poses/signer8_sample2447_color.pkl,processed/autsl20/landmark46-v1/train/signer8_sample2447.npz,approved,trainable,true,red_flag
signer8_sample2456,yorgun,19,222,AUTSL,AUTSL_OpenHands_pose_v1,signer8,dataset_license,train,AUTSL/train_poses/signer8_sample2456_color.pkl,processed/autsl20/landmark46-v1/train/signer8_sample2456.npz,approved,trainable,true,standard
signer8_sample2460,kaza,11,108,AUTSL,AUTSL_OpenHands_pose_v1,signer8,dataset_license,train,AUTSL/train_poses/signer8_sample2460_color.pkl,processed/autsl20/landmark46-v1/train/signer8_sample2460.npz,approved,trainable,true,standard
signer8_sample2482,doktor,0,52,AUTSL,AUTSL_OpenHands_pose_v1,signer8,dataset_license,train,AUTSL/train_poses/signer8_sample2482_color.pkl,processed/autsl20/landmark46-v1/train/signer8_sample2482.npz,approved,trainable,true,standard
signer8_sample2490,eczane,1,58,AUTSL,AUTSL_OpenHands_pose_v1,signer8,dataset_license,train,AUTSL/train_poses/signer8_sample2490_color.pkl,processed/autsl20/landmark46-v1/train/signer8_sample2490.npz,approved,trainable,true,standard
signer8_sample2493,seker,14,172,AUTSL,AUTSL_OpenHands_pose_v1,signer8,dataset_license,train,AUTSL/train_poses/signer8_sample2493_color.pkl,processed/autsl20/landmark46-v1/train/signer8_sample2493.npz,approved,trainable,true,standard
signer8_sample2500,hayir,6,86,AUTSL,AUTSL_OpenHands_pose_v1,signer8,dataset_license,train,AUTSL/train_poses/signer8_sample2500_color.pkl,processed/autsl20/landmark46-v1/train/signer8_sample2500.npz,approved,trainable,true,standard
signer8_sample2510,hastane,5,83,AUTSL,AUTSL_OpenHands_pose_v1,signer8,dataset_license,train,AUTSL/train_poses/signer8_sample2510_color.pkl,processed/autsl20/landmark46-v1/train/signer8_sample2510.npz,approved,trainable,true,standard
signer8_sample2534,tehlike,15,192,AUTSL,AUTSL_OpenHands_pose_v1,signer8,dataset_license,train,AUTSL/train_poses/signer8_sample2534_color.pkl,processed/autsl20/landmark46-v1/train/signer8_sample2534.npz,approved,trainable,true,red_flag
signer8_sample2587,hayir,6,86,AUTSL,AUTSL_OpenHands_pose_v1,signer8,dataset_license,train,AUTSL/train_poses/signer8_sample2587_color.pkl,processed/autsl20/landmark46-v1/train/signer8_sample2587.npz,approved,trainable,true,standard
signer8_sample2593,hasta,4,82,AUTSL,AUTSL_OpenHands_pose_v1,signer8,dataset_license,train,AUTSL/train_poses/signer8_sample2593_color.pkl,processed/autsl20/landmark46-v1/train/signer8_sample2593.npz,approved,trainable,true,standard
signer8_sample2612,eczane,1,58,AUTSL,AUTSL_OpenHands_pose_v1,signer8,dataset_license,train,AUTSL/train_poses/signer8_sample2612_color.pkl,processed/autsl20/landmark46-v1/train/signer8_sample2612.npz,approved,trainable,true,standard
signer8_sample2622,ilac,9,96,AUTSL,AUTSL_OpenHands_pose_v1,signer8,dataset_license,train,AUTSL/train_poses/signer8_sample2622_color.pkl,processed/autsl20/landmark46-v1/train/signer8_sample2622.npz,approved,trainable,true,standard
signer8_sample2631,gostermek,3,77,AUTSL,AUTSL_OpenHands_pose_v1,signer8,dataset_license,train,AUTSL/train_poses/signer8_sample2631_color.pkl,processed/autsl20/landmark46-v1/train/signer8_sample2631.npz,approved,trainable,true,standard
signer8_sample2642,doktor,0,52,AUTSL,AUTSL_OpenHands_pose_v1,signer8,dataset_license,train,AUTSL/train_poses/signer8_sample2642_color.pkl,processed/autsl20/landmark46-v1/train/signer8_sample2642.npz,approved,trainable,true,standard
signer8_sample2654,hasta,4,82,AUTSL,AUTSL_OpenHands_pose_v1,signer8,dataset_license,train,AUTSL/train_poses/signer8_sample2654_color.pkl,processed/autsl20/landmark46-v1/train/signer8_sample2654.npz,approved,trainable,true,standard
signer8_sample2658,eczane,1,58,AUTSL,AUTSL_OpenHands_pose_v1,signer8,dataset_license,train,AUTSL/train_poses/signer8_sample2658_color.pkl,processed/autsl20/landmark46-v1/train/signer8_sample2658.npz,approved,trainable,true,standard
signer8_sample2670,nerede,13,138,AUTSL,AUTSL_OpenHands_pose_v1,signer8,dataset_license,train,AUTSL/train_poses/signer8_sample2670_color.pkl,processed/autsl20/landmark46-v1/train/signer8_sample2670.npz,approved,trainable,true,standard
signer8_sample2680,kotu,12,122,AUTSL,AUTSL_OpenHands_pose_v1,signer8,dataset_license,train,AUTSL/train_poses/signer8_sample2680_color.pkl,processed/autsl20/landmark46-v1/train/signer8_sample2680.npz,approved,trainable,true,standard
signer8_sample2682,iyi,10,100,AUTSL,AUTSL_OpenHands_pose_v1,signer8,dataset_license,train,AUTSL/train_poses/signer8_sample2682_color.pkl,processed/autsl20/landmark46-v1/train/signer8_sample2682.npz,approved,trainable,true,standard
signer9_sample10,hasta,4,82,AUTSL,AUTSL_OpenHands_pose_v1,signer9,dataset_license,train,AUTSL/train_poses/signer9_sample10_color.pkl,processed/autsl20/landmark46-v1/train/signer9_sample10.npz,approved,trainable,true,standard
signer9_sample11,tuvalet,16,200,AUTSL,AUTSL_OpenHands_pose_v1,signer9,dataset_license,train,AUTSL/train_poses/signer9_sample11_color.pkl,processed/autsl20/landmark46-v1/train/signer9_sample11.npz,approved,trainable,true,standard
signer9_sample14,igne,8,95,AUTSL,AUTSL_OpenHands_pose_v1,signer9,dataset_license,train,AUTSL/train_poses/signer9_sample14_color.pkl,processed/autsl20/landmark46-v1/train/signer9_sample14.npz,approved,trainable,true,standard
signer9_sample26,igne,8,95,AUTSL,AUTSL_OpenHands_pose_v1,signer9,dataset_license,train,AUTSL/train_poses/signer9_sample26_color.pkl,processed/autsl20/landmark46-v1/train/signer9_sample26.npz,approved,trainable,true,standard
signer9_sample40,gostermek,3,77,AUTSL,AUTSL_OpenHands_pose_v1,signer9,dataset_license,train,AUTSL/train_poses/signer9_sample40_color.pkl,processed/autsl20/landmark46-v1/train/signer9_sample40.npz,approved,trainable,true,standard
signer9_sample41,eczane,1,58,AUTSL,AUTSL_OpenHands_pose_v1,signer9,dataset_license,train,AUTSL/train_poses/signer9_sample41_color.pkl,processed/autsl20/landmark46-v1/train/signer9_sample41.npz,approved,trainable,true,standard
signer9_sample47,iyi,10,100,AUTSL,AUTSL_OpenHands_pose_v1,signer9,dataset_license,train,AUTSL/train_poses/signer9_sample47_color.pkl,processed/autsl20/landmark46-v1/train/signer9_sample47.npz,approved,trainable,true,standard
signer9_sample67,doktor,0,52,AUTSL,AUTSL_OpenHands_pose_v1,signer9,dataset_license,train,AUTSL/train_poses/signer9_sample67_color.pkl,processed/autsl20/landmark46-v1/train/signer9_sample67.npz,approved,trainable,true,standard
signer9_sample92,yorgun,19,222,AUTSL,AUTSL_OpenHands_pose_v1,signer9,dataset_license,train,AUTSL/train_poses/signer9_sample92_color.pkl,processed/autsl20/landmark46-v1/train/signer9_sample92.npz,approved,trainable,true,standard
signer9_sample100,seker,14,172,AUTSL,AUTSL_OpenHands_pose_v1,signer9,dataset_license,train,AUTSL/train_poses/signer9_sample100_color.pkl,processed/autsl20/landmark46-v1/train/signer9_sample100.npz,approved,trainable,true,standard
signer9_sample120,icmek,7,94,AUTSL,AUTSL_OpenHands_pose_v1,signer9,dataset_license,train,AUTSL/train_poses/signer9_sample120_color.pkl,processed/autsl20/landmark46-v1/train/signer9_sample120.npz,approved,trainable,true,standard
signer9_sample124,tuvalet,16,200,AUTSL,AUTSL_OpenHands_pose_v1,signer9,dataset_license,train,AUTSL/train_poses/signer9_sample124_color.pkl,processed/autsl20/landmark46-v1/train/signer9_sample124.npz,approved,trainable,true,standard
signer9_sample127,kotu,12,122,AUTSL,AUTSL_OpenHands_pose_v1,signer9,dataset_license,train,AUTSL/train_poses/signer9_sample127_color.pkl,processed/autsl20/landmark46-v1/train/signer9_sample127.npz,approved,trainable,true,standard
signer9_sample140,ilac,9,96,AUTSL,AUTSL_OpenHands_pose_v1,signer9,dataset_license,train,AUTSL/train_poses/signer9_sample140_color.pkl,processed/autsl20/landmark46-v1/train/signer9_sample140.npz,approved,trainable,true,standard
signer9_sample144,iyi,10,100,AUTSL,AUTSL_OpenHands_pose_v1,signer9,dataset_license,train,AUTSL/train_poses/signer9_sample144_color.pkl,processed/autsl20/landmark46-v1/train/signer9_sample144.npz,approved,trainable,true,standard
signer9_sample157,hayir,6,86,AUTSL,AUTSL_OpenHands_pose_v1,signer9,dataset_license,train,AUTSL/train_poses/signer9_sample157_color.pkl,processed/autsl20/landmark46-v1/train/signer9_sample157.npz,approved,trainable,true,standard
signer9_sample173,tuvalet,16,200,AUTSL,AUTSL_OpenHands_pose_v1,signer9,dataset_license,train,AUTSL/train_poses/signer9_sample173_color.pkl,processed/autsl20/landmark46-v1/train/signer9_sample173.npz,approved,trainable,true,standard
signer9_sample181,kaza,11,108,AUTSL,AUTSL_OpenHands_pose_v1,signer9,dataset_license,train,AUTSL/train_poses/signer9_sample181_color.pkl,processed/autsl20/landmark46-v1/train/signer9_sample181.npz,approved,trainable,true,standard
signer9_sample202,nerede,13,138,AUTSL,AUTSL_OpenHands_pose_v1,signer9,dataset_license,train,AUTSL/train_poses/signer9_sample202_color.pkl,processed/autsl20/landmark46-v1/train/signer9_sample202.npz,approved,trainable,true,standard
signer9_sample204,tehlike,15,192,AUTSL,AUTSL_OpenHands_pose_v1,signer9,dataset_license,train,AUTSL/train_poses/signer9_sample204_color.pkl,processed/autsl20/landmark46-v1/train/signer9_sample204.npz,approved,trainable,true,red_flag
signer9_sample234,seker,14,172,AUTSL,AUTSL_OpenHands_pose_v1,signer9,dataset_license,train,AUTSL/train_poses/signer9_sample234_color.pkl,processed/autsl20/landmark46-v1/train/signer9_sample234.npz,approved,trainable,true,standard
signer9_sample241,doktor,0,52,AUTSL,AUTSL_OpenHands_pose_v1,signer9,dataset_license,train,AUTSL/train_poses/signer9_sample241_color.pkl,processed/autsl20/landmark46-v1/train/signer9_sample241.npz,approved,trainable,true,standard
signer9_sample246,kotu,12,122,AUTSL,AUTSL_OpenHands_pose_v1,signer9,dataset_license,train,AUTSL/train_poses/signer9_sample246_color.pkl,processed/autsl20/landmark46-v1/train/signer9_sample246.npz,approved,trainable,true,standard
signer9_sample259,hastane,5,83,AUTSL,AUTSL_OpenHands_pose_v1,signer9,dataset_license,train,AUTSL/train_poses/signer9_sample259_color.pkl,processed/autsl20/landmark46-v1/train/signer9_sample259.npz,approved,trainable,true,standard
signer9_sample268,hasta,4,82,AUTSL,AUTSL_OpenHands_pose_v1,signer9,dataset_license,train,AUTSL/train_poses/signer9_sample268_color.pkl,processed/autsl20/landmark46-v1/train/signer9_sample268.npz,approved,trainable,true,standard
signer9_sample271,yarabandi,17,210,AUTSL,AUTSL_OpenHands_pose_v1,signer9,dataset_license,train,AUTSL/train_poses/signer9_sample271_color.pkl,processed/autsl20/landmark46-v1/train/signer9_sample271.npz,approved,trainable,true,standard
signer9_sample283,yarabandi,17,210,AUTSL,AUTSL_OpenHands_pose_v1,signer9,dataset_license,train,AUTSL/train_poses/signer9_sample283_color.pkl,processed/autsl20/landmark46-v1/train/signer9_sample283.npz,approved,trainable,true,standard
signer9_sample295,yorgun,19,222,AUTSL,AUTSL_OpenHands_pose_v1,signer9,dataset_license,train,AUTSL/train_poses/signer9_sample295_color.pkl,processed/autsl20/landmark46-v1/train/signer9_sample295.npz,approved,trainable,true,standard
signer9_sample298,hayir,6,86,AUTSL,AUTSL_OpenHands_pose_v1,signer9,dataset_license,train,AUTSL/train_poses/signer9_sample298_color.pkl,processed/autsl20/landmark46-v1/train/signer9_sample298.npz,approved,trainable,true,standard
signer9_sample299,kotu,12,122,AUTSL,AUTSL_OpenHands_pose_v1,signer9,dataset_license,train,AUTSL/train_poses/signer9_sample299_color.pkl,processed/autsl20/landmark46-v1/train/signer9_sample299.npz,approved,trainable,true,standard
signer9_sample343,icmek,7,94,AUTSL,AUTSL_OpenHands_pose_v1,signer9,dataset_license,train,AUTSL/train_poses/signer9_sample343_color.pkl,processed/autsl20/landmark46-v1/train/signer9_sample343.npz,approved,trainable,true,standard
signer9_sample384,hayir,6,86,AUTSL,AUTSL_OpenHands_pose_v1,signer9,dataset_license,train,AUTSL/train_poses/signer9_sample384_color.pkl,processed/autsl20/landmark46-v1/train/signer9_sample384.npz,approved,trainable,true,standard
signer9_sample387,yardim,18,211,AUTSL,AUTSL_OpenHands_pose_v1,signer9,dataset_license,train,AUTSL/train_poses/signer9_sample387_color.pkl,processed/autsl20/landmark46-v1/train/signer9_sample387.npz,approved,trainable,true,red_flag
signer9_sample389,tehlike,15,192,AUTSL,AUTSL_OpenHands_pose_v1,signer9,dataset_license,train,AUTSL/train_poses/signer9_sample389_color.pkl,processed/autsl20/landmark46-v1/train/signer9_sample389.npz,approved,trainable,true,red_flag
signer9_sample409,gostermek,3,77,AUTSL,AUTSL_OpenHands_pose_v1,signer9,dataset_license,train,AUTSL/train_poses/signer9_sample409_color.pkl,processed/autsl20/landmark46-v1/train/signer9_sample409.npz,approved,trainable,true,standard
signer9_sample430,yardim,18,211,AUTSL,AUTSL_OpenHands_pose_v1,signer9,dataset_license,train,AUTSL/train_poses/signer9_sample430_color.pkl,processed/autsl20/landmark46-v1/train/signer9_sample430.npz,approved,trainable,true,red_flag
signer9_sample442,ilac,9,96,AUTSL,AUTSL_OpenHands_pose_v1,signer9,dataset_license,train,AUTSL/train_poses/signer9_sample442_color.pkl,processed/autsl20/landmark46-v1/train/signer9_sample442.npz,approved,trainable,true,standard
signer9_sample446,yardim,18,211,AUTSL,AUTSL_OpenHands_pose_v1,signer9,dataset_license,train,AUTSL/train_poses/signer9_sample446_color.pkl,processed/autsl20/landmark46-v1/train/signer9_sample446.npz,approved,trainable,true,red_flag
signer9_sample448,tehlike,15,192,AUTSL,AUTSL_OpenHands_pose_v1,signer9,dataset_license,train,AUTSL/train_poses/signer9_sample448_color.pkl,processed/autsl20/landmark46-v1/train/signer9_sample448.npz,approved,trainable,true,red_flag
signer9_sample449,icmek,7,94,AUTSL,AUTSL_OpenHands_pose_v1,signer9,dataset_license,train,AUTSL/train_poses/signer9_sample449_color.pkl,processed/autsl20/landmark46-v1/train/signer9_sample449.npz,approved,trainable,true,standard
signer9_sample455,nerede,13,138,AUTSL,AUTSL_OpenHands_pose_v1,signer9,dataset_license,train,AUTSL/train_poses/signer9_sample455_color.pkl,processed/autsl20/landmark46-v1/train/signer9_sample455.npz,approved,trainable,true,standard
signer9_sample471,ilac,9,96,AUTSL,AUTSL_OpenHands_pose_v1,signer9,dataset_license,train,AUTSL/train_poses/signer9_sample471_color.pkl,processed/autsl20/landmark46-v1/train/signer9_sample471.npz,approved,trainable,true,standard
signer9_sample477,nerede,13,138,AUTSL,AUTSL_OpenHands_pose_v1,signer9,dataset_license,train,AUTSL/train_poses/signer9_sample477_color.pkl,processed/autsl20/landmark46-v1/train/signer9_sample477.npz,approved,trainable,true,standard
signer9_sample486,kaza,11,108,AUTSL,AUTSL_OpenHands_pose_v1,signer9,dataset_license,train,AUTSL/train_poses/signer9_sample486_color.pkl,processed/autsl20/landmark46-v1/train/signer9_sample486.npz,approved,trainable,true,standard
signer9_sample499,gostermek,3,77,AUTSL,AUTSL_OpenHands_pose_v1,signer9,dataset_license,train,AUTSL/train_poses/signer9_sample499_color.pkl,processed/autsl20/landmark46-v1/train/signer9_sample499.npz,approved,trainable,true,standard
signer9_sample503,yorgun,19,222,AUTSL,AUTSL_OpenHands_pose_v1,signer9,dataset_license,train,AUTSL/train_poses/signer9_sample503_color.pkl,processed/autsl20/landmark46-v1/train/signer9_sample503.npz,approved,trainable,true,standard
signer9_sample511,yarabandi,17,210,AUTSL,AUTSL_OpenHands_pose_v1,signer9,dataset_license,train,AUTSL/train_poses/signer9_sample511_color.pkl,processed/autsl20/landmark46-v1/train/signer9_sample511.npz,approved,trainable,true,standard
signer9_sample530,evet,2,65,AUTSL,AUTSL_OpenHands_pose_v1,signer9,dataset_license,train,AUTSL/train_poses/signer9_sample530_color.pkl,processed/autsl20/landmark46-v1/train/signer9_sample530.npz,approved,trainable,true,standard
signer9_sample539,iyi,10,100,AUTSL,AUTSL_OpenHands_pose_v1,signer9,dataset_license,train,AUTSL/train_poses/signer9_sample539_color.pkl,processed/autsl20/landmark46-v1/train/signer9_sample539.npz,approved,trainable,true,standard
signer9_sample540,evet,2,65,AUTSL,AUTSL_OpenHands_pose_v1,signer9,dataset_license,train,AUTSL/train_poses/signer9_sample540_color.pkl,processed/autsl20/landmark46-v1/train/signer9_sample540.npz,approved,trainable,true,standard
signer9_sample554,eczane,1,58,AUTSL,AUTSL_OpenHands_pose_v1,signer9,dataset_license,train,AUTSL/train_poses/signer9_sample554_color.pkl,processed/autsl20/landmark46-v1/train/signer9_sample554.npz,approved,trainable,true,standard
signer9_sample561,eczane,1,58,AUTSL,AUTSL_OpenHands_pose_v1,signer9,dataset_license,train,AUTSL/train_poses/signer9_sample561_color.pkl,processed/autsl20/landmark46-v1/train/signer9_sample561.npz,approved,trainable,true,standard
signer9_sample576,hasta,4,82,AUTSL,AUTSL_OpenHands_pose_v1,signer9,dataset_license,train,AUTSL/train_poses/signer9_sample576_color.pkl,processed/autsl20/landmark46-v1/train/signer9_sample576.npz,approved,trainable,true,standard
signer9_sample585,evet,2,65,AUTSL,AUTSL_OpenHands_pose_v1,signer9,dataset_license,train,AUTSL/train_poses/signer9_sample585_color.pkl,processed/autsl20/landmark46-v1/train/signer9_sample585.npz,approved,trainable,true,standard
signer9_sample588,hastane,5,83,AUTSL,AUTSL_OpenHands_pose_v1,signer9,dataset_license,train,AUTSL/train_poses/signer9_sample588_color.pkl,processed/autsl20/landmark46-v1/train/signer9_sample588.npz,approved,trainable,true,standard
signer9_sample594,kaza,11,108,AUTSL,AUTSL_OpenHands_pose_v1,signer9,dataset_license,train,AUTSL/train_poses/signer9_sample594_color.pkl,processed/autsl20/landmark46-v1/train/signer9_sample594.npz,approved,trainable,true,standard
signer9_sample596,seker,14,172,AUTSL,AUTSL_OpenHands_pose_v1,signer9,dataset_license,train,AUTSL/train_poses/signer9_sample596_color.pkl,processed/autsl20/landmark46-v1/train/signer9_sample596.npz,approved,trainable,true,standard
signer9_sample621,hastane,5,83,AUTSL,AUTSL_OpenHands_pose_v1,signer9,dataset_license,train,AUTSL/train_poses/signer9_sample621_color.pkl,processed/autsl20/landmark46-v1/train/signer9_sample621.npz,approved,trainable,true,standard
signer9_sample636,doktor,0,52,AUTSL,AUTSL_OpenHands_pose_v1,signer9,dataset_license,train,AUTSL/train_poses/signer9_sample636_color.pkl,processed/autsl20/landmark46-v1/train/signer9_sample636.npz,approved,trainable,true,standard
signer9_sample641,igne,8,95,AUTSL,AUTSL_OpenHands_pose_v1,signer9,dataset_license,train,AUTSL/train_poses/signer9_sample641_color.pkl,processed/autsl20/landmark46-v1/train/signer9_sample641.npz,approved,trainable,true,standard
signer10_sample5,kaza,11,108,AUTSL,AUTSL_OpenHands_pose_v1,signer10,dataset_license,train,AUTSL/train_poses/signer10_sample5_color.pkl,processed/autsl20/landmark46-v1/train/signer10_sample5.npz,approved,trainable,true,standard
signer10_sample24,yorgun,19,222,AUTSL,AUTSL_OpenHands_pose_v1,signer10,dataset_license,train,AUTSL/train_poses/signer10_sample24_color.pkl,processed/autsl20/landmark46-v1/train/signer10_sample24.npz,approved,trainable,true,standard
signer10_sample31,igne,8,95,AUTSL,AUTSL_OpenHands_pose_v1,signer10,dataset_license,train,AUTSL/train_poses/signer10_sample31_color.pkl,processed/autsl20/landmark46-v1/train/signer10_sample31.npz,approved,trainable,true,standard
signer10_sample39,yardim,18,211,AUTSL,AUTSL_OpenHands_pose_v1,signer10,dataset_license,train,AUTSL/train_poses/signer10_sample39_color.pkl,processed/autsl20/landmark46-v1/train/signer10_sample39.npz,approved,trainable,true,red_flag
signer10_sample54,eczane,1,58,AUTSL,AUTSL_OpenHands_pose_v1,signer10,dataset_license,train,AUTSL/train_poses/signer10_sample54_color.pkl,processed/autsl20/landmark46-v1/train/signer10_sample54.npz,approved,trainable,true,standard
signer10_sample77,hayir,6,86,AUTSL,AUTSL_OpenHands_pose_v1,signer10,dataset_license,train,AUTSL/train_poses/signer10_sample77_color.pkl,processed/autsl20/landmark46-v1/train/signer10_sample77.npz,approved,trainable,true,standard
signer10_sample80,tuvalet,16,200,AUTSL,AUTSL_OpenHands_pose_v1,signer10,dataset_license,train,AUTSL/train_poses/signer10_sample80_color.pkl,processed/autsl20/landmark46-v1/train/signer10_sample80.npz,approved,trainable,true,standard
signer10_sample87,yarabandi,17,210,AUTSL,AUTSL_OpenHands_pose_v1,signer10,dataset_license,train,AUTSL/train_poses/signer10_sample87_color.pkl,processed/autsl20/landmark46-v1/train/signer10_sample87.npz,approved,trainable,true,standard
signer10_sample90,iyi,10,100,AUTSL,AUTSL_OpenHands_pose_v1,signer10,dataset_license,train,AUTSL/train_poses/signer10_sample90_color.pkl,processed/autsl20/landmark46-v1/train/signer10_sample90.npz,approved,trainable,true,standard
signer10_sample94,igne,8,95,AUTSL,AUTSL_OpenHands_pose_v1,signer10,dataset_license,train,AUTSL/train_poses/signer10_sample94_color.pkl,processed/autsl20/landmark46-v1/train/signer10_sample94.npz,approved,trainable,true,standard
signer10_sample104,icmek,7,94,AUTSL,AUTSL_OpenHands_pose_v1,signer10,dataset_license,train,AUTSL/train_poses/signer10_sample104_color.pkl,processed/autsl20/landmark46-v1/train/signer10_sample104.npz,approved,trainable,true,standard
signer10_sample115,ilac,9,96,AUTSL,AUTSL_OpenHands_pose_v1,signer10,dataset_license,train,AUTSL/train_poses/signer10_sample115_color.pkl,processed/autsl20/landmark46-v1/train/signer10_sample115.npz,approved,trainable,true,standard
signer10_sample128,yorgun,19,222,AUTSL,AUTSL_OpenHands_pose_v1,signer10,dataset_license,train,AUTSL/train_poses/signer10_sample128_color.pkl,processed/autsl20/landmark46-v1/train/signer10_sample128.npz,approved,trainable,true,standard
signer10_sample139,hasta,4,82,AUTSL,AUTSL_OpenHands_pose_v1,signer10,dataset_license,train,AUTSL/train_poses/signer10_sample139_color.pkl,processed/autsl20/landmark46-v1/train/signer10_sample139.npz,approved,trainable,true,standard
signer10_sample154,doktor,0,52,AUTSL,AUTSL_OpenHands_pose_v1,signer10,dataset_license,train,AUTSL/train_poses/signer10_sample154_color.pkl,processed/autsl20/landmark46-v1/train/signer10_sample154.npz,approved,trainable,true,standard
signer10_sample160,hastane,5,83,AUTSL,AUTSL_OpenHands_pose_v1,signer10,dataset_license,train,AUTSL/train_poses/signer10_sample160_color.pkl,processed/autsl20/landmark46-v1/train/signer10_sample160.npz,approved,trainable,true,standard
signer10_sample162,tehlike,15,192,AUTSL,AUTSL_OpenHands_pose_v1,signer10,dataset_license,train,AUTSL/train_poses/signer10_sample162_color.pkl,processed/autsl20/landmark46-v1/train/signer10_sample162.npz,approved,trainable,true,red_flag
signer10_sample179,seker,14,172,AUTSL,AUTSL_OpenHands_pose_v1,signer10,dataset_license,train,AUTSL/train_poses/signer10_sample179_color.pkl,processed/autsl20/landmark46-v1/train/signer10_sample179.npz,approved,trainable,true,standard
signer10_sample208,eczane,1,58,AUTSL,AUTSL_OpenHands_pose_v1,signer10,dataset_license,train,AUTSL/train_poses/signer10_sample208_color.pkl,processed/autsl20/landmark46-v1/train/signer10_sample208.npz,approved,trainable,true,standard
signer10_sample283,seker,14,172,AUTSL,AUTSL_OpenHands_pose_v1,signer10,dataset_license,train,AUTSL/train_poses/signer10_sample283_color.pkl,processed/autsl20/landmark46-v1/train/signer10_sample283.npz,approved,trainable,true,standard
signer10_sample290,evet,2,65,AUTSL,AUTSL_OpenHands_pose_v1,signer10,dataset_license,train,AUTSL/train_poses/signer10_sample290_color.pkl,processed/autsl20/landmark46-v1/train/signer10_sample290.npz,approved,trainable,true,standard
signer10_sample291,gostermek,3,77,AUTSL,AUTSL_OpenHands_pose_v1,signer10,dataset_license,train,AUTSL/train_poses/signer10_sample291_color.pkl,processed/autsl20/landmark46-v1/train/signer10_sample291.npz,approved,trainable,true,standard
signer10_sample309,gostermek,3,77,AUTSL,AUTSL_OpenHands_pose_v1,signer10,dataset_license,train,AUTSL/train_poses/signer10_sample309_color.pkl,processed/autsl20/landmark46-v1/train/signer10_sample309.npz,approved,trainable,true,standard
signer10_sample313,nerede,13,138,AUTSL,AUTSL_OpenHands_pose_v1,signer10,dataset_license,train,AUTSL/train_poses/signer10_sample313_color.pkl,processed/autsl20/landmark46-v1/train/signer10_sample313.npz,approved,trainable,true,standard
signer10_sample319,kaza,11,108,AUTSL,AUTSL_OpenHands_pose_v1,signer10,dataset_license,train,AUTSL/train_poses/signer10_sample319_color.pkl,processed/autsl20/landmark46-v1/train/signer10_sample319.npz,approved,trainable,true,standard
signer10_sample320,doktor,0,52,AUTSL,AUTSL_OpenHands_pose_v1,signer10,dataset_license,train,AUTSL/train_poses/signer10_sample320_color.pkl,processed/autsl20/landmark46-v1/train/signer10_sample320.npz,approved,trainable,true,standard
signer10_sample346,kotu,12,122,AUTSL,AUTSL_OpenHands_pose_v1,signer10,dataset_license,train,AUTSL/train_poses/signer10_sample346_color.pkl,processed/autsl20/landmark46-v1/train/signer10_sample346.npz,approved,trainable,true,standard
signer10_sample363,hastane,5,83,AUTSL,AUTSL_OpenHands_pose_v1,signer10,dataset_license,train,AUTSL/train_poses/signer10_sample363_color.pkl,processed/autsl20/landmark46-v1/train/signer10_sample363.npz,approved,trainable,true,standard
signer10_sample365,kaza,11,108,AUTSL,AUTSL_OpenHands_pose_v1,signer10,dataset_license,train,AUTSL/train_poses/signer10_sample365_color.pkl,processed/autsl20/landmark46-v1/train/signer10_sample365.npz,approved,trainable,true,standard
signer10_sample366,tuvalet,16,200,AUTSL,AUTSL_OpenHands_pose_v1,signer10,dataset_license,train,AUTSL/train_poses/signer10_sample366_color.pkl,processed/autsl20/landmark46-v1/train/signer10_sample366.npz,approved,trainable,true,standard
signer10_sample386,iyi,10,100,AUTSL,AUTSL_OpenHands_pose_v1,signer10,dataset_license,train,AUTSL/train_poses/signer10_sample386_color.pkl,processed/autsl20/landmark46-v1/train/signer10_sample386.npz,approved,trainable,true,standard
signer10_sample389,iyi,10,100,AUTSL,AUTSL_OpenHands_pose_v1,signer10,dataset_license,train,AUTSL/train_poses/signer10_sample389_color.pkl,processed/autsl20/landmark46-v1/train/signer10_sample389.npz,approved,trainable,true,standard
signer10_sample406,tehlike,15,192,AUTSL,AUTSL_OpenHands_pose_v1,signer10,dataset_license,train,AUTSL/train_poses/signer10_sample406_color.pkl,processed/autsl20/landmark46-v1/train/signer10_sample406.npz,approved,trainable,true,red_flag
signer10_sample417,seker,14,172,AUTSL,AUTSL_OpenHands_pose_v1,signer10,dataset_license,train,AUTSL/train_poses/signer10_sample417_color.pkl,processed/autsl20/landmark46-v1/train/signer10_sample417.npz,approved,trainable,true,standard
signer10_sample418,hastane,5,83,AUTSL,AUTSL_OpenHands_pose_v1,signer10,dataset_license,train,AUTSL/train_poses/signer10_sample418_color.pkl,processed/autsl20/landmark46-v1/train/signer10_sample418.npz,approved,trainable,true,standard
signer10_sample419,icmek,7,94,AUTSL,AUTSL_OpenHands_pose_v1,signer10,dataset_license,train,AUTSL/train_poses/signer10_sample419_color.pkl,processed/autsl20/landmark46-v1/train/signer10_sample419.npz,approved,trainable,true,standard
signer10_sample447,gostermek,3,77,AUTSL,AUTSL_OpenHands_pose_v1,signer10,dataset_license,train,AUTSL/train_poses/signer10_sample447_color.pkl,processed/autsl20/landmark46-v1/train/signer10_sample447.npz,approved,trainable,true,standard
signer10_sample452,evet,2,65,AUTSL,AUTSL_OpenHands_pose_v1,signer10,dataset_license,train,AUTSL/train_poses/signer10_sample452_color.pkl,processed/autsl20/landmark46-v1/train/signer10_sample452.npz,approved,trainable,true,standard
signer10_sample466,yarabandi,17,210,AUTSL,AUTSL_OpenHands_pose_v1,signer10,dataset_license,train,AUTSL/train_poses/signer10_sample466_color.pkl,processed/autsl20/landmark46-v1/train/signer10_sample466.npz,approved,trainable,true,standard
signer10_sample467,igne,8,95,AUTSL,AUTSL_OpenHands_pose_v1,signer10,dataset_license,train,AUTSL/train_poses/signer10_sample467_color.pkl,processed/autsl20/landmark46-v1/train/signer10_sample467.npz,approved,trainable,true,standard
signer10_sample471,kotu,12,122,AUTSL,AUTSL_OpenHands_pose_v1,signer10,dataset_license,train,AUTSL/train_poses/signer10_sample471_color.pkl,processed/autsl20/landmark46-v1/train/signer10_sample471.npz,approved,trainable,true,standard
signer10_sample481,hayir,6,86,AUTSL,AUTSL_OpenHands_pose_v1,signer10,dataset_license,train,AUTSL/train_poses/signer10_sample481_color.pkl,processed/autsl20/landmark46-v1/train/signer10_sample481.npz,approved,trainable,true,standard
signer10_sample498,kotu,12,122,AUTSL,AUTSL_OpenHands_pose_v1,signer10,dataset_license,train,AUTSL/train_poses/signer10_sample498_color.pkl,processed/autsl20/landmark46-v1/train/signer10_sample498.npz,approved,trainable,true,standard
signer10_sample524,nerede,13,138,AUTSL,AUTSL_OpenHands_pose_v1,signer10,dataset_license,train,AUTSL/train_poses/signer10_sample524_color.pkl,processed/autsl20/landmark46-v1/train/signer10_sample524.npz,approved,trainable,true,standard
signer10_sample529,icmek,7,94,AUTSL,AUTSL_OpenHands_pose_v1,signer10,dataset_license,train,AUTSL/train_poses/signer10_sample529_color.pkl,processed/autsl20/landmark46-v1/train/signer10_sample529.npz,approved,trainable,true,standard
signer10_sample531,evet,2,65,AUTSL,AUTSL_OpenHands_pose_v1,signer10,dataset_license,train,AUTSL/train_poses/signer10_sample531_color.pkl,processed/autsl20/landmark46-v1/train/signer10_sample531.npz,approved,trainable,true,standard
signer10_sample549,tuvalet,16,200,AUTSL,AUTSL_OpenHands_pose_v1,signer10,dataset_license,train,AUTSL/train_poses/signer10_sample549_color.pkl,processed/autsl20/landmark46-v1/train/signer10_sample549.npz,approved,trainable,true,standard
signer10_sample563,yardim,18,211,AUTSL,AUTSL_OpenHands_pose_v1,signer10,dataset_license,train,AUTSL/train_poses/signer10_sample563_color.pkl,processed/autsl20/landmark46-v1/train/signer10_sample563.npz,approved,trainable,true,red_flag
signer10_sample574,hasta,4,82,AUTSL,AUTSL_OpenHands_pose_v1,signer10,dataset_license,train,AUTSL/train_poses/signer10_sample574_color.pkl,processed/autsl20/landmark46-v1/train/signer10_sample574.npz,approved,trainable,true,standard
signer10_sample581,doktor,0,52,AUTSL,AUTSL_OpenHands_pose_v1,signer10,dataset_license,train,AUTSL/train_poses/signer10_sample581_color.pkl,processed/autsl20/landmark46-v1/train/signer10_sample581.npz,approved,trainable,true,standard
signer10_sample603,ilac,9,96,AUTSL,AUTSL_OpenHands_pose_v1,signer10,dataset_license,train,AUTSL/train_poses/signer10_sample603_color.pkl,processed/autsl20/landmark46-v1/train/signer10_sample603.npz,approved,trainable,true,standard
signer10_sample614,yardim,18,211,AUTSL,AUTSL_OpenHands_pose_v1,signer10,dataset_license,train,AUTSL/train_poses/signer10_sample614_color.pkl,processed/autsl20/landmark46-v1/train/signer10_sample614.npz,approved,trainable,true,red_flag
signer10_sample619,hasta,4,82,AUTSL,AUTSL_OpenHands_pose_v1,signer10,dataset_license,train,AUTSL/train_poses/signer10_sample619_color.pkl,processed/autsl20/landmark46-v1/train/signer10_sample619.npz,approved,trainable,true,standard
signer10_sample621,nerede,13,138,AUTSL,AUTSL_OpenHands_pose_v1,signer10,dataset_license,train,AUTSL/train_poses/signer10_sample621_color.pkl,processed/autsl20/landmark46-v1/train/signer10_sample621.npz,approved,trainable,true,standard
signer10_sample625,eczane,1,58,AUTSL,AUTSL_OpenHands_pose_v1,signer10,dataset_license,train,AUTSL/train_poses/signer10_sample625_color.pkl,processed/autsl20/landmark46-v1/train/signer10_sample625.npz,approved,trainable,true,standard
signer10_sample637,tehlike,15,192,AUTSL,AUTSL_OpenHands_pose_v1,signer10,dataset_license,train,AUTSL/train_poses/signer10_sample637_color.pkl,processed/autsl20/landmark46-v1/train/signer10_sample637.npz,approved,trainable,true,red_flag
signer10_sample641,yarabandi,17,210,AUTSL,AUTSL_OpenHands_pose_v1,signer10,dataset_license,train,AUTSL/train_poses/signer10_sample641_color.pkl,processed/autsl20/landmark46-v1/train/signer10_sample641.npz,approved,trainable,true,standard
signer10_sample646,ilac,9,96,AUTSL,AUTSL_OpenHands_pose_v1,signer10,dataset_license,train,AUTSL/train_poses/signer10_sample646_color.pkl,processed/autsl20/landmark46-v1/train/signer10_sample646.npz,approved,trainable,true,standard
signer10_sample653,hayir,6,86,AUTSL,AUTSL_OpenHands_pose_v1,signer10,dataset_license,train,AUTSL/train_poses/signer10_sample653_color.pkl,processed/autsl20/landmark46-v1/train/signer10_sample653.npz,approved,trainable,true,standard
signer10_sample659,yorgun,19,222,AUTSL,AUTSL_OpenHands_pose_v1,signer10,dataset_license,train,AUTSL/train_poses/signer10_sample659_color.pkl,processed/autsl20/landmark46-v1/train/signer10_sample659.npz,approved,trainable,true,standard
signer12_sample9,tehlike,15,192,AUTSL,AUTSL_OpenHands_pose_v1,signer12,dataset_license,train,AUTSL/train_poses/signer12_sample9_color.pkl,processed/autsl20/landmark46-v1/train/signer12_sample9.npz,approved,trainable,true,red_flag
signer12_sample11,evet,2,65,AUTSL,AUTSL_OpenHands_pose_v1,signer12,dataset_license,train,AUTSL/train_poses/signer12_sample11_color.pkl,processed/autsl20/landmark46-v1/train/signer12_sample11.npz,approved,trainable,true,standard
signer12_sample18,evet,2,65,AUTSL,AUTSL_OpenHands_pose_v1,signer12,dataset_license,train,AUTSL/train_poses/signer12_sample18_color.pkl,processed/autsl20/landmark46-v1/train/signer12_sample18.npz,approved,trainable,true,standard
signer12_sample46,hastane,5,83,AUTSL,AUTSL_OpenHands_pose_v1,signer12,dataset_license,train,AUTSL/train_poses/signer12_sample46_color.pkl,processed/autsl20/landmark46-v1/train/signer12_sample46.npz,approved,trainable,true,standard
signer12_sample47,ilac,9,96,AUTSL,AUTSL_OpenHands_pose_v1,signer12,dataset_license,train,AUTSL/train_poses/signer12_sample47_color.pkl,processed/autsl20/landmark46-v1/train/signer12_sample47.npz,approved,trainable,true,standard
signer12_sample54,kotu,12,122,AUTSL,AUTSL_OpenHands_pose_v1,signer12,dataset_license,train,AUTSL/train_poses/signer12_sample54_color.pkl,processed/autsl20/landmark46-v1/train/signer12_sample54.npz,approved,trainable,true,standard
signer12_sample61,hastane,5,83,AUTSL,AUTSL_OpenHands_pose_v1,signer12,dataset_license,train,AUTSL/train_poses/signer12_sample61_color.pkl,processed/autsl20/landmark46-v1/train/signer12_sample61.npz,approved,trainable,true,standard
signer12_sample64,tehlike,15,192,AUTSL,AUTSL_OpenHands_pose_v1,signer12,dataset_license,train,AUTSL/train_poses/signer12_sample64_color.pkl,processed/autsl20/landmark46-v1/train/signer12_sample64.npz,approved,trainable,true,red_flag
signer12_sample67,hayir,6,86,AUTSL,AUTSL_OpenHands_pose_v1,signer12,dataset_license,train,AUTSL/train_poses/signer12_sample67_color.pkl,processed/autsl20/landmark46-v1/train/signer12_sample67.npz,approved,trainable,true,standard
signer12_sample82,eczane,1,58,AUTSL,AUTSL_OpenHands_pose_v1,signer12,dataset_license,train,AUTSL/train_poses/signer12_sample82_color.pkl,processed/autsl20/landmark46-v1/train/signer12_sample82.npz,approved,trainable,true,standard
signer12_sample92,hasta,4,82,AUTSL,AUTSL_OpenHands_pose_v1,signer12,dataset_license,train,AUTSL/train_poses/signer12_sample92_color.pkl,processed/autsl20/landmark46-v1/train/signer12_sample92.npz,approved,trainable,true,standard
signer12_sample93,evet,2,65,AUTSL,AUTSL_OpenHands_pose_v1,signer12,dataset_license,train,AUTSL/train_poses/signer12_sample93_color.pkl,processed/autsl20/landmark46-v1/train/signer12_sample93.npz,approved,trainable,true,standard
signer12_sample97,yarabandi,17,210,AUTSL,AUTSL_OpenHands_pose_v1,signer12,dataset_license,train,AUTSL/train_poses/signer12_sample97_color.pkl,processed/autsl20/landmark46-v1/train/signer12_sample97.npz,approved,trainable,true,standard
signer12_sample103,icmek,7,94,AUTSL,AUTSL_OpenHands_pose_v1,signer12,dataset_license,train,AUTSL/train_poses/signer12_sample103_color.pkl,processed/autsl20/landmark46-v1/train/signer12_sample103.npz,approved,trainable,true,standard
signer12_sample116,tehlike,15,192,AUTSL,AUTSL_OpenHands_pose_v1,signer12,dataset_license,train,AUTSL/train_poses/signer12_sample116_color.pkl,processed/autsl20/landmark46-v1/train/signer12_sample116.npz,approved,trainable,true,red_flag
signer12_sample117,doktor,0,52,AUTSL,AUTSL_OpenHands_pose_v1,signer12,dataset_license,train,AUTSL/train_poses/signer12_sample117_color.pkl,processed/autsl20/landmark46-v1/train/signer12_sample117.npz,approved,trainable,true,standard
signer12_sample132,eczane,1,58,AUTSL,AUTSL_OpenHands_pose_v1,signer12,dataset_license,train,AUTSL/train_poses/signer12_sample132_color.pkl,processed/autsl20/landmark46-v1/train/signer12_sample132.npz,approved,trainable,true,standard
signer12_sample134,ilac,9,96,AUTSL,AUTSL_OpenHands_pose_v1,signer12,dataset_license,train,AUTSL/train_poses/signer12_sample134_color.pkl,processed/autsl20/landmark46-v1/train/signer12_sample134.npz,approved,trainable,true,standard
signer12_sample144,iyi,10,100,AUTSL,AUTSL_OpenHands_pose_v1,signer12,dataset_license,train,AUTSL/train_poses/signer12_sample144_color.pkl,processed/autsl20/landmark46-v1/train/signer12_sample144.npz,approved,trainable,true,standard
signer12_sample146,nerede,13,138,AUTSL,AUTSL_OpenHands_pose_v1,signer12,dataset_license,train,AUTSL/train_poses/signer12_sample146_color.pkl,processed/autsl20/landmark46-v1/train/signer12_sample146.npz,approved,trainable,true,standard
signer12_sample153,yardim,18,211,AUTSL,AUTSL_OpenHands_pose_v1,signer12,dataset_license,train,AUTSL/train_poses/signer12_sample153_color.pkl,processed/autsl20/landmark46-v1/train/signer12_sample153.npz,approved,trainable,true,red_flag
signer12_sample167,iyi,10,100,AUTSL,AUTSL_OpenHands_pose_v1,signer12,dataset_license,train,AUTSL/train_poses/signer12_sample167_color.pkl,processed/autsl20/landmark46-v1/train/signer12_sample167.npz,approved,trainable,true,standard
signer12_sample182,doktor,0,52,AUTSL,AUTSL_OpenHands_pose_v1,signer12,dataset_license,train,AUTSL/train_poses/signer12_sample182_color.pkl,processed/autsl20/landmark46-v1/train/signer12_sample182.npz,approved,trainable,true,standard
signer12_sample183,eczane,1,58,AUTSL,AUTSL_OpenHands_pose_v1,signer12,dataset_license,train,AUTSL/train_poses/signer12_sample183_color.pkl,processed/autsl20/landmark46-v1/train/signer12_sample183.npz,approved,trainable,true,standard
signer12_sample184,icmek,7,94,AUTSL,AUTSL_OpenHands_pose_v1,signer12,dataset_license,train,AUTSL/train_poses/signer12_sample184_color.pkl,processed/autsl20/landmark46-v1/train/signer12_sample184.npz,approved,trainable,true,standard
signer12_sample188,igne,8,95,AUTSL,AUTSL_OpenHands_pose_v1,signer12,dataset_license,train,AUTSL/train_poses/signer12_sample188_color.pkl,processed/autsl20/landmark46-v1/train/signer12_sample188.npz,approved,trainable,true,standard
signer12_sample199,evet,2,65,AUTSL,AUTSL_OpenHands_pose_v1,signer12,dataset_license,train,AUTSL/train_poses/signer12_sample199_color.pkl,processed/autsl20/landmark46-v1/train/signer12_sample199.npz,approved,trainable,true,standard
signer12_sample204,hayir,6,86,AUTSL,AUTSL_OpenHands_pose_v1,signer12,dataset_license,train,AUTSL/train_poses/signer12_sample204_color.pkl,processed/autsl20/landmark46-v1/train/signer12_sample204.npz,approved,trainable,true,standard
signer12_sample211,kaza,11,108,AUTSL,AUTSL_OpenHands_pose_v1,signer12,dataset_license,train,AUTSL/train_poses/signer12_sample211_color.pkl,processed/autsl20/landmark46-v1/train/signer12_sample211.npz,approved,trainable,true,standard
signer12_sample213,yorgun,19,222,AUTSL,AUTSL_OpenHands_pose_v1,signer12,dataset_license,train,AUTSL/train_poses/signer12_sample213_color.pkl,processed/autsl20/landmark46-v1/train/signer12_sample213.npz,approved,trainable,true,standard
signer12_sample217,hastane,5,83,AUTSL,AUTSL_OpenHands_pose_v1,signer12,dataset_license,train,AUTSL/train_poses/signer12_sample217_color.pkl,processed/autsl20/landmark46-v1/train/signer12_sample217.npz,approved,trainable,true,standard
signer12_sample251,tuvalet,16,200,AUTSL,AUTSL_OpenHands_pose_v1,signer12,dataset_license,train,AUTSL/train_poses/signer12_sample251_color.pkl,processed/autsl20/landmark46-v1/train/signer12_sample251.npz,approved,trainable,true,standard
signer12_sample256,ilac,9,96,AUTSL,AUTSL_OpenHands_pose_v1,signer12,dataset_license,train,AUTSL/train_poses/signer12_sample256_color.pkl,processed/autsl20/landmark46-v1/train/signer12_sample256.npz,approved,trainable,true,standard
signer12_sample257,hastane,5,83,AUTSL,AUTSL_OpenHands_pose_v1,signer12,dataset_license,train,AUTSL/train_poses/signer12_sample257_color.pkl,processed/autsl20/landmark46-v1/train/signer12_sample257.npz,approved,trainable,true,standard
signer12_sample262,tehlike,15,192,AUTSL,AUTSL_OpenHands_pose_v1,signer12,dataset_license,train,AUTSL/train_poses/signer12_sample262_color.pkl,processed/autsl20/landmark46-v1/train/signer12_sample262.npz,approved,trainable,true,red_flag
signer12_sample275,seker,14,172,AUTSL,AUTSL_OpenHands_pose_v1,signer12,dataset_license,train,AUTSL/train_poses/signer12_sample275_color.pkl,processed/autsl20/landmark46-v1/train/signer12_sample275.npz,approved,trainable,true,standard
signer12_sample284,tehlike,15,192,AUTSL,AUTSL_OpenHands_pose_v1,signer12,dataset_license,train,AUTSL/train_poses/signer12_sample284_color.pkl,processed/autsl20/landmark46-v1/train/signer12_sample284.npz,approved,trainable,true,red_flag
signer12_sample315,kotu,12,122,AUTSL,AUTSL_OpenHands_pose_v1,signer12,dataset_license,train,AUTSL/train_poses/signer12_sample315_color.pkl,processed/autsl20/landmark46-v1/train/signer12_sample315.npz,approved,trainable,true,standard
signer12_sample321,tuvalet,16,200,AUTSL,AUTSL_OpenHands_pose_v1,signer12,dataset_license,train,AUTSL/train_poses/signer12_sample321_color.pkl,processed/autsl20/landmark46-v1/train/signer12_sample321.npz,approved,trainable,true,standard
signer12_sample324,igne,8,95,AUTSL,AUTSL_OpenHands_pose_v1,signer12,dataset_license,train,AUTSL/train_poses/signer12_sample324_color.pkl,processed/autsl20/landmark46-v1/train/signer12_sample324.npz,approved,trainable,true,standard
signer12_sample355,yorgun,19,222,AUTSL,AUTSL_OpenHands_pose_v1,signer12,dataset_license,train,AUTSL/train_poses/signer12_sample355_color.pkl,processed/autsl20/landmark46-v1/train/signer12_sample355.npz,approved,trainable,true,standard
signer12_sample370,iyi,10,100,AUTSL,AUTSL_OpenHands_pose_v1,signer12,dataset_license,train,AUTSL/train_poses/signer12_sample370_color.pkl,processed/autsl20/landmark46-v1/train/signer12_sample370.npz,approved,trainable,true,standard
signer12_sample374,eczane,1,58,AUTSL,AUTSL_OpenHands_pose_v1,signer12,dataset_license,train,AUTSL/train_poses/signer12_sample374_color.pkl,processed/autsl20/landmark46-v1/train/signer12_sample374.npz,approved,trainable,true,standard
signer12_sample394,kaza,11,108,AUTSL,AUTSL_OpenHands_pose_v1,signer12,dataset_license,train,AUTSL/train_poses/signer12_sample394_color.pkl,processed/autsl20/landmark46-v1/train/signer12_sample394.npz,approved,trainable,true,standard
signer12_sample396,yorgun,19,222,AUTSL,AUTSL_OpenHands_pose_v1,signer12,dataset_license,train,AUTSL/train_poses/signer12_sample396_color.pkl,processed/autsl20/landmark46-v1/train/signer12_sample396.npz,approved,trainable,true,standard
signer12_sample400,evet,2,65,AUTSL,AUTSL_OpenHands_pose_v1,signer12,dataset_license,train,AUTSL/train_poses/signer12_sample400_color.pkl,processed/autsl20/landmark46-v1/train/signer12_sample400.npz,approved,trainable,true,standard
signer12_sample410,kaza,11,108,AUTSL,AUTSL_OpenHands_pose_v1,signer12,dataset_license,train,AUTSL/train_poses/signer12_sample410_color.pkl,processed/autsl20/landmark46-v1/train/signer12_sample410.npz,approved,trainable,true,standard
signer12_sample412,evet,2,65,AUTSL,AUTSL_OpenHands_pose_v1,signer12,dataset_license,train,AUTSL/train_poses/signer12_sample412_color.pkl,processed/autsl20/landmark46-v1/train/signer12_sample412.npz,approved,trainable,true,standard
signer12_sample416,yarabandi,17,210,AUTSL,AUTSL_OpenHands_pose_v1,signer12,dataset_license,train,AUTSL/train_poses/signer12_sample416_color.pkl,processed/autsl20/landmark46-v1/train/signer12_sample416.npz,approved,trainable,true,standard
signer12_sample425,gostermek,3,77,AUTSL,AUTSL_OpenHands_pose_v1,signer12,dataset_license,train,AUTSL/train_poses/signer12_sample425_color.pkl,processed/autsl20/landmark46-v1/train/signer12_sample425.npz,approved,trainable,true,standard
signer12_sample475,icmek,7,94,AUTSL,AUTSL_OpenHands_pose_v1,signer12,dataset_license,train,AUTSL/train_poses/signer12_sample475_color.pkl,processed/autsl20/landmark46-v1/train/signer12_sample475.npz,approved,trainable,true,standard
signer12_sample478,icmek,7,94,AUTSL,AUTSL_OpenHands_pose_v1,signer12,dataset_license,train,AUTSL/train_poses/signer12_sample478_color.pkl,processed/autsl20/landmark46-v1/train/signer12_sample478.npz,approved,trainable,true,standard
signer12_sample502,yardim,18,211,AUTSL,AUTSL_OpenHands_pose_v1,signer12,dataset_license,train,AUTSL/train_poses/signer12_sample502_color.pkl,processed/autsl20/landmark46-v1/train/signer12_sample502.npz,approved,trainable,true,red_flag
signer12_sample510,tuvalet,16,200,AUTSL,AUTSL_OpenHands_pose_v1,signer12,dataset_license,train,AUTSL/train_poses/signer12_sample510_color.pkl,processed/autsl20/landmark46-v1/train/signer12_sample510.npz,approved,trainable,true,standard
signer12_sample524,yardim,18,211,AUTSL,AUTSL_OpenHands_pose_v1,signer12,dataset_license,train,AUTSL/train_poses/signer12_sample524_color.pkl,processed/autsl20/landmark46-v1/train/signer12_sample524.npz,approved,trainable,true,red_flag
signer12_sample531,kaza,11,108,AUTSL,AUTSL_OpenHands_pose_v1,signer12,dataset_license,train,AUTSL/train_poses/signer12_sample531_color.pkl,processed/autsl20/landmark46-v1/train/signer12_sample531.npz,approved,trainable,true,standard
signer12_sample568,iyi,10,100,AUTSL,AUTSL_OpenHands_pose_v1,signer12,dataset_license,train,AUTSL/train_poses/signer12_sample568_color.pkl,processed/autsl20/landmark46-v1/train/signer12_sample568.npz,approved,trainable,true,standard
signer12_sample596,yarabandi,17,210,AUTSL,AUTSL_OpenHands_pose_v1,signer12,dataset_license,train,AUTSL/train_poses/signer12_sample596_color.pkl,processed/autsl20/landmark46-v1/train/signer12_sample596.npz,approved,trainable,true,standard
signer12_sample602,hayir,6,86,AUTSL,AUTSL_OpenHands_pose_v1,signer12,dataset_license,train,AUTSL/train_poses/signer12_sample602_color.pkl,processed/autsl20/landmark46-v1/train/signer12_sample602.npz,approved,trainable,true,standard
signer12_sample633,hayir,6,86,AUTSL,AUTSL_OpenHands_pose_v1,signer12,dataset_license,train,AUTSL/train_poses/signer12_sample633_color.pkl,processed/autsl20/landmark46-v1/train/signer12_sample633.npz,approved,trainable,true,standard
signer12_sample636,hasta,4,82,AUTSL,AUTSL_OpenHands_pose_v1,signer12,dataset_license,train,AUTSL/train_poses/signer12_sample636_color.pkl,processed/autsl20/landmark46-v1/train/signer12_sample636.npz,approved,trainable,true,standard
signer12_sample642,tuvalet,16,200,AUTSL,AUTSL_OpenHands_pose_v1,signer12,dataset_license,train,AUTSL/train_poses/signer12_sample642_color.pkl,processed/autsl20/landmark46-v1/train/signer12_sample642.npz,approved,trainable,true,standard
signer12_sample653,tuvalet,16,200,AUTSL,AUTSL_OpenHands_pose_v1,signer12,dataset_license,train,AUTSL/train_poses/signer12_sample653_color.pkl,processed/autsl20/landmark46-v1/train/signer12_sample653.npz,approved,trainable,true,standard
signer12_sample659,gostermek,3,77,AUTSL,AUTSL_OpenHands_pose_v1,signer12,dataset_license,train,AUTSL/train_poses/signer12_sample659_color.pkl,processed/autsl20/landmark46-v1/train/signer12_sample659.npz,approved,trainable,true,standard
signer12_sample676,eczane,1,58,AUTSL,AUTSL_OpenHands_pose_v1,signer12,dataset_license,train,AUTSL/train_poses/signer12_sample676_color.pkl,processed/autsl20/landmark46-v1/train/signer12_sample676.npz,approved,trainable,true,standard
signer12_sample693,tuvalet,16,200,AUTSL,AUTSL_OpenHands_pose_v1,signer12,dataset_license,train,AUTSL/train_poses/signer12_sample693_color.pkl,processed/autsl20/landmark46-v1/train/signer12_sample693.npz,approved,trainable,true,standard
signer12_sample694,yorgun,19,222,AUTSL,AUTSL_OpenHands_pose_v1,signer12,dataset_license,train,AUTSL/train_poses/signer12_sample694_color.pkl,processed/autsl20/landmark46-v1/train/signer12_sample694.npz,approved,trainable,true,standard
signer12_sample721,ilac,9,96,AUTSL,AUTSL_OpenHands_pose_v1,signer12,dataset_license,train,AUTSL/train_poses/signer12_sample721_color.pkl,processed/autsl20/landmark46-v1/train/signer12_sample721.npz,approved,trainable,true,standard
signer12_sample737,yarabandi,17,210,AUTSL,AUTSL_OpenHands_pose_v1,signer12,dataset_license,train,AUTSL/train_poses/signer12_sample737_color.pkl,processed/autsl20/landmark46-v1/train/signer12_sample737.npz,approved,trainable,true,standard
signer12_sample739,nerede,13,138,AUTSL,AUTSL_OpenHands_pose_v1,signer12,dataset_license,train,AUTSL/train_poses/signer12_sample739_color.pkl,processed/autsl20/landmark46-v1/train/signer12_sample739.npz,approved,trainable,true,standard
signer12_sample752,icmek,7,94,AUTSL,AUTSL_OpenHands_pose_v1,signer12,dataset_license,train,AUTSL/train_poses/signer12_sample752_color.pkl,processed/autsl20/landmark46-v1/train/signer12_sample752.npz,approved,trainable,true,standard
signer12_sample758,kotu,12,122,AUTSL,AUTSL_OpenHands_pose_v1,signer12,dataset_license,train,AUTSL/train_poses/signer12_sample758_color.pkl,processed/autsl20/landmark46-v1/train/signer12_sample758.npz,approved,trainable,true,standard
signer12_sample762,nerede,13,138,AUTSL,AUTSL_OpenHands_pose_v1,signer12,dataset_license,train,AUTSL/train_poses/signer12_sample762_color.pkl,processed/autsl20/landmark46-v1/train/signer12_sample762.npz,approved,trainable,true,standard
signer12_sample780,hayir,6,86,AUTSL,AUTSL_OpenHands_pose_v1,signer12,dataset_license,train,AUTSL/train_poses/signer12_sample780_color.pkl,processed/autsl20/landmark46-v1/train/signer12_sample780.npz,approved,trainable,true,standard
signer12_sample799,hasta,4,82,AUTSL,AUTSL_OpenHands_pose_v1,signer12,dataset_license,train,AUTSL/train_poses/signer12_sample799_color.pkl,processed/autsl20/landmark46-v1/train/signer12_sample799.npz,approved,trainable,true,standard
signer12_sample803,yardim,18,211,AUTSL,AUTSL_OpenHands_pose_v1,signer12,dataset_license,train,AUTSL/train_poses/signer12_sample803_color.pkl,processed/autsl20/landmark46-v1/train/signer12_sample803.npz,approved,trainable,true,red_flag
signer12_sample810,iyi,10,100,AUTSL,AUTSL_OpenHands_pose_v1,signer12,dataset_license,train,AUTSL/train_poses/signer12_sample810_color.pkl,processed/autsl20/landmark46-v1/train/signer12_sample810.npz,approved,trainable,true,standard
signer12_sample813,seker,14,172,AUTSL,AUTSL_OpenHands_pose_v1,signer12,dataset_license,train,AUTSL/train_poses/signer12_sample813_color.pkl,processed/autsl20/landmark46-v1/train/signer12_sample813.npz,approved,trainable,true,standard
signer12_sample825,nerede,13,138,AUTSL,AUTSL_OpenHands_pose_v1,signer12,dataset_license,train,AUTSL/train_poses/signer12_sample825_color.pkl,processed/autsl20/landmark46-v1/train/signer12_sample825.npz,approved,trainable,true,standard
signer12_sample842,kotu,12,122,AUTSL,AUTSL_OpenHands_pose_v1,signer12,dataset_license,train,AUTSL/train_poses/signer12_sample842_color.pkl,processed/autsl20/landmark46-v1/train/signer12_sample842.npz,approved,trainable,true,standard
signer12_sample855,doktor,0,52,AUTSL,AUTSL_OpenHands_pose_v1,signer12,dataset_license,train,AUTSL/train_poses/signer12_sample855_color.pkl,processed/autsl20/landmark46-v1/train/signer12_sample855.npz,approved,trainable,true,standard
signer12_sample931,kotu,12,122,AUTSL,AUTSL_OpenHands_pose_v1,signer12,dataset_license,train,AUTSL/train_poses/signer12_sample931_color.pkl,processed/autsl20/landmark46-v1/train/signer12_sample931.npz,approved,trainable,true,standard
signer12_sample958,yorgun,19,222,AUTSL,AUTSL_OpenHands_pose_v1,signer12,dataset_license,train,AUTSL/train_poses/signer12_sample958_color.pkl,processed/autsl20/landmark46-v1/train/signer12_sample958.npz,approved,trainable,true,standard
signer12_sample964,gostermek,3,77,AUTSL,AUTSL_OpenHands_pose_v1,signer12,dataset_license,train,AUTSL/train_poses/signer12_sample964_color.pkl,processed/autsl20/landmark46-v1/train/signer12_sample964.npz,approved,trainable,true,standard
signer12_sample1034,kotu,12,122,AUTSL,AUTSL_OpenHands_pose_v1,signer12,dataset_license,train,AUTSL/train_poses/signer12_sample1034_color.pkl,processed/autsl20/landmark46-v1/train/signer12_sample1034.npz,approved,trainable,true,standard
signer12_sample1052,iyi,10,100,AUTSL,AUTSL_OpenHands_pose_v1,signer12,dataset_license,train,AUTSL/train_poses/signer12_sample1052_color.pkl,processed/autsl20/landmark46-v1/train/signer12_sample1052.npz,approved,trainable,true,standard
signer12_sample1058,hastane,5,83,AUTSL,AUTSL_OpenHands_pose_v1,signer12,dataset_license,train,AUTSL/train_poses/signer12_sample1058_color.pkl,processed/autsl20/landmark46-v1/train/signer12_sample1058.npz,approved,trainable,true,standard
signer12_sample1060,tuvalet,16,200,AUTSL,AUTSL_OpenHands_pose_v1,signer12,dataset_license,train,AUTSL/train_poses/signer12_sample1060_color.pkl,processed/autsl20/landmark46-v1/train/signer12_sample1060.npz,approved,trainable,true,standard
signer12_sample1062,gostermek,3,77,AUTSL,AUTSL_OpenHands_pose_v1,signer12,dataset_license,train,AUTSL/train_poses/signer12_sample1062_color.pkl,processed/autsl20/landmark46-v1/train/signer12_sample1062.npz,approved,trainable,true,standard
signer12_sample1076,yardim,18,211,AUTSL,AUTSL_OpenHands_pose_v1,signer12,dataset_license,train,AUTSL/train_poses/signer12_sample1076_color.pkl,processed/autsl20/landmark46-v1/train/signer12_sample1076.npz,approved,trainable,true,red_flag
signer12_sample1083,igne,8,95,AUTSL,AUTSL_OpenHands_pose_v1,signer12,dataset_license,train,AUTSL/train_poses/signer12_sample1083_color.pkl,processed/autsl20/landmark46-v1/train/signer12_sample1083.npz,approved,trainable,true,standard
signer12_sample1088,kotu,12,122,AUTSL,AUTSL_OpenHands_pose_v1,signer12,dataset_license,train,AUTSL/train_poses/signer12_sample1088_color.pkl,processed/autsl20/landmark46-v1/train/signer12_sample1088.npz,approved,trainable,true,standard
signer12_sample1111,evet,2,65,AUTSL,AUTSL_OpenHands_pose_v1,signer12,dataset_license,train,AUTSL/train_poses/signer12_sample1111_color.pkl,processed/autsl20/landmark46-v1/train/signer12_sample1111.npz,approved,trainable,true,standard
signer12_sample1121,hastane,5,83,AUTSL,AUTSL_OpenHands_pose_v1,signer12,dataset_license,train,AUTSL/train_poses/signer12_sample1121_color.pkl,processed/autsl20/landmark46-v1/train/signer12_sample1121.npz,approved,trainable,true,standard
signer12_sample1138,tehlike,15,192,AUTSL,AUTSL_OpenHands_pose_v1,signer12,dataset_license,train,AUTSL/train_poses/signer12_sample1138_color.pkl,processed/autsl20/landmark46-v1/train/signer12_sample1138.npz,approved,trainable,true,red_flag
signer12_sample1139,yarabandi,17,210,AUTSL,AUTSL_OpenHands_pose_v1,signer12,dataset_license,train,AUTSL/train_poses/signer12_sample1139_color.pkl,processed/autsl20/landmark46-v1/train/signer12_sample1139.npz,approved,trainable,true,standard
signer12_sample1142,yardim,18,211,AUTSL,AUTSL_OpenHands_pose_v1,signer12,dataset_license,train,AUTSL/train_poses/signer12_sample1142_color.pkl,processed/autsl20/landmark46-v1/train/signer12_sample1142.npz,approved,trainable,true,red_flag
signer12_sample1147,gostermek,3,77,AUTSL,AUTSL_OpenHands_pose_v1,signer12,dataset_license,train,AUTSL/train_poses/signer12_sample1147_color.pkl,processed/autsl20/landmark46-v1/train/signer12_sample1147.npz,approved,trainable,true,standard
signer12_sample1148,seker,14,172,AUTSL,AUTSL_OpenHands_pose_v1,signer12,dataset_license,train,AUTSL/train_poses/signer12_sample1148_color.pkl,processed/autsl20/landmark46-v1/train/signer12_sample1148.npz,approved,trainable,true,standard
signer12_sample1156,igne,8,95,AUTSL,AUTSL_OpenHands_pose_v1,signer12,dataset_license,train,AUTSL/train_poses/signer12_sample1156_color.pkl,processed/autsl20/landmark46-v1/train/signer12_sample1156.npz,approved,trainable,true,standard
signer12_sample1176,hasta,4,82,AUTSL,AUTSL_OpenHands_pose_v1,signer12,dataset_license,train,AUTSL/train_poses/signer12_sample1176_color.pkl,processed/autsl20/landmark46-v1/train/signer12_sample1176.npz,approved,trainable,true,standard
signer12_sample1177,evet,2,65,AUTSL,AUTSL_OpenHands_pose_v1,signer12,dataset_license,train,AUTSL/train_poses/signer12_sample1177_color.pkl,processed/autsl20/landmark46-v1/train/signer12_sample1177.npz,approved,trainable,true,standard
signer12_sample1178,doktor,0,52,AUTSL,AUTSL_OpenHands_pose_v1,signer12,dataset_license,train,AUTSL/train_poses/signer12_sample1178_color.pkl,processed/autsl20/landmark46-v1/train/signer12_sample1178.npz,approved,trainable,true,standard
signer12_sample1211,kotu,12,122,AUTSL,AUTSL_OpenHands_pose_v1,signer12,dataset_license,train,AUTSL/train_poses/signer12_sample1211_color.pkl,processed/autsl20/landmark46-v1/train/signer12_sample1211.npz,approved,trainable,true,standard
signer12_sample1218,kaza,11,108,AUTSL,AUTSL_OpenHands_pose_v1,signer12,dataset_license,train,AUTSL/train_poses/signer12_sample1218_color.pkl,processed/autsl20/landmark46-v1/train/signer12_sample1218.npz,approved,trainable,true,standard
signer12_sample1229,eczane,1,58,AUTSL,AUTSL_OpenHands_pose_v1,signer12,dataset_license,train,AUTSL/train_poses/signer12_sample1229_color.pkl,processed/autsl20/landmark46-v1/train/signer12_sample1229.npz,approved,trainable,true,standard
signer12_sample1251,hasta,4,82,AUTSL,AUTSL_OpenHands_pose_v1,signer12,dataset_license,train,AUTSL/train_poses/signer12_sample1251_color.pkl,processed/autsl20/landmark46-v1/train/signer12_sample1251.npz,approved,trainable,true,standard
signer12_sample1268,yorgun,19,222,AUTSL,AUTSL_OpenHands_pose_v1,signer12,dataset_license,train,AUTSL/train_poses/signer12_sample1268_color.pkl,processed/autsl20/landmark46-v1/train/signer12_sample1268.npz,approved,trainable,true,standard
signer12_sample1271,icmek,7,94,AUTSL,AUTSL_OpenHands_pose_v1,signer12,dataset_license,train,AUTSL/train_poses/signer12_sample1271_color.pkl,processed/autsl20/landmark46-v1/train/signer12_sample1271.npz,approved,trainable,true,standard
signer12_sample1274,doktor,0,52,AUTSL,AUTSL_OpenHands_pose_v1,signer12,dataset_license,train,AUTSL/train_poses/signer12_sample1274_color.pkl,processed/autsl20/landmark46-v1/train/signer12_sample1274.npz,approved,trainable,true,standard
signer12_sample1290,nerede,13,138,AUTSL,AUTSL_OpenHands_pose_v1,signer12,dataset_license,train,AUTSL/train_poses/signer12_sample1290_color.pkl,processed/autsl20/landmark46-v1/train/signer12_sample1290.npz,approved,trainable,true,standard
signer12_sample1314,ilac,9,96,AUTSL,AUTSL_OpenHands_pose_v1,signer12,dataset_license,train,AUTSL/train_poses/signer12_sample1314_color.pkl,processed/autsl20/landmark46-v1/train/signer12_sample1314.npz,approved,trainable,true,standard
signer12_sample1323,hayir,6,86,AUTSL,AUTSL_OpenHands_pose_v1,signer12,dataset_license,train,AUTSL/train_poses/signer12_sample1323_color.pkl,processed/autsl20/landmark46-v1/train/signer12_sample1323.npz,approved,trainable,true,standard
signer12_sample1324,iyi,10,100,AUTSL,AUTSL_OpenHands_pose_v1,signer12,dataset_license,train,AUTSL/train_poses/signer12_sample1324_color.pkl,processed/autsl20/landmark46-v1/train/signer12_sample1324.npz,approved,trainable,true,standard
signer12_sample1325,gostermek,3,77,AUTSL,AUTSL_OpenHands_pose_v1,signer12,dataset_license,train,AUTSL/train_poses/signer12_sample1325_color.pkl,processed/autsl20/landmark46-v1/train/signer12_sample1325.npz,approved,trainable,true,standard
signer12_sample1339,tuvalet,16,200,AUTSL,AUTSL_OpenHands_pose_v1,signer12,dataset_license,train,AUTSL/train_poses/signer12_sample1339_color.pkl,processed/autsl20/landmark46-v1/train/signer12_sample1339.npz,approved,trainable,true,standard
signer12_sample1340,iyi,10,100,AUTSL,AUTSL_OpenHands_pose_v1,signer12,dataset_license,train,AUTSL/train_poses/signer12_sample1340_color.pkl,processed/autsl20/landmark46-v1/train/signer12_sample1340.npz,approved,trainable,true,standard
signer12_sample1368,yarabandi,17,210,AUTSL,AUTSL_OpenHands_pose_v1,signer12,dataset_license,train,AUTSL/train_poses/signer12_sample1368_color.pkl,processed/autsl20/landmark46-v1/train/signer12_sample1368.npz,approved,trainable,true,standard
signer12_sample1377,nerede,13,138,AUTSL,AUTSL_OpenHands_pose_v1,signer12,dataset_license,train,AUTSL/train_poses/signer12_sample1377_color.pkl,processed/autsl20/landmark46-v1/train/signer12_sample1377.npz,approved,trainable,true,standard
signer12_sample1383,kaza,11,108,AUTSL,AUTSL_OpenHands_pose_v1,signer12,dataset_license,train,AUTSL/train_poses/signer12_sample1383_color.pkl,processed/autsl20/landmark46-v1/train/signer12_sample1383.npz,approved,trainable,true,standard
signer12_sample1393,igne,8,95,AUTSL,AUTSL_OpenHands_pose_v1,signer12,dataset_license,train,AUTSL/train_poses/signer12_sample1393_color.pkl,processed/autsl20/landmark46-v1/train/signer12_sample1393.npz,approved,trainable,true,standard
signer12_sample1414,yorgun,19,222,AUTSL,AUTSL_OpenHands_pose_v1,signer12,dataset_license,train,AUTSL/train_poses/signer12_sample1414_color.pkl,processed/autsl20/landmark46-v1/train/signer12_sample1414.npz,approved,trainable,true,standard
signer12_sample1424,hayir,6,86,AUTSL,AUTSL_OpenHands_pose_v1,signer12,dataset_license,train,AUTSL/train_poses/signer12_sample1424_color.pkl,processed/autsl20/landmark46-v1/train/signer12_sample1424.npz,approved,trainable,true,standard
signer12_sample1434,doktor,0,52,AUTSL,AUTSL_OpenHands_pose_v1,signer12,dataset_license,train,AUTSL/train_poses/signer12_sample1434_color.pkl,processed/autsl20/landmark46-v1/train/signer12_sample1434.npz,approved,trainable,true,standard
signer12_sample1436,doktor,0,52,AUTSL,AUTSL_OpenHands_pose_v1,signer12,dataset_license,train,AUTSL/train_poses/signer12_sample1436_color.pkl,processed/autsl20/landmark46-v1/train/signer12_sample1436.npz,approved,trainable,true,standard
signer12_sample1438,yorgun,19,222,AUTSL,AUTSL_OpenHands_pose_v1,signer12,dataset_license,train,AUTSL/train_poses/signer12_sample1438_color.pkl,processed/autsl20/landmark46-v1/train/signer12_sample1438.npz,approved,trainable,true,standard
signer12_sample1440,doktor,0,52,AUTSL,AUTSL_OpenHands_pose_v1,signer12,dataset_license,train,AUTSL/train_poses/signer12_sample1440_color.pkl,processed/autsl20/landmark46-v1/train/signer12_sample1440.npz,approved,trainable,true,standard
signer12_sample1453,kaza,11,108,AUTSL,AUTSL_OpenHands_pose_v1,signer12,dataset_license,train,AUTSL/train_poses/signer12_sample1453_color.pkl,processed/autsl20/landmark46-v1/train/signer12_sample1453.npz,approved,trainable,true,standard
signer12_sample1461,ilac,9,96,AUTSL,AUTSL_OpenHands_pose_v1,signer12,dataset_license,train,AUTSL/train_poses/signer12_sample1461_color.pkl,processed/autsl20/landmark46-v1/train/signer12_sample1461.npz,approved,trainable,true,standard
signer12_sample1464,gostermek,3,77,AUTSL,AUTSL_OpenHands_pose_v1,signer12,dataset_license,train,AUTSL/train_poses/signer12_sample1464_color.pkl,processed/autsl20/landmark46-v1/train/signer12_sample1464.npz,approved,trainable,true,standard
signer12_sample1471,seker,14,172,AUTSL,AUTSL_OpenHands_pose_v1,signer12,dataset_license,train,AUTSL/train_poses/signer12_sample1471_color.pkl,processed/autsl20/landmark46-v1/train/signer12_sample1471.npz,approved,trainable,true,standard
signer12_sample1475,eczane,1,58,AUTSL,AUTSL_OpenHands_pose_v1,signer12,dataset_license,train,AUTSL/train_poses/signer12_sample1475_color.pkl,processed/autsl20/landmark46-v1/train/signer12_sample1475.npz,approved,trainable,true,standard
signer12_sample1476,gostermek,3,77,AUTSL,AUTSL_OpenHands_pose_v1,signer12,dataset_license,train,AUTSL/train_poses/signer12_sample1476_color.pkl,processed/autsl20/landmark46-v1/train/signer12_sample1476.npz,approved,trainable,true,standard
signer12_sample1479,yarabandi,17,210,AUTSL,AUTSL_OpenHands_pose_v1,signer12,dataset_license,train,AUTSL/train_poses/signer12_sample1479_color.pkl,processed/autsl20/landmark46-v1/train/signer12_sample1479.npz,approved,trainable,true,standard
signer12_sample1482,yardim,18,211,AUTSL,AUTSL_OpenHands_pose_v1,signer12,dataset_license,train,AUTSL/train_poses/signer12_sample1482_color.pkl,processed/autsl20/landmark46-v1/train/signer12_sample1482.npz,approved,trainable,true,red_flag
signer12_sample1484,seker,14,172,AUTSL,AUTSL_OpenHands_pose_v1,signer12,dataset_license,train,AUTSL/train_poses/signer12_sample1484_color.pkl,processed/autsl20/landmark46-v1/train/signer12_sample1484.npz,approved,trainable,true,standard
signer12_sample1491,yardim,18,211,AUTSL,AUTSL_OpenHands_pose_v1,signer12,dataset_license,train,AUTSL/train_poses/signer12_sample1491_color.pkl,processed/autsl20/landmark46-v1/train/signer12_sample1491.npz,approved,trainable,true,red_flag
signer12_sample1497,nerede,13,138,AUTSL,AUTSL_OpenHands_pose_v1,signer12,dataset_license,train,AUTSL/train_poses/signer12_sample1497_color.pkl,processed/autsl20/landmark46-v1/train/signer12_sample1497.npz,approved,trainable,true,standard
signer12_sample1508,igne,8,95,AUTSL,AUTSL_OpenHands_pose_v1,signer12,dataset_license,train,AUTSL/train_poses/signer12_sample1508_color.pkl,processed/autsl20/landmark46-v1/train/signer12_sample1508.npz,approved,trainable,true,standard
signer12_sample1521,nerede,13,138,AUTSL,AUTSL_OpenHands_pose_v1,signer12,dataset_license,train,AUTSL/train_poses/signer12_sample1521_color.pkl,processed/autsl20/landmark46-v1/train/signer12_sample1521.npz,approved,trainable,true,standard
signer12_sample1522,kotu,12,122,AUTSL,AUTSL_OpenHands_pose_v1,signer12,dataset_license,train,AUTSL/train_poses/signer12_sample1522_color.pkl,processed/autsl20/landmark46-v1/train/signer12_sample1522.npz,approved,trainable,true,standard
signer12_sample1533,hayir,6,86,AUTSL,AUTSL_OpenHands_pose_v1,signer12,dataset_license,train,AUTSL/train_poses/signer12_sample1533_color.pkl,processed/autsl20/landmark46-v1/train/signer12_sample1533.npz,approved,trainable,true,standard
signer12_sample1545,hasta,4,82,AUTSL,AUTSL_OpenHands_pose_v1,signer12,dataset_license,train,AUTSL/train_poses/signer12_sample1545_color.pkl,processed/autsl20/landmark46-v1/train/signer12_sample1545.npz,approved,trainable,true,standard
signer12_sample1551,iyi,10,100,AUTSL,AUTSL_OpenHands_pose_v1,signer12,dataset_license,train,AUTSL/train_poses/signer12_sample1551_color.pkl,processed/autsl20/landmark46-v1/train/signer12_sample1551.npz,approved,trainable,true,standard
signer12_sample1554,igne,8,95,AUTSL,AUTSL_OpenHands_pose_v1,signer12,dataset_license,train,AUTSL/train_poses/signer12_sample1554_color.pkl,processed/autsl20/landmark46-v1/train/signer12_sample1554.npz,approved,trainable,true,standard
signer12_sample1582,seker,14,172,AUTSL,AUTSL_OpenHands_pose_v1,signer12,dataset_license,train,AUTSL/train_poses/signer12_sample1582_color.pkl,processed/autsl20/landmark46-v1/train/signer12_sample1582.npz,approved,trainable,true,standard
signer12_sample1597,evet,2,65,AUTSL,AUTSL_OpenHands_pose_v1,signer12,dataset_license,train,AUTSL/train_poses/signer12_sample1597_color.pkl,processed/autsl20/landmark46-v1/train/signer12_sample1597.npz,approved,trainable,true,standard
signer12_sample1619,yardim,18,211,AUTSL,AUTSL_OpenHands_pose_v1,signer12,dataset_license,train,AUTSL/train_poses/signer12_sample1619_color.pkl,processed/autsl20/landmark46-v1/train/signer12_sample1619.npz,approved,trainable,true,red_flag
signer12_sample1649,hastane,5,83,AUTSL,AUTSL_OpenHands_pose_v1,signer12,dataset_license,train,AUTSL/train_poses/signer12_sample1649_color.pkl,processed/autsl20/landmark46-v1/train/signer12_sample1649.npz,approved,trainable,true,standard
signer12_sample1654,yarabandi,17,210,AUTSL,AUTSL_OpenHands_pose_v1,signer12,dataset_license,train,AUTSL/train_poses/signer12_sample1654_color.pkl,processed/autsl20/landmark46-v1/train/signer12_sample1654.npz,approved,trainable,true,standard
signer12_sample1760,eczane,1,58,AUTSL,AUTSL_OpenHands_pose_v1,signer12,dataset_license,train,AUTSL/train_poses/signer12_sample1760_color.pkl,processed/autsl20/landmark46-v1/train/signer12_sample1760.npz,approved,trainable,true,standard
signer12_sample1774,ilac,9,96,AUTSL,AUTSL_OpenHands_pose_v1,signer12,dataset_license,train,AUTSL/train_poses/signer12_sample1774_color.pkl,processed/autsl20/landmark46-v1/train/signer12_sample1774.npz,approved,trainable,true,standard
signer12_sample1829,hayir,6,86,AUTSL,AUTSL_OpenHands_pose_v1,signer12,dataset_license,train,AUTSL/train_poses/signer12_sample1829_color.pkl,processed/autsl20/landmark46-v1/train/signer12_sample1829.npz,approved,trainable,true,standard
signer12_sample1832,hastane,5,83,AUTSL,AUTSL_OpenHands_pose_v1,signer12,dataset_license,train,AUTSL/train_poses/signer12_sample1832_color.pkl,processed/autsl20/landmark46-v1/train/signer12_sample1832.npz,approved,trainable,true,standard
signer12_sample1841,kaza,11,108,AUTSL,AUTSL_OpenHands_pose_v1,signer12,dataset_license,train,AUTSL/train_poses/signer12_sample1841_color.pkl,processed/autsl20/landmark46-v1/train/signer12_sample1841.npz,approved,trainable,true,standard
signer12_sample1848,tehlike,15,192,AUTSL,AUTSL_OpenHands_pose_v1,signer12,dataset_license,train,AUTSL/train_poses/signer12_sample1848_color.pkl,processed/autsl20/landmark46-v1/train/signer12_sample1848.npz,approved,trainable,true,red_flag
signer12_sample1861,yarabandi,17,210,AUTSL,AUTSL_OpenHands_pose_v1,signer12,dataset_license,train,AUTSL/train_poses/signer12_sample1861_color.pkl,processed/autsl20/landmark46-v1/train/signer12_sample1861.npz,approved,trainable,true,standard
signer12_sample1868,seker,14,172,AUTSL,AUTSL_OpenHands_pose_v1,signer12,dataset_license,train,AUTSL/train_poses/signer12_sample1868_color.pkl,processed/autsl20/landmark46-v1/train/signer12_sample1868.npz,approved,trainable,true,standard
signer12_sample1870,eczane,1,58,AUTSL,AUTSL_OpenHands_pose_v1,signer12,dataset_license,train,AUTSL/train_poses/signer12_sample1870_color.pkl,processed/autsl20/landmark46-v1/train/signer12_sample1870.npz,approved,trainable,true,standard
signer12_sample1877,seker,14,172,AUTSL,AUTSL_OpenHands_pose_v1,signer12,dataset_license,train,AUTSL/train_poses/signer12_sample1877_color.pkl,processed/autsl20/landmark46-v1/train/signer12_sample1877.npz,approved,trainable,true,standard
signer12_sample1878,icmek,7,94,AUTSL,AUTSL_OpenHands_pose_v1,signer12,dataset_license,train,AUTSL/train_poses/signer12_sample1878_color.pkl,processed/autsl20/landmark46-v1/train/signer12_sample1878.npz,approved,trainable,true,standard
signer12_sample1891,igne,8,95,AUTSL,AUTSL_OpenHands_pose_v1,signer12,dataset_license,train,AUTSL/train_poses/signer12_sample1891_color.pkl,processed/autsl20/landmark46-v1/train/signer12_sample1891.npz,approved,trainable,true,standard
signer12_sample1896,hasta,4,82,AUTSL,AUTSL_OpenHands_pose_v1,signer12,dataset_license,train,AUTSL/train_poses/signer12_sample1896_color.pkl,processed/autsl20/landmark46-v1/train/signer12_sample1896.npz,approved,trainable,true,standard
signer12_sample1897,doktor,0,52,AUTSL,AUTSL_OpenHands_pose_v1,signer12,dataset_license,train,AUTSL/train_poses/signer12_sample1897_color.pkl,processed/autsl20/landmark46-v1/train/signer12_sample1897.npz,approved,trainable,true,standard
signer12_sample1909,hasta,4,82,AUTSL,AUTSL_OpenHands_pose_v1,signer12,dataset_license,train,AUTSL/train_poses/signer12_sample1909_color.pkl,processed/autsl20/landmark46-v1/train/signer12_sample1909.npz,approved,trainable,true,standard
signer12_sample1920,kaza,11,108,AUTSL,AUTSL_OpenHands_pose_v1,signer12,dataset_license,train,AUTSL/train_poses/signer12_sample1920_color.pkl,processed/autsl20/landmark46-v1/train/signer12_sample1920.npz,approved,trainable,true,standard
signer12_sample1921,hastane,5,83,AUTSL,AUTSL_OpenHands_pose_v1,signer12,dataset_license,train,AUTSL/train_poses/signer12_sample1921_color.pkl,processed/autsl20/landmark46-v1/train/signer12_sample1921.npz,approved,trainable,true,standard
signer12_sample1922,igne,8,95,AUTSL,AUTSL_OpenHands_pose_v1,signer12,dataset_license,train,AUTSL/train_poses/signer12_sample1922_color.pkl,processed/autsl20/landmark46-v1/train/signer12_sample1922.npz,approved,trainable,true,standard
signer12_sample1929,gostermek,3,77,AUTSL,AUTSL_OpenHands_pose_v1,signer12,dataset_license,train,AUTSL/train_poses/signer12_sample1929_color.pkl,processed/autsl20/landmark46-v1/train/signer12_sample1929.npz,approved,trainable,true,standard
signer12_sample1934,icmek,7,94,AUTSL,AUTSL_OpenHands_pose_v1,signer12,dataset_license,train,AUTSL/train_poses/signer12_sample1934_color.pkl,processed/autsl20/landmark46-v1/train/signer12_sample1934.npz,approved,trainable,true,standard
signer12_sample1947,tuvalet,16,200,AUTSL,AUTSL_OpenHands_pose_v1,signer12,dataset_license,train,AUTSL/train_poses/signer12_sample1947_color.pkl,processed/autsl20/landmark46-v1/train/signer12_sample1947.npz,approved,trainable,true,standard
signer12_sample1955,icmek,7,94,AUTSL,AUTSL_OpenHands_pose_v1,signer12,dataset_license,train,AUTSL/train_poses/signer12_sample1955_color.pkl,processed/autsl20/landmark46-v1/train/signer12_sample1955.npz,approved,trainable,true,standard
signer12_sample1970,hasta,4,82,AUTSL,AUTSL_OpenHands_pose_v1,signer12,dataset_license,train,AUTSL/train_poses/signer12_sample1970_color.pkl,processed/autsl20/landmark46-v1/train/signer12_sample1970.npz,approved,trainable,true,standard
signer12_sample1979,ilac,9,96,AUTSL,AUTSL_OpenHands_pose_v1,signer12,dataset_license,train,AUTSL/train_poses/signer12_sample1979_color.pkl,processed/autsl20/landmark46-v1/train/signer12_sample1979.npz,approved,trainable,true,standard
signer12_sample1983,tehlike,15,192,AUTSL,AUTSL_OpenHands_pose_v1,signer12,dataset_license,train,AUTSL/train_poses/signer12_sample1983_color.pkl,processed/autsl20/landmark46-v1/train/signer12_sample1983.npz,approved,trainable,true,red_flag
signer12_sample1991,seker,14,172,AUTSL,AUTSL_OpenHands_pose_v1,signer12,dataset_license,train,AUTSL/train_poses/signer12_sample1991_color.pkl,processed/autsl20/landmark46-v1/train/signer12_sample1991.npz,approved,trainable,true,standard
signer12_sample1993,ilac,9,96,AUTSL,AUTSL_OpenHands_pose_v1,signer12,dataset_license,train,AUTSL/train_poses/signer12_sample1993_color.pkl,processed/autsl20/landmark46-v1/train/signer12_sample1993.npz,approved,trainable,true,standard
signer12_sample2001,tehlike,15,192,AUTSL,AUTSL_OpenHands_pose_v1,signer12,dataset_license,train,AUTSL/train_poses/signer12_sample2001_color.pkl,processed/autsl20/landmark46-v1/train/signer12_sample2001.npz,approved,trainable,true,red_flag
signer12_sample2003,yorgun,19,222,AUTSL,AUTSL_OpenHands_pose_v1,signer12,dataset_license,train,AUTSL/train_poses/signer12_sample2003_color.pkl,processed/autsl20/landmark46-v1/train/signer12_sample2003.npz,approved,trainable,true,standard
signer12_sample2009,nerede,13,138,AUTSL,AUTSL_OpenHands_pose_v1,signer12,dataset_license,train,AUTSL/train_poses/signer12_sample2009_color.pkl,processed/autsl20/landmark46-v1/train/signer12_sample2009.npz,approved,trainable,true,standard
signer13_sample7,gostermek,3,77,AUTSL,AUTSL_OpenHands_pose_v1,signer13,dataset_license,train,AUTSL/train_poses/signer13_sample7_color.pkl,processed/autsl20/landmark46-v1/train/signer13_sample7.npz,approved,trainable,true,standard
signer13_sample18,evet,2,65,AUTSL,AUTSL_OpenHands_pose_v1,signer13,dataset_license,train,AUTSL/train_poses/signer13_sample18_color.pkl,processed/autsl20/landmark46-v1/train/signer13_sample18.npz,approved,trainable,true,standard
signer13_sample19,seker,14,172,AUTSL,AUTSL_OpenHands_pose_v1,signer13,dataset_license,train,AUTSL/train_poses/signer13_sample19_color.pkl,processed/autsl20/landmark46-v1/train/signer13_sample19.npz,approved,trainable,true,standard
signer13_sample27,yorgun,19,222,AUTSL,AUTSL_OpenHands_pose_v1,signer13,dataset_license,train,AUTSL/train_poses/signer13_sample27_color.pkl,processed/autsl20/landmark46-v1/train/signer13_sample27.npz,approved,trainable,true,standard
signer13_sample36,yarabandi,17,210,AUTSL,AUTSL_OpenHands_pose_v1,signer13,dataset_license,train,AUTSL/train_poses/signer13_sample36_color.pkl,processed/autsl20/landmark46-v1/train/signer13_sample36.npz,approved,trainable,true,standard
signer13_sample60,igne,8,95,AUTSL,AUTSL_OpenHands_pose_v1,signer13,dataset_license,train,AUTSL/train_poses/signer13_sample60_color.pkl,processed/autsl20/landmark46-v1/train/signer13_sample60.npz,approved,trainable,true,standard
signer13_sample61,yardim,18,211,AUTSL,AUTSL_OpenHands_pose_v1,signer13,dataset_license,train,AUTSL/train_poses/signer13_sample61_color.pkl,processed/autsl20/landmark46-v1/train/signer13_sample61.npz,approved,trainable,true,red_flag
signer13_sample74,iyi,10,100,AUTSL,AUTSL_OpenHands_pose_v1,signer13,dataset_license,train,AUTSL/train_poses/signer13_sample74_color.pkl,processed/autsl20/landmark46-v1/train/signer13_sample74.npz,approved,trainable,true,standard
signer13_sample76,hayir,6,86,AUTSL,AUTSL_OpenHands_pose_v1,signer13,dataset_license,train,AUTSL/train_poses/signer13_sample76_color.pkl,processed/autsl20/landmark46-v1/train/signer13_sample76.npz,approved,trainable,true,standard
signer13_sample90,icmek,7,94,AUTSL,AUTSL_OpenHands_pose_v1,signer13,dataset_license,train,AUTSL/train_poses/signer13_sample90_color.pkl,processed/autsl20/landmark46-v1/train/signer13_sample90.npz,approved,trainable,true,standard
signer13_sample92,yarabandi,17,210,AUTSL,AUTSL_OpenHands_pose_v1,signer13,dataset_license,train,AUTSL/train_poses/signer13_sample92_color.pkl,processed/autsl20/landmark46-v1/train/signer13_sample92.npz,approved,trainable,true,standard
signer13_sample110,hasta,4,82,AUTSL,AUTSL_OpenHands_pose_v1,signer13,dataset_license,train,AUTSL/train_poses/signer13_sample110_color.pkl,processed/autsl20/landmark46-v1/train/signer13_sample110.npz,approved,trainable,true,standard
signer13_sample119,yorgun,19,222,AUTSL,AUTSL_OpenHands_pose_v1,signer13,dataset_license,train,AUTSL/train_poses/signer13_sample119_color.pkl,processed/autsl20/landmark46-v1/train/signer13_sample119.npz,approved,trainable,true,standard
signer13_sample139,evet,2,65,AUTSL,AUTSL_OpenHands_pose_v1,signer13,dataset_license,train,AUTSL/train_poses/signer13_sample139_color.pkl,processed/autsl20/landmark46-v1/train/signer13_sample139.npz,approved,trainable,true,standard
signer13_sample148,gostermek,3,77,AUTSL,AUTSL_OpenHands_pose_v1,signer13,dataset_license,train,AUTSL/train_poses/signer13_sample148_color.pkl,processed/autsl20/landmark46-v1/train/signer13_sample148.npz,approved,trainable,true,standard
signer13_sample177,tehlike,15,192,AUTSL,AUTSL_OpenHands_pose_v1,signer13,dataset_license,train,AUTSL/train_poses/signer13_sample177_color.pkl,processed/autsl20/landmark46-v1/train/signer13_sample177.npz,approved,trainable,true,red_flag
signer13_sample191,kotu,12,122,AUTSL,AUTSL_OpenHands_pose_v1,signer13,dataset_license,train,AUTSL/train_poses/signer13_sample191_color.pkl,processed/autsl20/landmark46-v1/train/signer13_sample191.npz,approved,trainable,true,standard
signer13_sample216,iyi,10,100,AUTSL,AUTSL_OpenHands_pose_v1,signer13,dataset_license,train,AUTSL/train_poses/signer13_sample216_color.pkl,processed/autsl20/landmark46-v1/train/signer13_sample216.npz,approved,trainable,true,standard
signer13_sample229,icmek,7,94,AUTSL,AUTSL_OpenHands_pose_v1,signer13,dataset_license,train,AUTSL/train_poses/signer13_sample229_color.pkl,processed/autsl20/landmark46-v1/train/signer13_sample229.npz,approved,trainable,true,standard
signer13_sample238,eczane,1,58,AUTSL,AUTSL_OpenHands_pose_v1,signer13,dataset_license,train,AUTSL/train_poses/signer13_sample238_color.pkl,processed/autsl20/landmark46-v1/train/signer13_sample238.npz,approved,trainable,true,standard
signer13_sample245,yardim,18,211,AUTSL,AUTSL_OpenHands_pose_v1,signer13,dataset_license,train,AUTSL/train_poses/signer13_sample245_color.pkl,processed/autsl20/landmark46-v1/train/signer13_sample245.npz,approved,trainable,true,red_flag
signer13_sample253,igne,8,95,AUTSL,AUTSL_OpenHands_pose_v1,signer13,dataset_license,train,AUTSL/train_poses/signer13_sample253_color.pkl,processed/autsl20/landmark46-v1/train/signer13_sample253.npz,approved,trainable,true,standard
signer13_sample265,tuvalet,16,200,AUTSL,AUTSL_OpenHands_pose_v1,signer13,dataset_license,train,AUTSL/train_poses/signer13_sample265_color.pkl,processed/autsl20/landmark46-v1/train/signer13_sample265.npz,approved,trainable,true,standard
signer13_sample269,evet,2,65,AUTSL,AUTSL_OpenHands_pose_v1,signer13,dataset_license,train,AUTSL/train_poses/signer13_sample269_color.pkl,processed/autsl20/landmark46-v1/train/signer13_sample269.npz,approved,trainable,true,standard
signer13_sample279,seker,14,172,AUTSL,AUTSL_OpenHands_pose_v1,signer13,dataset_license,train,AUTSL/train_poses/signer13_sample279_color.pkl,processed/autsl20/landmark46-v1/train/signer13_sample279.npz,approved,trainable,true,standard
signer13_sample300,kotu,12,122,AUTSL,AUTSL_OpenHands_pose_v1,signer13,dataset_license,train,AUTSL/train_poses/signer13_sample300_color.pkl,processed/autsl20/landmark46-v1/train/signer13_sample300.npz,approved,trainable,true,standard
signer13_sample304,kotu,12,122,AUTSL,AUTSL_OpenHands_pose_v1,signer13,dataset_license,train,AUTSL/train_poses/signer13_sample304_color.pkl,processed/autsl20/landmark46-v1/train/signer13_sample304.npz,approved,trainable,true,standard
signer13_sample338,hayir,6,86,AUTSL,AUTSL_OpenHands_pose_v1,signer13,dataset_license,train,AUTSL/train_poses/signer13_sample338_color.pkl,processed/autsl20/landmark46-v1/train/signer13_sample338.npz,approved,trainable,true,standard
signer13_sample356,icmek,7,94,AUTSL,AUTSL_OpenHands_pose_v1,signer13,dataset_license,train,AUTSL/train_poses/signer13_sample356_color.pkl,processed/autsl20/landmark46-v1/train/signer13_sample356.npz,approved,trainable,true,standard
signer13_sample364,igne,8,95,AUTSL,AUTSL_OpenHands_pose_v1,signer13,dataset_license,train,AUTSL/train_poses/signer13_sample364_color.pkl,processed/autsl20/landmark46-v1/train/signer13_sample364.npz,approved,trainable,true,standard
signer13_sample375,tehlike,15,192,AUTSL,AUTSL_OpenHands_pose_v1,signer13,dataset_license,train,AUTSL/train_poses/signer13_sample375_color.pkl,processed/autsl20/landmark46-v1/train/signer13_sample375.npz,needs_review,trainable,true,red_flag
signer13_sample385,tehlike,15,192,AUTSL,AUTSL_OpenHands_pose_v1,signer13,dataset_license,train,AUTSL/train_poses/signer13_sample385_color.pkl,processed/autsl20/landmark46-v1/train/signer13_sample385.npz,approved,trainable,true,red_flag
signer13_sample390,kaza,11,108,AUTSL,AUTSL_OpenHands_pose_v1,signer13,dataset_license,train,AUTSL/train_poses/signer13_sample390_color.pkl,processed/autsl20/landmark46-v1/train/signer13_sample390.npz,approved,trainable,true,standard
signer13_sample403,yorgun,19,222,AUTSL,AUTSL_OpenHands_pose_v1,signer13,dataset_license,train,AUTSL/train_poses/signer13_sample403_color.pkl,processed/autsl20/landmark46-v1/train/signer13_sample403.npz,approved,trainable,true,standard
signer13_sample407,ilac,9,96,AUTSL,AUTSL_OpenHands_pose_v1,signer13,dataset_license,train,AUTSL/train_poses/signer13_sample407_color.pkl,processed/autsl20/landmark46-v1/train/signer13_sample407.npz,approved,trainable,true,standard
signer13_sample411,tehlike,15,192,AUTSL,AUTSL_OpenHands_pose_v1,signer13,dataset_license,train,AUTSL/train_poses/signer13_sample411_color.pkl,processed/autsl20/landmark46-v1/train/signer13_sample411.npz,approved,trainable,true,red_flag
signer13_sample417,tehlike,15,192,AUTSL,AUTSL_OpenHands_pose_v1,signer13,dataset_license,train,AUTSL/train_poses/signer13_sample417_color.pkl,processed/autsl20/landmark46-v1/train/signer13_sample417.npz,approved,trainable,true,red_flag
signer13_sample440,yarabandi,17,210,AUTSL,AUTSL_OpenHands_pose_v1,signer13,dataset_license,train,AUTSL/train_poses/signer13_sample440_color.pkl,processed/autsl20/landmark46-v1/train/signer13_sample440.npz,approved,trainable,true,standard
signer13_sample448,evet,2,65,AUTSL,AUTSL_OpenHands_pose_v1,signer13,dataset_license,train,AUTSL/train_poses/signer13_sample448_color.pkl,processed/autsl20/landmark46-v1/train/signer13_sample448.npz,approved,trainable,true,standard
signer13_sample464,yardim,18,211,AUTSL,AUTSL_OpenHands_pose_v1,signer13,dataset_license,train,AUTSL/train_poses/signer13_sample464_color.pkl,processed/autsl20/landmark46-v1/train/signer13_sample464.npz,approved,trainable,true,red_flag
signer13_sample508,kaza,11,108,AUTSL,AUTSL_OpenHands_pose_v1,signer13,dataset_license,train,AUTSL/train_poses/signer13_sample508_color.pkl,processed/autsl20/landmark46-v1/train/signer13_sample508.npz,approved,trainable,true,standard
signer13_sample513,icmek,7,94,AUTSL,AUTSL_OpenHands_pose_v1,signer13,dataset_license,train,AUTSL/train_poses/signer13_sample513_color.pkl,processed/autsl20/landmark46-v1/train/signer13_sample513.npz,approved,trainable,true,standard
signer13_sample518,igne,8,95,AUTSL,AUTSL_OpenHands_pose_v1,signer13,dataset_license,train,AUTSL/train_poses/signer13_sample518_color.pkl,processed/autsl20/landmark46-v1/train/signer13_sample518.npz,approved,trainable,true,standard
signer13_sample538,yorgun,19,222,AUTSL,AUTSL_OpenHands_pose_v1,signer13,dataset_license,train,AUTSL/train_poses/signer13_sample538_color.pkl,processed/autsl20/landmark46-v1/train/signer13_sample538.npz,approved,trainable,true,standard
signer13_sample545,nerede,13,138,AUTSL,AUTSL_OpenHands_pose_v1,signer13,dataset_license,train,AUTSL/train_poses/signer13_sample545_color.pkl,processed/autsl20/landmark46-v1/train/signer13_sample545.npz,approved,trainable,true,standard
signer13_sample553,iyi,10,100,AUTSL,AUTSL_OpenHands_pose_v1,signer13,dataset_license,train,AUTSL/train_poses/signer13_sample553_color.pkl,processed/autsl20/landmark46-v1/train/signer13_sample553.npz,approved,trainable,true,standard
signer13_sample582,yardim,18,211,AUTSL,AUTSL_OpenHands_pose_v1,signer13,dataset_license,train,AUTSL/train_poses/signer13_sample582_color.pkl,processed/autsl20/landmark46-v1/train/signer13_sample582.npz,approved,trainable,true,red_flag
signer13_sample601,kaza,11,108,AUTSL,AUTSL_OpenHands_pose_v1,signer13,dataset_license,train,AUTSL/train_poses/signer13_sample601_color.pkl,processed/autsl20/landmark46-v1/train/signer13_sample601.npz,approved,trainable,true,standard
signer13_sample603,hastane,5,83,AUTSL,AUTSL_OpenHands_pose_v1,signer13,dataset_license,train,AUTSL/train_poses/signer13_sample603_color.pkl,processed/autsl20/landmark46-v1/train/signer13_sample603.npz,approved,trainable,true,standard
signer13_sample624,hasta,4,82,AUTSL,AUTSL_OpenHands_pose_v1,signer13,dataset_license,train,AUTSL/train_poses/signer13_sample624_color.pkl,processed/autsl20/landmark46-v1/train/signer13_sample624.npz,approved,trainable,true,standard
signer13_sample631,hasta,4,82,AUTSL,AUTSL_OpenHands_pose_v1,signer13,dataset_license,train,AUTSL/train_poses/signer13_sample631_color.pkl,processed/autsl20/landmark46-v1/train/signer13_sample631.npz,approved,trainable,true,standard
signer13_sample657,hayir,6,86,AUTSL,AUTSL_OpenHands_pose_v1,signer13,dataset_license,train,AUTSL/train_poses/signer13_sample657_color.pkl,processed/autsl20/landmark46-v1/train/signer13_sample657.npz,approved,trainable,true,standard
signer13_sample658,nerede,13,138,AUTSL,AUTSL_OpenHands_pose_v1,signer13,dataset_license,train,AUTSL/train_poses/signer13_sample658_color.pkl,processed/autsl20/landmark46-v1/train/signer13_sample658.npz,approved,trainable,true,standard
signer13_sample664,yardim,18,211,AUTSL,AUTSL_OpenHands_pose_v1,signer13,dataset_license,train,AUTSL/train_poses/signer13_sample664_color.pkl,processed/autsl20/landmark46-v1/train/signer13_sample664.npz,approved,trainable,true,red_flag
signer13_sample683,yarabandi,17,210,AUTSL,AUTSL_OpenHands_pose_v1,signer13,dataset_license,train,AUTSL/train_poses/signer13_sample683_color.pkl,processed/autsl20/landmark46-v1/train/signer13_sample683.npz,approved,trainable,true,standard
signer13_sample698,doktor,0,52,AUTSL,AUTSL_OpenHands_pose_v1,signer13,dataset_license,train,AUTSL/train_poses/signer13_sample698_color.pkl,processed/autsl20/landmark46-v1/train/signer13_sample698.npz,approved,trainable,true,standard
signer13_sample699,iyi,10,100,AUTSL,AUTSL_OpenHands_pose_v1,signer13,dataset_license,train,AUTSL/train_poses/signer13_sample699_color.pkl,processed/autsl20/landmark46-v1/train/signer13_sample699.npz,approved,trainable,true,standard
signer13_sample716,tuvalet,16,200,AUTSL,AUTSL_OpenHands_pose_v1,signer13,dataset_license,train,AUTSL/train_poses/signer13_sample716_color.pkl,processed/autsl20/landmark46-v1/train/signer13_sample716.npz,approved,trainable,true,standard
signer13_sample719,eczane,1,58,AUTSL,AUTSL_OpenHands_pose_v1,signer13,dataset_license,train,AUTSL/train_poses/signer13_sample719_color.pkl,processed/autsl20/landmark46-v1/train/signer13_sample719.npz,approved,trainable,true,standard
signer13_sample742,kotu,12,122,AUTSL,AUTSL_OpenHands_pose_v1,signer13,dataset_license,train,AUTSL/train_poses/signer13_sample742_color.pkl,processed/autsl20/landmark46-v1/train/signer13_sample742.npz,approved,trainable,true,standard
signer13_sample752,iyi,10,100,AUTSL,AUTSL_OpenHands_pose_v1,signer13,dataset_license,train,AUTSL/train_poses/signer13_sample752_color.pkl,processed/autsl20/landmark46-v1/train/signer13_sample752.npz,approved,trainable,true,standard
signer13_sample765,tehlike,15,192,AUTSL,AUTSL_OpenHands_pose_v1,signer13,dataset_license,train,AUTSL/train_poses/signer13_sample765_color.pkl,processed/autsl20/landmark46-v1/train/signer13_sample765.npz,approved,trainable,true,red_flag
signer13_sample767,eczane,1,58,AUTSL,AUTSL_OpenHands_pose_v1,signer13,dataset_license,train,AUTSL/train_poses/signer13_sample767_color.pkl,processed/autsl20/landmark46-v1/train/signer13_sample767.npz,approved,trainable,true,standard
signer13_sample772,igne,8,95,AUTSL,AUTSL_OpenHands_pose_v1,signer13,dataset_license,train,AUTSL/train_poses/signer13_sample772_color.pkl,processed/autsl20/landmark46-v1/train/signer13_sample772.npz,approved,trainable,true,standard
signer13_sample799,doktor,0,52,AUTSL,AUTSL_OpenHands_pose_v1,signer13,dataset_license,train,AUTSL/train_poses/signer13_sample799_color.pkl,processed/autsl20/landmark46-v1/train/signer13_sample799.npz,approved,trainable,true,standard
signer13_sample807,tehlike,15,192,AUTSL,AUTSL_OpenHands_pose_v1,signer13,dataset_license,train,AUTSL/train_poses/signer13_sample807_color.pkl,processed/autsl20/landmark46-v1/train/signer13_sample807.npz,approved,trainable,true,red_flag
signer13_sample845,yardim,18,211,AUTSL,AUTSL_OpenHands_pose_v1,signer13,dataset_license,train,AUTSL/train_poses/signer13_sample845_color.pkl,processed/autsl20/landmark46-v1/train/signer13_sample845.npz,approved,trainable,true,red_flag
signer13_sample848,hastane,5,83,AUTSL,AUTSL_OpenHands_pose_v1,signer13,dataset_license,train,AUTSL/train_poses/signer13_sample848_color.pkl,processed/autsl20/landmark46-v1/train/signer13_sample848.npz,approved,trainable,true,standard
signer13_sample881,nerede,13,138,AUTSL,AUTSL_OpenHands_pose_v1,signer13,dataset_license,train,AUTSL/train_poses/signer13_sample881_color.pkl,processed/autsl20/landmark46-v1/train/signer13_sample881.npz,approved,trainable,true,standard
signer13_sample896,hayir,6,86,AUTSL,AUTSL_OpenHands_pose_v1,signer13,dataset_license,train,AUTSL/train_poses/signer13_sample896_color.pkl,processed/autsl20/landmark46-v1/train/signer13_sample896.npz,approved,trainable,true,standard
signer13_sample907,tehlike,15,192,AUTSL,AUTSL_OpenHands_pose_v1,signer13,dataset_license,train,AUTSL/train_poses/signer13_sample907_color.pkl,processed/autsl20/landmark46-v1/train/signer13_sample907.npz,approved,trainable,true,red_flag
signer13_sample908,doktor,0,52,AUTSL,AUTSL_OpenHands_pose_v1,signer13,dataset_license,train,AUTSL/train_poses/signer13_sample908_color.pkl,processed/autsl20/landmark46-v1/train/signer13_sample908.npz,approved,trainable,true,standard
signer13_sample912,iyi,10,100,AUTSL,AUTSL_OpenHands_pose_v1,signer13,dataset_license,train,AUTSL/train_poses/signer13_sample912_color.pkl,processed/autsl20/landmark46-v1/train/signer13_sample912.npz,approved,trainable,true,standard
signer13_sample932,hastane,5,83,AUTSL,AUTSL_OpenHands_pose_v1,signer13,dataset_license,train,AUTSL/train_poses/signer13_sample932_color.pkl,processed/autsl20/landmark46-v1/train/signer13_sample932.npz,approved,trainable,true,standard
signer13_sample943,hasta,4,82,AUTSL,AUTSL_OpenHands_pose_v1,signer13,dataset_license,train,AUTSL/train_poses/signer13_sample943_color.pkl,processed/autsl20/landmark46-v1/train/signer13_sample943.npz,approved,trainable,true,standard
signer13_sample965,hayir,6,86,AUTSL,AUTSL_OpenHands_pose_v1,signer13,dataset_license,train,AUTSL/train_poses/signer13_sample965_color.pkl,processed/autsl20/landmark46-v1/train/signer13_sample965.npz,approved,trainable,true,standard
signer13_sample997,doktor,0,52,AUTSL,AUTSL_OpenHands_pose_v1,signer13,dataset_license,train,AUTSL/train_poses/signer13_sample997_color.pkl,processed/autsl20/landmark46-v1/train/signer13_sample997.npz,approved,trainable,true,standard
signer13_sample1011,gostermek,3,77,AUTSL,AUTSL_OpenHands_pose_v1,signer13,dataset_license,train,AUTSL/train_poses/signer13_sample1011_color.pkl,processed/autsl20/landmark46-v1/train/signer13_sample1011.npz,approved,trainable,true,standard
signer13_sample1026,seker,14,172,AUTSL,AUTSL_OpenHands_pose_v1,signer13,dataset_license,train,AUTSL/train_poses/signer13_sample1026_color.pkl,processed/autsl20/landmark46-v1/train/signer13_sample1026.npz,approved,trainable,true,standard
signer13_sample1032,hayir,6,86,AUTSL,AUTSL_OpenHands_pose_v1,signer13,dataset_license,train,AUTSL/train_poses/signer13_sample1032_color.pkl,processed/autsl20/landmark46-v1/train/signer13_sample1032.npz,approved,trainable,true,standard
signer13_sample1050,eczane,1,58,AUTSL,AUTSL_OpenHands_pose_v1,signer13,dataset_license,train,AUTSL/train_poses/signer13_sample1050_color.pkl,processed/autsl20/landmark46-v1/train/signer13_sample1050.npz,approved,trainable,true,standard
signer13_sample1053,icmek,7,94,AUTSL,AUTSL_OpenHands_pose_v1,signer13,dataset_license,train,AUTSL/train_poses/signer13_sample1053_color.pkl,processed/autsl20/landmark46-v1/train/signer13_sample1053.npz,approved,trainable,true,standard
signer13_sample1073,hasta,4,82,AUTSL,AUTSL_OpenHands_pose_v1,signer13,dataset_license,train,AUTSL/train_poses/signer13_sample1073_color.pkl,processed/autsl20/landmark46-v1/train/signer13_sample1073.npz,approved,trainable,true,standard
signer13_sample1079,kotu,12,122,AUTSL,AUTSL_OpenHands_pose_v1,signer13,dataset_license,train,AUTSL/train_poses/signer13_sample1079_color.pkl,processed/autsl20/landmark46-v1/train/signer13_sample1079.npz,approved,trainable,true,standard
signer13_sample1081,nerede,13,138,AUTSL,AUTSL_OpenHands_pose_v1,signer13,dataset_license,train,AUTSL/train_poses/signer13_sample1081_color.pkl,processed/autsl20/landmark46-v1/train/signer13_sample1081.npz,approved,trainable,true,standard
signer13_sample1088,seker,14,172,AUTSL,AUTSL_OpenHands_pose_v1,signer13,dataset_license,train,AUTSL/train_poses/signer13_sample1088_color.pkl,processed/autsl20/landmark46-v1/train/signer13_sample1088.npz,approved,trainable,true,standard
signer13_sample1108,hasta,4,82,AUTSL,AUTSL_OpenHands_pose_v1,signer13,dataset_license,train,AUTSL/train_poses/signer13_sample1108_color.pkl,processed/autsl20/landmark46-v1/train/signer13_sample1108.npz,approved,trainable,true,standard
signer13_sample1109,nerede,13,138,AUTSL,AUTSL_OpenHands_pose_v1,signer13,dataset_license,train,AUTSL/train_poses/signer13_sample1109_color.pkl,processed/autsl20/landmark46-v1/train/signer13_sample1109.npz,approved,trainable,true,standard
signer13_sample1118,seker,14,172,AUTSL,AUTSL_OpenHands_pose_v1,signer13,dataset_license,train,AUTSL/train_poses/signer13_sample1118_color.pkl,processed/autsl20/landmark46-v1/train/signer13_sample1118.npz,approved,trainable,true,standard
signer13_sample1126,nerede,13,138,AUTSL,AUTSL_OpenHands_pose_v1,signer13,dataset_license,train,AUTSL/train_poses/signer13_sample1126_color.pkl,processed/autsl20/landmark46-v1/train/signer13_sample1126.npz,approved,trainable,true,standard
signer13_sample1140,kotu,12,122,AUTSL,AUTSL_OpenHands_pose_v1,signer13,dataset_license,train,AUTSL/train_poses/signer13_sample1140_color.pkl,processed/autsl20/landmark46-v1/train/signer13_sample1140.npz,approved,trainable,true,standard
signer13_sample1151,ilac,9,96,AUTSL,AUTSL_OpenHands_pose_v1,signer13,dataset_license,train,AUTSL/train_poses/signer13_sample1151_color.pkl,processed/autsl20/landmark46-v1/train/signer13_sample1151.npz,approved,trainable,true,standard
signer13_sample1163,yardim,18,211,AUTSL,AUTSL_OpenHands_pose_v1,signer13,dataset_license,train,AUTSL/train_poses/signer13_sample1163_color.pkl,processed/autsl20/landmark46-v1/train/signer13_sample1163.npz,approved,trainable,true,red_flag
signer13_sample1165,hasta,4,82,AUTSL,AUTSL_OpenHands_pose_v1,signer13,dataset_license,train,AUTSL/train_poses/signer13_sample1165_color.pkl,processed/autsl20/landmark46-v1/train/signer13_sample1165.npz,approved,trainable,true,standard
signer13_sample1169,icmek,7,94,AUTSL,AUTSL_OpenHands_pose_v1,signer13,dataset_license,train,AUTSL/train_poses/signer13_sample1169_color.pkl,processed/autsl20/landmark46-v1/train/signer13_sample1169.npz,approved,trainable,true,standard
signer13_sample1217,igne,8,95,AUTSL,AUTSL_OpenHands_pose_v1,signer13,dataset_license,train,AUTSL/train_poses/signer13_sample1217_color.pkl,processed/autsl20/landmark46-v1/train/signer13_sample1217.npz,approved,trainable,true,standard
signer13_sample1220,nerede,13,138,AUTSL,AUTSL_OpenHands_pose_v1,signer13,dataset_license,train,AUTSL/train_poses/signer13_sample1220_color.pkl,processed/autsl20/landmark46-v1/train/signer13_sample1220.npz,approved,trainable,true,standard
signer13_sample1222,tuvalet,16,200,AUTSL,AUTSL_OpenHands_pose_v1,signer13,dataset_license,train,AUTSL/train_poses/signer13_sample1222_color.pkl,processed/autsl20/landmark46-v1/train/signer13_sample1222.npz,approved,trainable,true,standard
signer13_sample1244,tuvalet,16,200,AUTSL,AUTSL_OpenHands_pose_v1,signer13,dataset_license,train,AUTSL/train_poses/signer13_sample1244_color.pkl,processed/autsl20/landmark46-v1/train/signer13_sample1244.npz,approved,trainable,true,standard
signer13_sample1245,doktor,0,52,AUTSL,AUTSL_OpenHands_pose_v1,signer13,dataset_license,train,AUTSL/train_poses/signer13_sample1245_color.pkl,processed/autsl20/landmark46-v1/train/signer13_sample1245.npz,approved,trainable,true,standard
signer13_sample1267,seker,14,172,AUTSL,AUTSL_OpenHands_pose_v1,signer13,dataset_license,train,AUTSL/train_poses/signer13_sample1267_color.pkl,processed/autsl20/landmark46-v1/train/signer13_sample1267.npz,approved,trainable,true,standard
signer13_sample1277,doktor,0,52,AUTSL,AUTSL_OpenHands_pose_v1,signer13,dataset_license,train,AUTSL/train_poses/signer13_sample1277_color.pkl,processed/autsl20/landmark46-v1/train/signer13_sample1277.npz,approved,trainable,true,standard
signer13_sample1280,evet,2,65,AUTSL,AUTSL_OpenHands_pose_v1,signer13,dataset_license,train,AUTSL/train_poses/signer13_sample1280_color.pkl,processed/autsl20/landmark46-v1/train/signer13_sample1280.npz,approved,trainable,true,standard
signer13_sample1282,tehlike,15,192,AUTSL,AUTSL_OpenHands_pose_v1,signer13,dataset_license,train,AUTSL/train_poses/signer13_sample1282_color.pkl,processed/autsl20/landmark46-v1/train/signer13_sample1282.npz,approved,trainable,true,red_flag
signer13_sample1296,yarabandi,17,210,AUTSL,AUTSL_OpenHands_pose_v1,signer13,dataset_license,train,AUTSL/train_poses/signer13_sample1296_color.pkl,processed/autsl20/landmark46-v1/train/signer13_sample1296.npz,needs_review,trainable,true,standard
signer13_sample1301,yorgun,19,222,AUTSL,AUTSL_OpenHands_pose_v1,signer13,dataset_license,train,AUTSL/train_poses/signer13_sample1301_color.pkl,processed/autsl20/landmark46-v1/train/signer13_sample1301.npz,approved,trainable,true,standard
signer13_sample1311,hastane,5,83,AUTSL,AUTSL_OpenHands_pose_v1,signer13,dataset_license,train,AUTSL/train_poses/signer13_sample1311_color.pkl,processed/autsl20/landmark46-v1/train/signer13_sample1311.npz,approved,trainable,true,standard
signer13_sample1324,hayir,6,86,AUTSL,AUTSL_OpenHands_pose_v1,signer13,dataset_license,train,AUTSL/train_poses/signer13_sample1324_color.pkl,processed/autsl20/landmark46-v1/train/signer13_sample1324.npz,approved,trainable,true,standard
signer13_sample1353,kaza,11,108,AUTSL,AUTSL_OpenHands_pose_v1,signer13,dataset_license,train,AUTSL/train_poses/signer13_sample1353_color.pkl,processed/autsl20/landmark46-v1/train/signer13_sample1353.npz,approved,trainable,true,standard
signer13_sample1361,icmek,7,94,AUTSL,AUTSL_OpenHands_pose_v1,signer13,dataset_license,train,AUTSL/train_poses/signer13_sample1361_color.pkl,processed/autsl20/landmark46-v1/train/signer13_sample1361.npz,approved,trainable,true,standard
signer13_sample1362,icmek,7,94,AUTSL,AUTSL_OpenHands_pose_v1,signer13,dataset_license,train,AUTSL/train_poses/signer13_sample1362_color.pkl,processed/autsl20/landmark46-v1/train/signer13_sample1362.npz,approved,trainable,true,standard
signer13_sample1364,evet,2,65,AUTSL,AUTSL_OpenHands_pose_v1,signer13,dataset_license,train,AUTSL/train_poses/signer13_sample1364_color.pkl,processed/autsl20/landmark46-v1/train/signer13_sample1364.npz,approved,trainable,true,standard
signer13_sample1374,eczane,1,58,AUTSL,AUTSL_OpenHands_pose_v1,signer13,dataset_license,train,AUTSL/train_poses/signer13_sample1374_color.pkl,processed/autsl20/landmark46-v1/train/signer13_sample1374.npz,approved,trainable,true,standard
signer13_sample1388,yarabandi,17,210,AUTSL,AUTSL_OpenHands_pose_v1,signer13,dataset_license,train,AUTSL/train_poses/signer13_sample1388_color.pkl,processed/autsl20/landmark46-v1/train/signer13_sample1388.npz,approved,trainable,true,standard
signer13_sample1402,yarabandi,17,210,AUTSL,AUTSL_OpenHands_pose_v1,signer13,dataset_license,train,AUTSL/train_poses/signer13_sample1402_color.pkl,processed/autsl20/landmark46-v1/train/signer13_sample1402.npz,approved,trainable,true,standard
signer13_sample1444,iyi,10,100,AUTSL,AUTSL_OpenHands_pose_v1,signer13,dataset_license,train,AUTSL/train_poses/signer13_sample1444_color.pkl,processed/autsl20/landmark46-v1/train/signer13_sample1444.npz,approved,trainable,true,standard
signer13_sample1454,evet,2,65,AUTSL,AUTSL_OpenHands_pose_v1,signer13,dataset_license,train,AUTSL/train_poses/signer13_sample1454_color.pkl,processed/autsl20/landmark46-v1/train/signer13_sample1454.npz,approved,trainable,true,standard
signer13_sample1472,hasta,4,82,AUTSL,AUTSL_OpenHands_pose_v1,signer13,dataset_license,train,AUTSL/train_poses/signer13_sample1472_color.pkl,processed/autsl20/landmark46-v1/train/signer13_sample1472.npz,approved,trainable,true,standard
signer13_sample1474,hastane,5,83,AUTSL,AUTSL_OpenHands_pose_v1,signer13,dataset_license,train,AUTSL/train_poses/signer13_sample1474_color.pkl,processed/autsl20/landmark46-v1/train/signer13_sample1474.npz,approved,trainable,true,standard
signer13_sample1490,tuvalet,16,200,AUTSL,AUTSL_OpenHands_pose_v1,signer13,dataset_license,train,AUTSL/train_poses/signer13_sample1490_color.pkl,processed/autsl20/landmark46-v1/train/signer13_sample1490.npz,approved,trainable,true,standard
signer13_sample1525,kaza,11,108,AUTSL,AUTSL_OpenHands_pose_v1,signer13,dataset_license,train,AUTSL/train_poses/signer13_sample1525_color.pkl,processed/autsl20/landmark46-v1/train/signer13_sample1525.npz,approved,trainable,true,standard
signer13_sample1572,hayir,6,86,AUTSL,AUTSL_OpenHands_pose_v1,signer13,dataset_license,train,AUTSL/train_poses/signer13_sample1572_color.pkl,processed/autsl20/landmark46-v1/train/signer13_sample1572.npz,approved,trainable,true,standard
signer13_sample1573,yorgun,19,222,AUTSL,AUTSL_OpenHands_pose_v1,signer13,dataset_license,train,AUTSL/train_poses/signer13_sample1573_color.pkl,processed/autsl20/landmark46-v1/train/signer13_sample1573.npz,approved,trainable,true,standard
signer13_sample1574,eczane,1,58,AUTSL,AUTSL_OpenHands_pose_v1,signer13,dataset_license,train,AUTSL/train_poses/signer13_sample1574_color.pkl,processed/autsl20/landmark46-v1/train/signer13_sample1574.npz,approved,trainable,true,standard
signer13_sample1585,doktor,0,52,AUTSL,AUTSL_OpenHands_pose_v1,signer13,dataset_license,train,AUTSL/train_poses/signer13_sample1585_color.pkl,processed/autsl20/landmark46-v1/train/signer13_sample1585.npz,approved,trainable,true,standard
signer13_sample1588,kotu,12,122,AUTSL,AUTSL_OpenHands_pose_v1,signer13,dataset_license,train,AUTSL/train_poses/signer13_sample1588_color.pkl,processed/autsl20/landmark46-v1/train/signer13_sample1588.npz,approved,trainable,true,standard
signer13_sample1591,igne,8,95,AUTSL,AUTSL_OpenHands_pose_v1,signer13,dataset_license,train,AUTSL/train_poses/signer13_sample1591_color.pkl,processed/autsl20/landmark46-v1/train/signer13_sample1591.npz,approved,trainable,true,standard
signer13_sample1597,tuvalet,16,200,AUTSL,AUTSL_OpenHands_pose_v1,signer13,dataset_license,train,AUTSL/train_poses/signer13_sample1597_color.pkl,processed/autsl20/landmark46-v1/train/signer13_sample1597.npz,approved,trainable,true,standard
signer13_sample1630,ilac,9,96,AUTSL,AUTSL_OpenHands_pose_v1,signer13,dataset_license,train,AUTSL/train_poses/signer13_sample1630_color.pkl,processed/autsl20/landmark46-v1/train/signer13_sample1630.npz,approved,trainable,true,standard
signer13_sample1632,yardim,18,211,AUTSL,AUTSL_OpenHands_pose_v1,signer13,dataset_license,train,AUTSL/train_poses/signer13_sample1632_color.pkl,processed/autsl20/landmark46-v1/train/signer13_sample1632.npz,approved,trainable,true,red_flag
signer13_sample1633,doktor,0,52,AUTSL,AUTSL_OpenHands_pose_v1,signer13,dataset_license,train,AUTSL/train_poses/signer13_sample1633_color.pkl,processed/autsl20/landmark46-v1/train/signer13_sample1633.npz,approved,trainable,true,standard
signer13_sample1635,ilac,9,96,AUTSL,AUTSL_OpenHands_pose_v1,signer13,dataset_license,train,AUTSL/train_poses/signer13_sample1635_color.pkl,processed/autsl20/landmark46-v1/train/signer13_sample1635.npz,approved,trainable,true,standard
signer13_sample1649,hastane,5,83,AUTSL,AUTSL_OpenHands_pose_v1,signer13,dataset_license,train,AUTSL/train_poses/signer13_sample1649_color.pkl,processed/autsl20/landmark46-v1/train/signer13_sample1649.npz,approved,trainable,true,standard
signer13_sample1666,ilac,9,96,AUTSL,AUTSL_OpenHands_pose_v1,signer13,dataset_license,train,AUTSL/train_poses/signer13_sample1666_color.pkl,processed/autsl20/landmark46-v1/train/signer13_sample1666.npz,approved,trainable,true,standard
signer13_sample1670,kaza,11,108,AUTSL,AUTSL_OpenHands_pose_v1,signer13,dataset_license,train,AUTSL/train_poses/signer13_sample1670_color.pkl,processed/autsl20/landmark46-v1/train/signer13_sample1670.npz,approved,trainable,true,standard
signer13_sample1672,tuvalet,16,200,AUTSL,AUTSL_OpenHands_pose_v1,signer13,dataset_license,train,AUTSL/train_poses/signer13_sample1672_color.pkl,processed/autsl20/landmark46-v1/train/signer13_sample1672.npz,approved,trainable,true,standard
signer13_sample1683,gostermek,3,77,AUTSL,AUTSL_OpenHands_pose_v1,signer13,dataset_license,train,AUTSL/train_poses/signer13_sample1683_color.pkl,processed/autsl20/landmark46-v1/train/signer13_sample1683.npz,approved,trainable,true,standard
signer13_sample1690,eczane,1,58,AUTSL,AUTSL_OpenHands_pose_v1,signer13,dataset_license,train,AUTSL/train_poses/signer13_sample1690_color.pkl,processed/autsl20/landmark46-v1/train/signer13_sample1690.npz,approved,trainable,true,standard
signer13_sample1692,tuvalet,16,200,AUTSL,AUTSL_OpenHands_pose_v1,signer13,dataset_license,train,AUTSL/train_poses/signer13_sample1692_color.pkl,processed/autsl20/landmark46-v1/train/signer13_sample1692.npz,approved,trainable,true,standard
signer13_sample1705,iyi,10,100,AUTSL,AUTSL_OpenHands_pose_v1,signer13,dataset_license,train,AUTSL/train_poses/signer13_sample1705_color.pkl,processed/autsl20/landmark46-v1/train/signer13_sample1705.npz,approved,trainable,true,standard
signer13_sample1706,evet,2,65,AUTSL,AUTSL_OpenHands_pose_v1,signer13,dataset_license,train,AUTSL/train_poses/signer13_sample1706_color.pkl,processed/autsl20/landmark46-v1/train/signer13_sample1706.npz,approved,trainable,true,standard
signer13_sample1707,evet,2,65,AUTSL,AUTSL_OpenHands_pose_v1,signer13,dataset_license,train,AUTSL/train_poses/signer13_sample1707_color.pkl,processed/autsl20/landmark46-v1/train/signer13_sample1707.npz,approved,trainable,true,standard
signer13_sample1710,kaza,11,108,AUTSL,AUTSL_OpenHands_pose_v1,signer13,dataset_license,train,AUTSL/train_poses/signer13_sample1710_color.pkl,processed/autsl20/landmark46-v1/train/signer13_sample1710.npz,approved,trainable,true,standard
signer13_sample1715,icmek,7,94,AUTSL,AUTSL_OpenHands_pose_v1,signer13,dataset_license,train,AUTSL/train_poses/signer13_sample1715_color.pkl,processed/autsl20/landmark46-v1/train/signer13_sample1715.npz,approved,trainable,true,standard
signer13_sample1749,iyi,10,100,AUTSL,AUTSL_OpenHands_pose_v1,signer13,dataset_license,train,AUTSL/train_poses/signer13_sample1749_color.pkl,processed/autsl20/landmark46-v1/train/signer13_sample1749.npz,approved,trainable,true,standard
signer13_sample1760,yarabandi,17,210,AUTSL,AUTSL_OpenHands_pose_v1,signer13,dataset_license,train,AUTSL/train_poses/signer13_sample1760_color.pkl,processed/autsl20/landmark46-v1/train/signer13_sample1760.npz,approved,trainable,true,standard
signer13_sample1769,eczane,1,58,AUTSL,AUTSL_OpenHands_pose_v1,signer13,dataset_license,train,AUTSL/train_poses/signer13_sample1769_color.pkl,processed/autsl20/landmark46-v1/train/signer13_sample1769.npz,approved,trainable,true,standard
signer13_sample1774,seker,14,172,AUTSL,AUTSL_OpenHands_pose_v1,signer13,dataset_license,train,AUTSL/train_poses/signer13_sample1774_color.pkl,processed/autsl20/landmark46-v1/train/signer13_sample1774.npz,approved,trainable,true,standard
signer13_sample1777,yardim,18,211,AUTSL,AUTSL_OpenHands_pose_v1,signer13,dataset_license,train,AUTSL/train_poses/signer13_sample1777_color.pkl,processed/autsl20/landmark46-v1/train/signer13_sample1777.npz,approved,trainable,true,red_flag
signer13_sample1790,hastane,5,83,AUTSL,AUTSL_OpenHands_pose_v1,signer13,dataset_license,train,AUTSL/train_poses/signer13_sample1790_color.pkl,processed/autsl20/landmark46-v1/train/signer13_sample1790.npz,approved,trainable,true,standard
signer13_sample1796,yorgun,19,222,AUTSL,AUTSL_OpenHands_pose_v1,signer13,dataset_license,train,AUTSL/train_poses/signer13_sample1796_color.pkl,processed/autsl20/landmark46-v1/train/signer13_sample1796.npz,approved,trainable,true,standard
signer13_sample1798,kotu,12,122,AUTSL,AUTSL_OpenHands_pose_v1,signer13,dataset_license,train,AUTSL/train_poses/signer13_sample1798_color.pkl,processed/autsl20/landmark46-v1/train/signer13_sample1798.npz,approved,trainable,true,standard
signer13_sample1803,seker,14,172,AUTSL,AUTSL_OpenHands_pose_v1,signer13,dataset_license,train,AUTSL/train_poses/signer13_sample1803_color.pkl,processed/autsl20/landmark46-v1/train/signer13_sample1803.npz,approved,trainable,true,standard
signer13_sample1806,gostermek,3,77,AUTSL,AUTSL_OpenHands_pose_v1,signer13,dataset_license,train,AUTSL/train_poses/signer13_sample1806_color.pkl,processed/autsl20/landmark46-v1/train/signer13_sample1806.npz,approved,trainable,true,standard
signer13_sample1819,igne,8,95,AUTSL,AUTSL_OpenHands_pose_v1,signer13,dataset_license,train,AUTSL/train_poses/signer13_sample1819_color.pkl,processed/autsl20/landmark46-v1/train/signer13_sample1819.npz,approved,trainable,true,standard
signer13_sample1822,yarabandi,17,210,AUTSL,AUTSL_OpenHands_pose_v1,signer13,dataset_license,train,AUTSL/train_poses/signer13_sample1822_color.pkl,processed/autsl20/landmark46-v1/train/signer13_sample1822.npz,approved,trainable,true,standard
signer13_sample1828,hayir,6,86,AUTSL,AUTSL_OpenHands_pose_v1,signer13,dataset_license,train,AUTSL/train_poses/signer13_sample1828_color.pkl,processed/autsl20/landmark46-v1/train/signer13_sample1828.npz,approved,trainable,true,standard
signer13_sample1836,eczane,1,58,AUTSL,AUTSL_OpenHands_pose_v1,signer13,dataset_license,train,AUTSL/train_poses/signer13_sample1836_color.pkl,processed/autsl20/landmark46-v1/train/signer13_sample1836.npz,approved,trainable,true,standard
signer13_sample1851,gostermek,3,77,AUTSL,AUTSL_OpenHands_pose_v1,signer13,dataset_license,train,AUTSL/train_poses/signer13_sample1851_color.pkl,processed/autsl20/landmark46-v1/train/signer13_sample1851.npz,approved,trainable,true,standard
signer13_sample1855,hasta,4,82,AUTSL,AUTSL_OpenHands_pose_v1,signer13,dataset_license,train,AUTSL/train_poses/signer13_sample1855_color.pkl,processed/autsl20/landmark46-v1/train/signer13_sample1855.npz,approved,trainable,true,standard
signer13_sample1867,kaza,11,108,AUTSL,AUTSL_OpenHands_pose_v1,signer13,dataset_license,train,AUTSL/train_poses/signer13_sample1867_color.pkl,processed/autsl20/landmark46-v1/train/signer13_sample1867.npz,approved,trainable,true,standard
signer13_sample1871,gostermek,3,77,AUTSL,AUTSL_OpenHands_pose_v1,signer13,dataset_license,train,AUTSL/train_poses/signer13_sample1871_color.pkl,processed/autsl20/landmark46-v1/train/signer13_sample1871.npz,approved,trainable,true,standard
signer13_sample1879,yorgun,19,222,AUTSL,AUTSL_OpenHands_pose_v1,signer13,dataset_license,train,AUTSL/train_poses/signer13_sample1879_color.pkl,processed/autsl20/landmark46-v1/train/signer13_sample1879.npz,approved,trainable,true,standard
signer13_sample1881,ilac,9,96,AUTSL,AUTSL_OpenHands_pose_v1,signer13,dataset_license,train,AUTSL/train_poses/signer13_sample1881_color.pkl,processed/autsl20/landmark46-v1/train/signer13_sample1881.npz,approved,trainable,true,standard
signer13_sample1882,tuvalet,16,200,AUTSL,AUTSL_OpenHands_pose_v1,signer13,dataset_license,train,AUTSL/train_poses/signer13_sample1882_color.pkl,processed/autsl20/landmark46-v1/train/signer13_sample1882.npz,approved,trainable,true,standard
signer13_sample1894,nerede,13,138,AUTSL,AUTSL_OpenHands_pose_v1,signer13,dataset_license,train,AUTSL/train_poses/signer13_sample1894_color.pkl,processed/autsl20/landmark46-v1/train/signer13_sample1894.npz,approved,trainable,true,standard
signer13_sample1912,gostermek,3,77,AUTSL,AUTSL_OpenHands_pose_v1,signer13,dataset_license,train,AUTSL/train_poses/signer13_sample1912_color.pkl,processed/autsl20/landmark46-v1/train/signer13_sample1912.npz,approved,trainable,true,standard
signer13_sample1916,doktor,0,52,AUTSL,AUTSL_OpenHands_pose_v1,signer13,dataset_license,train,AUTSL/train_poses/signer13_sample1916_color.pkl,processed/autsl20/landmark46-v1/train/signer13_sample1916.npz,approved,trainable,true,standard
signer13_sample1919,igne,8,95,AUTSL,AUTSL_OpenHands_pose_v1,signer13,dataset_license,train,AUTSL/train_poses/signer13_sample1919_color.pkl,processed/autsl20/landmark46-v1/train/signer13_sample1919.npz,approved,trainable,true,standard
signer13_sample1924,kaza,11,108,AUTSL,AUTSL_OpenHands_pose_v1,signer13,dataset_license,train,AUTSL/train_poses/signer13_sample1924_color.pkl,processed/autsl20/landmark46-v1/train/signer13_sample1924.npz,approved,trainable,true,standard
signer13_sample1925,hastane,5,83,AUTSL,AUTSL_OpenHands_pose_v1,signer13,dataset_license,train,AUTSL/train_poses/signer13_sample1925_color.pkl,processed/autsl20/landmark46-v1/train/signer13_sample1925.npz,approved,trainable,true,standard
signer13_sample1926,nerede,13,138,AUTSL,AUTSL_OpenHands_pose_v1,signer13,dataset_license,train,AUTSL/train_poses/signer13_sample1926_color.pkl,processed/autsl20/landmark46-v1/train/signer13_sample1926.npz,approved,trainable,true,standard
signer13_sample1927,seker,14,172,AUTSL,AUTSL_OpenHands_pose_v1,signer13,dataset_license,train,AUTSL/train_poses/signer13_sample1927_color.pkl,processed/autsl20/landmark46-v1/train/signer13_sample1927.npz,approved,trainable,true,standard
signer13_sample1936,yorgun,19,222,AUTSL,AUTSL_OpenHands_pose_v1,signer13,dataset_license,train,AUTSL/train_poses/signer13_sample1936_color.pkl,processed/autsl20/landmark46-v1/train/signer13_sample1936.npz,approved,trainable,true,standard
signer13_sample1969,gostermek,3,77,AUTSL,AUTSL_OpenHands_pose_v1,signer13,dataset_license,train,AUTSL/train_poses/signer13_sample1969_color.pkl,processed/autsl20/landmark46-v1/train/signer13_sample1969.npz,approved,trainable,true,standard
signer13_sample1973,kotu,12,122,AUTSL,AUTSL_OpenHands_pose_v1,signer13,dataset_license,train,AUTSL/train_poses/signer13_sample1973_color.pkl,processed/autsl20/landmark46-v1/train/signer13_sample1973.npz,approved,trainable,true,standard
signer13_sample1979,hastane,5,83,AUTSL,AUTSL_OpenHands_pose_v1,signer13,dataset_license,train,AUTSL/train_poses/signer13_sample1979_color.pkl,processed/autsl20/landmark46-v1/train/signer13_sample1979.npz,approved,trainable,true,standard
signer15_sample2,gostermek,3,77,AUTSL,AUTSL_OpenHands_pose_v1,signer15,dataset_license,train,AUTSL/train_poses/signer15_sample2_color.pkl,processed/autsl20/landmark46-v1/train/signer15_sample2.npz,approved,trainable,true,standard
signer15_sample5,hayir,6,86,AUTSL,AUTSL_OpenHands_pose_v1,signer15,dataset_license,train,AUTSL/train_poses/signer15_sample5_color.pkl,processed/autsl20/landmark46-v1/train/signer15_sample5.npz,approved,trainable,true,standard
signer15_sample47,gostermek,3,77,AUTSL,AUTSL_OpenHands_pose_v1,signer15,dataset_license,train,AUTSL/train_poses/signer15_sample47_color.pkl,processed/autsl20/landmark46-v1/train/signer15_sample47.npz,approved,trainable,true,standard
signer15_sample49,evet,2,65,AUTSL,AUTSL_OpenHands_pose_v1,signer15,dataset_license,train,AUTSL/train_poses/signer15_sample49_color.pkl,processed/autsl20/landmark46-v1/train/signer15_sample49.npz,approved,trainable,true,standard
signer15_sample52,yarabandi,17,210,AUTSL,AUTSL_OpenHands_pose_v1,signer15,dataset_license,train,AUTSL/train_poses/signer15_sample52_color.pkl,processed/autsl20/landmark46-v1/train/signer15_sample52.npz,approved,trainable,true,standard
signer15_sample54,ilac,9,96,AUTSL,AUTSL_OpenHands_pose_v1,signer15,dataset_license,train,AUTSL/train_poses/signer15_sample54_color.pkl,processed/autsl20/landmark46-v1/train/signer15_sample54.npz,approved,trainable,true,standard
signer15_sample58,evet,2,65,AUTSL,AUTSL_OpenHands_pose_v1,signer15,dataset_license,train,AUTSL/train_poses/signer15_sample58_color.pkl,processed/autsl20/landmark46-v1/train/signer15_sample58.npz,approved,trainable,true,standard
signer15_sample66,seker,14,172,AUTSL,AUTSL_OpenHands_pose_v1,signer15,dataset_license,train,AUTSL/train_poses/signer15_sample66_color.pkl,processed/autsl20/landmark46-v1/train/signer15_sample66.npz,approved,trainable,true,standard
signer15_sample70,tuvalet,16,200,AUTSL,AUTSL_OpenHands_pose_v1,signer15,dataset_license,train,AUTSL/train_poses/signer15_sample70_color.pkl,processed/autsl20/landmark46-v1/train/signer15_sample70.npz,approved,trainable,true,standard
signer15_sample82,doktor,0,52,AUTSL,AUTSL_OpenHands_pose_v1,signer15,dataset_license,train,AUTSL/train_poses/signer15_sample82_color.pkl,processed/autsl20/landmark46-v1/train/signer15_sample82.npz,approved,trainable,true,standard
signer15_sample83,hasta,4,82,AUTSL,AUTSL_OpenHands_pose_v1,signer15,dataset_license,train,AUTSL/train_poses/signer15_sample83_color.pkl,processed/autsl20/landmark46-v1/train/signer15_sample83.npz,approved,trainable,true,standard
signer15_sample108,icmek,7,94,AUTSL,AUTSL_OpenHands_pose_v1,signer15,dataset_license,train,AUTSL/train_poses/signer15_sample108_color.pkl,processed/autsl20/landmark46-v1/train/signer15_sample108.npz,approved,trainable,true,standard
signer15_sample111,hayir,6,86,AUTSL,AUTSL_OpenHands_pose_v1,signer15,dataset_license,train,AUTSL/train_poses/signer15_sample111_color.pkl,processed/autsl20/landmark46-v1/train/signer15_sample111.npz,approved,trainable,true,standard
signer15_sample115,iyi,10,100,AUTSL,AUTSL_OpenHands_pose_v1,signer15,dataset_license,train,AUTSL/train_poses/signer15_sample115_color.pkl,processed/autsl20/landmark46-v1/train/signer15_sample115.npz,approved,trainable,true,standard
signer15_sample129,doktor,0,52,AUTSL,AUTSL_OpenHands_pose_v1,signer15,dataset_license,train,AUTSL/train_poses/signer15_sample129_color.pkl,processed/autsl20/landmark46-v1/train/signer15_sample129.npz,approved,trainable,true,standard
signer15_sample133,hasta,4,82,AUTSL,AUTSL_OpenHands_pose_v1,signer15,dataset_license,train,AUTSL/train_poses/signer15_sample133_color.pkl,processed/autsl20/landmark46-v1/train/signer15_sample133.npz,approved,trainable,true,standard
signer15_sample170,kotu,12,122,AUTSL,AUTSL_OpenHands_pose_v1,signer15,dataset_license,train,AUTSL/train_poses/signer15_sample170_color.pkl,processed/autsl20/landmark46-v1/train/signer15_sample170.npz,approved,trainable,true,standard
signer15_sample171,nerede,13,138,AUTSL,AUTSL_OpenHands_pose_v1,signer15,dataset_license,train,AUTSL/train_poses/signer15_sample171_color.pkl,processed/autsl20/landmark46-v1/train/signer15_sample171.npz,approved,trainable,true,standard
signer15_sample173,ilac,9,96,AUTSL,AUTSL_OpenHands_pose_v1,signer15,dataset_license,train,AUTSL/train_poses/signer15_sample173_color.pkl,processed/autsl20/landmark46-v1/train/signer15_sample173.npz,approved,trainable,true,standard
signer15_sample184,hastane,5,83,AUTSL,AUTSL_OpenHands_pose_v1,signer15,dataset_license,train,AUTSL/train_poses/signer15_sample184_color.pkl,processed/autsl20/landmark46-v1/train/signer15_sample184.npz,approved,trainable,true,standard
signer15_sample194,kaza,11,108,AUTSL,AUTSL_OpenHands_pose_v1,signer15,dataset_license,train,AUTSL/train_poses/signer15_sample194_color.pkl,processed/autsl20/landmark46-v1/train/signer15_sample194.npz,approved,trainable,true,standard
signer15_sample202,iyi,10,100,AUTSL,AUTSL_OpenHands_pose_v1,signer15,dataset_license,train,AUTSL/train_poses/signer15_sample202_color.pkl,processed/autsl20/landmark46-v1/train/signer15_sample202.npz,approved,trainable,true,standard
signer15_sample238,yardim,18,211,AUTSL,AUTSL_OpenHands_pose_v1,signer15,dataset_license,train,AUTSL/train_poses/signer15_sample238_color.pkl,processed/autsl20/landmark46-v1/train/signer15_sample238.npz,approved,trainable,true,red_flag
signer15_sample250,kotu,12,122,AUTSL,AUTSL_OpenHands_pose_v1,signer15,dataset_license,train,AUTSL/train_poses/signer15_sample250_color.pkl,processed/autsl20/landmark46-v1/train/signer15_sample250.npz,approved,trainable,true,standard
signer15_sample257,icmek,7,94,AUTSL,AUTSL_OpenHands_pose_v1,signer15,dataset_license,train,AUTSL/train_poses/signer15_sample257_color.pkl,processed/autsl20/landmark46-v1/train/signer15_sample257.npz,approved,trainable,true,standard
signer15_sample268,kaza,11,108,AUTSL,AUTSL_OpenHands_pose_v1,signer15,dataset_license,train,AUTSL/train_poses/signer15_sample268_color.pkl,processed/autsl20/landmark46-v1/train/signer15_sample268.npz,approved,trainable,true,standard
signer15_sample270,yardim,18,211,AUTSL,AUTSL_OpenHands_pose_v1,signer15,dataset_license,train,AUTSL/train_poses/signer15_sample270_color.pkl,processed/autsl20/landmark46-v1/train/signer15_sample270.npz,approved,trainable,true,red_flag
signer15_sample271,yarabandi,17,210,AUTSL,AUTSL_OpenHands_pose_v1,signer15,dataset_license,train,AUTSL/train_poses/signer15_sample271_color.pkl,processed/autsl20/landmark46-v1/train/signer15_sample271.npz,approved,trainable,true,standard
signer15_sample274,eczane,1,58,AUTSL,AUTSL_OpenHands_pose_v1,signer15,dataset_license,train,AUTSL/train_poses/signer15_sample274_color.pkl,processed/autsl20/landmark46-v1/train/signer15_sample274.npz,approved,trainable,true,standard
signer15_sample310,igne,8,95,AUTSL,AUTSL_OpenHands_pose_v1,signer15,dataset_license,train,AUTSL/train_poses/signer15_sample310_color.pkl,processed/autsl20/landmark46-v1/train/signer15_sample310.npz,approved,trainable,true,standard
signer15_sample327,tehlike,15,192,AUTSL,AUTSL_OpenHands_pose_v1,signer15,dataset_license,train,AUTSL/train_poses/signer15_sample327_color.pkl,processed/autsl20/landmark46-v1/train/signer15_sample327.npz,approved,trainable,true,red_flag
signer15_sample340,tehlike,15,192,AUTSL,AUTSL_OpenHands_pose_v1,signer15,dataset_license,train,AUTSL/train_poses/signer15_sample340_color.pkl,processed/autsl20/landmark46-v1/train/signer15_sample340.npz,approved,trainable,true,red_flag
signer15_sample368,yorgun,19,222,AUTSL,AUTSL_OpenHands_pose_v1,signer15,dataset_license,train,AUTSL/train_poses/signer15_sample368_color.pkl,processed/autsl20/landmark46-v1/train/signer15_sample368.npz,approved,trainable,true,standard
signer15_sample387,tuvalet,16,200,AUTSL,AUTSL_OpenHands_pose_v1,signer15,dataset_license,train,AUTSL/train_poses/signer15_sample387_color.pkl,processed/autsl20/landmark46-v1/train/signer15_sample387.npz,approved,trainable,true,standard
signer15_sample390,hastane,5,83,AUTSL,AUTSL_OpenHands_pose_v1,signer15,dataset_license,train,AUTSL/train_poses/signer15_sample390_color.pkl,processed/autsl20/landmark46-v1/train/signer15_sample390.npz,approved,trainable,true,standard
signer15_sample411,igne,8,95,AUTSL,AUTSL_OpenHands_pose_v1,signer15,dataset_license,train,AUTSL/train_poses/signer15_sample411_color.pkl,processed/autsl20/landmark46-v1/train/signer15_sample411.npz,approved,trainable,true,standard
signer15_sample413,seker,14,172,AUTSL,AUTSL_OpenHands_pose_v1,signer15,dataset_license,train,AUTSL/train_poses/signer15_sample413_color.pkl,processed/autsl20/landmark46-v1/train/signer15_sample413.npz,approved,trainable,true,standard
signer15_sample434,yorgun,19,222,AUTSL,AUTSL_OpenHands_pose_v1,signer15,dataset_license,train,AUTSL/train_poses/signer15_sample434_color.pkl,processed/autsl20/landmark46-v1/train/signer15_sample434.npz,approved,trainable,true,standard
signer15_sample436,eczane,1,58,AUTSL,AUTSL_OpenHands_pose_v1,signer15,dataset_license,train,AUTSL/train_poses/signer15_sample436_color.pkl,processed/autsl20/landmark46-v1/train/signer15_sample436.npz,approved,trainable,true,standard
signer15_sample437,nerede,13,138,AUTSL,AUTSL_OpenHands_pose_v1,signer15,dataset_license,train,AUTSL/train_poses/signer15_sample437_color.pkl,processed/autsl20/landmark46-v1/train/signer15_sample437.npz,approved,trainable,true,standard
signer17_sample4,ilac,9,96,AUTSL,AUTSL_OpenHands_pose_v1,signer17,dataset_license,train,AUTSL/train_poses/signer17_sample4_color.pkl,processed/autsl20/landmark46-v1/train/signer17_sample4.npz,approved,trainable,true,standard
signer17_sample11,nerede,13,138,AUTSL,AUTSL_OpenHands_pose_v1,signer17,dataset_license,train,AUTSL/train_poses/signer17_sample11_color.pkl,processed/autsl20/landmark46-v1/train/signer17_sample11.npz,approved,trainable,true,standard
signer17_sample14,yorgun,19,222,AUTSL,AUTSL_OpenHands_pose_v1,signer17,dataset_license,train,AUTSL/train_poses/signer17_sample14_color.pkl,processed/autsl20/landmark46-v1/train/signer17_sample14.npz,approved,trainable,true,standard
signer17_sample21,hayir,6,86,AUTSL,AUTSL_OpenHands_pose_v1,signer17,dataset_license,train,AUTSL/train_poses/signer17_sample21_color.pkl,processed/autsl20/landmark46-v1/train/signer17_sample21.npz,approved,trainable,true,standard
signer17_sample35,doktor,0,52,AUTSL,AUTSL_OpenHands_pose_v1,signer17,dataset_license,train,AUTSL/train_poses/signer17_sample35_color.pkl,processed/autsl20/landmark46-v1/train/signer17_sample35.npz,approved,trainable,true,standard
signer17_sample44,hasta,4,82,AUTSL,AUTSL_OpenHands_pose_v1,signer17,dataset_license,train,AUTSL/train_poses/signer17_sample44_color.pkl,processed/autsl20/landmark46-v1/train/signer17_sample44.npz,approved,trainable,true,standard
signer17_sample45,evet,2,65,AUTSL,AUTSL_OpenHands_pose_v1,signer17,dataset_license,train,AUTSL/train_poses/signer17_sample45_color.pkl,processed/autsl20/landmark46-v1/train/signer17_sample45.npz,approved,trainable,true,standard
signer17_sample52,tehlike,15,192,AUTSL,AUTSL_OpenHands_pose_v1,signer17,dataset_license,train,AUTSL/train_poses/signer17_sample52_color.pkl,processed/autsl20/landmark46-v1/train/signer17_sample52.npz,approved,trainable,true,red_flag
signer17_sample67,tehlike,15,192,AUTSL,AUTSL_OpenHands_pose_v1,signer17,dataset_license,train,AUTSL/train_poses/signer17_sample67_color.pkl,processed/autsl20/landmark46-v1/train/signer17_sample67.npz,approved,trainable,true,red_flag
signer17_sample69,hastane,5,83,AUTSL,AUTSL_OpenHands_pose_v1,signer17,dataset_license,train,AUTSL/train_poses/signer17_sample69_color.pkl,processed/autsl20/landmark46-v1/train/signer17_sample69.npz,approved,trainable,true,standard
signer17_sample71,seker,14,172,AUTSL,AUTSL_OpenHands_pose_v1,signer17,dataset_license,train,AUTSL/train_poses/signer17_sample71_color.pkl,processed/autsl20/landmark46-v1/train/signer17_sample71.npz,approved,trainable,true,standard
signer17_sample90,gostermek,3,77,AUTSL,AUTSL_OpenHands_pose_v1,signer17,dataset_license,train,AUTSL/train_poses/signer17_sample90_color.pkl,processed/autsl20/landmark46-v1/train/signer17_sample90.npz,approved,trainable,true,standard
signer17_sample91,doktor,0,52,AUTSL,AUTSL_OpenHands_pose_v1,signer17,dataset_license,train,AUTSL/train_poses/signer17_sample91_color.pkl,processed/autsl20/landmark46-v1/train/signer17_sample91.npz,approved,trainable,true,standard
signer17_sample103,kotu,12,122,AUTSL,AUTSL_OpenHands_pose_v1,signer17,dataset_license,train,AUTSL/train_poses/signer17_sample103_color.pkl,processed/autsl20/landmark46-v1/train/signer17_sample103.npz,approved,trainable,true,standard
signer17_sample104,tuvalet,16,200,AUTSL,AUTSL_OpenHands_pose_v1,signer17,dataset_license,train,AUTSL/train_poses/signer17_sample104_color.pkl,processed/autsl20/landmark46-v1/train/signer17_sample104.npz,approved,trainable,true,standard
signer17_sample112,kaza,11,108,AUTSL,AUTSL_OpenHands_pose_v1,signer17,dataset_license,train,AUTSL/train_poses/signer17_sample112_color.pkl,processed/autsl20/landmark46-v1/train/signer17_sample112.npz,needs_review,trainable,true,standard
signer17_sample116,yorgun,19,222,AUTSL,AUTSL_OpenHands_pose_v1,signer17,dataset_license,train,AUTSL/train_poses/signer17_sample116_color.pkl,processed/autsl20/landmark46-v1/train/signer17_sample116.npz,approved,trainable,true,standard
signer17_sample129,kotu,12,122,AUTSL,AUTSL_OpenHands_pose_v1,signer17,dataset_license,train,AUTSL/train_poses/signer17_sample129_color.pkl,processed/autsl20/landmark46-v1/train/signer17_sample129.npz,approved,trainable,true,standard
signer17_sample135,ilac,9,96,AUTSL,AUTSL_OpenHands_pose_v1,signer17,dataset_license,train,AUTSL/train_poses/signer17_sample135_color.pkl,processed/autsl20/landmark46-v1/train/signer17_sample135.npz,approved,trainable,true,standard
signer17_sample152,icmek,7,94,AUTSL,AUTSL_OpenHands_pose_v1,signer17,dataset_license,train,AUTSL/train_poses/signer17_sample152_color.pkl,processed/autsl20/landmark46-v1/train/signer17_sample152.npz,approved,trainable,true,standard
signer17_sample170,icmek,7,94,AUTSL,AUTSL_OpenHands_pose_v1,signer17,dataset_license,train,AUTSL/train_poses/signer17_sample170_color.pkl,processed/autsl20/landmark46-v1/train/signer17_sample170.npz,approved,trainable,true,standard
signer17_sample180,yardim,18,211,AUTSL,AUTSL_OpenHands_pose_v1,signer17,dataset_license,train,AUTSL/train_poses/signer17_sample180_color.pkl,processed/autsl20/landmark46-v1/train/signer17_sample180.npz,approved,trainable,true,red_flag
signer17_sample183,yarabandi,17,210,AUTSL,AUTSL_OpenHands_pose_v1,signer17,dataset_license,train,AUTSL/train_poses/signer17_sample183_color.pkl,processed/autsl20/landmark46-v1/train/signer17_sample183.npz,approved,trainable,true,standard
signer17_sample188,eczane,1,58,AUTSL,AUTSL_OpenHands_pose_v1,signer17,dataset_license,train,AUTSL/train_poses/signer17_sample188_color.pkl,processed/autsl20/landmark46-v1/train/signer17_sample188.npz,approved,trainable,true,standard
signer17_sample202,hayir,6,86,AUTSL,AUTSL_OpenHands_pose_v1,signer17,dataset_license,train,AUTSL/train_poses/signer17_sample202_color.pkl,processed/autsl20/landmark46-v1/train/signer17_sample202.npz,approved,trainable,true,standard
signer17_sample205,yardim,18,211,AUTSL,AUTSL_OpenHands_pose_v1,signer17,dataset_license,train,AUTSL/train_poses/signer17_sample205_color.pkl,processed/autsl20/landmark46-v1/train/signer17_sample205.npz,approved,trainable,true,red_flag
signer17_sample261,yarabandi,17,210,AUTSL,AUTSL_OpenHands_pose_v1,signer17,dataset_license,train,AUTSL/train_poses/signer17_sample261_color.pkl,processed/autsl20/landmark46-v1/train/signer17_sample261.npz,approved,trainable,true,standard
signer17_sample268,nerede,13,138,AUTSL,AUTSL_OpenHands_pose_v1,signer17,dataset_license,train,AUTSL/train_poses/signer17_sample268_color.pkl,processed/autsl20/landmark46-v1/train/signer17_sample268.npz,approved,trainable,true,standard
signer17_sample281,hasta,4,82,AUTSL,AUTSL_OpenHands_pose_v1,signer17,dataset_license,train,AUTSL/train_poses/signer17_sample281_color.pkl,processed/autsl20/landmark46-v1/train/signer17_sample281.npz,approved,trainable,true,standard
signer17_sample301,iyi,10,100,AUTSL,AUTSL_OpenHands_pose_v1,signer17,dataset_license,train,AUTSL/train_poses/signer17_sample301_color.pkl,processed/autsl20/landmark46-v1/train/signer17_sample301.npz,approved,trainable,true,standard
signer17_sample311,gostermek,3,77,AUTSL,AUTSL_OpenHands_pose_v1,signer17,dataset_license,train,AUTSL/train_poses/signer17_sample311_color.pkl,processed/autsl20/landmark46-v1/train/signer17_sample311.npz,approved,trainable,true,standard
signer17_sample320,eczane,1,58,AUTSL,AUTSL_OpenHands_pose_v1,signer17,dataset_license,train,AUTSL/train_poses/signer17_sample320_color.pkl,processed/autsl20/landmark46-v1/train/signer17_sample320.npz,approved,trainable,true,standard
signer17_sample331,tuvalet,16,200,AUTSL,AUTSL_OpenHands_pose_v1,signer17,dataset_license,train,AUTSL/train_poses/signer17_sample331_color.pkl,processed/autsl20/landmark46-v1/train/signer17_sample331.npz,approved,trainable,true,standard
signer17_sample345,iyi,10,100,AUTSL,AUTSL_OpenHands_pose_v1,signer17,dataset_license,train,AUTSL/train_poses/signer17_sample345_color.pkl,processed/autsl20/landmark46-v1/train/signer17_sample345.npz,approved,trainable,true,standard
signer17_sample354,hastane,5,83,AUTSL,AUTSL_OpenHands_pose_v1,signer17,dataset_license,train,AUTSL/train_poses/signer17_sample354_color.pkl,processed/autsl20/landmark46-v1/train/signer17_sample354.npz,approved,trainable,true,standard
signer17_sample374,kaza,11,108,AUTSL,AUTSL_OpenHands_pose_v1,signer17,dataset_license,train,AUTSL/train_poses/signer17_sample374_color.pkl,processed/autsl20/landmark46-v1/train/signer17_sample374.npz,approved,trainable,true,standard
signer17_sample399,evet,2,65,AUTSL,AUTSL_OpenHands_pose_v1,signer17,dataset_license,train,AUTSL/train_poses/signer17_sample399_color.pkl,processed/autsl20/landmark46-v1/train/signer17_sample399.npz,approved,trainable,true,standard
signer17_sample403,seker,14,172,AUTSL,AUTSL_OpenHands_pose_v1,signer17,dataset_license,train,AUTSL/train_poses/signer17_sample403_color.pkl,processed/autsl20/landmark46-v1/train/signer17_sample403.npz,approved,trainable,true,standard
signer19_sample2,hastane,5,83,AUTSL,AUTSL_OpenHands_pose_v1,signer19,dataset_license,train,AUTSL/train_poses/signer19_sample2_color.pkl,processed/autsl20/landmark46-v1/train/signer19_sample2.npz,approved,trainable,true,standard
signer19_sample17,yorgun,19,222,AUTSL,AUTSL_OpenHands_pose_v1,signer19,dataset_license,train,AUTSL/train_poses/signer19_sample17_color.pkl,processed/autsl20/landmark46-v1/train/signer19_sample17.npz,approved,trainable,true,standard
signer19_sample53,yardim,18,211,AUTSL,AUTSL_OpenHands_pose_v1,signer19,dataset_license,train,AUTSL/train_poses/signer19_sample53_color.pkl,processed/autsl20/landmark46-v1/train/signer19_sample53.npz,approved,trainable,true,red_flag
signer19_sample62,icmek,7,94,AUTSL,AUTSL_OpenHands_pose_v1,signer19,dataset_license,train,AUTSL/train_poses/signer19_sample62_color.pkl,processed/autsl20/landmark46-v1/train/signer19_sample62.npz,approved,trainable,true,standard
signer19_sample77,ilac,9,96,AUTSL,AUTSL_OpenHands_pose_v1,signer19,dataset_license,train,AUTSL/train_poses/signer19_sample77_color.pkl,processed/autsl20/landmark46-v1/train/signer19_sample77.npz,approved,trainable,true,standard
signer19_sample96,igne,8,95,AUTSL,AUTSL_OpenHands_pose_v1,signer19,dataset_license,train,AUTSL/train_poses/signer19_sample96_color.pkl,processed/autsl20/landmark46-v1/train/signer19_sample96.npz,approved,trainable,true,standard
signer19_sample99,tehlike,15,192,AUTSL,AUTSL_OpenHands_pose_v1,signer19,dataset_license,train,AUTSL/train_poses/signer19_sample99_color.pkl,processed/autsl20/landmark46-v1/train/signer19_sample99.npz,approved,trainable,true,red_flag
signer19_sample105,kotu,12,122,AUTSL,AUTSL_OpenHands_pose_v1,signer19,dataset_license,train,AUTSL/train_poses/signer19_sample105_color.pkl,processed/autsl20/landmark46-v1/train/signer19_sample105.npz,approved,trainable,true,standard
signer19_sample113,yarabandi,17,210,AUTSL,AUTSL_OpenHands_pose_v1,signer19,dataset_license,train,AUTSL/train_poses/signer19_sample113_color.pkl,processed/autsl20/landmark46-v1/train/signer19_sample113.npz,approved,trainable,true,standard
signer19_sample135,yorgun,19,222,AUTSL,AUTSL_OpenHands_pose_v1,signer19,dataset_license,train,AUTSL/train_poses/signer19_sample135_color.pkl,processed/autsl20/landmark46-v1/train/signer19_sample135.npz,approved,trainable,true,standard
signer19_sample141,hayir,6,86,AUTSL,AUTSL_OpenHands_pose_v1,signer19,dataset_license,train,AUTSL/train_poses/signer19_sample141_color.pkl,processed/autsl20/landmark46-v1/train/signer19_sample141.npz,approved,trainable,true,standard
signer19_sample152,ilac,9,96,AUTSL,AUTSL_OpenHands_pose_v1,signer19,dataset_license,train,AUTSL/train_poses/signer19_sample152_color.pkl,processed/autsl20/landmark46-v1/train/signer19_sample152.npz,approved,trainable,true,standard
signer19_sample193,doktor,0,52,AUTSL,AUTSL_OpenHands_pose_v1,signer19,dataset_license,train,AUTSL/train_poses/signer19_sample193_color.pkl,processed/autsl20/landmark46-v1/train/signer19_sample193.npz,approved,trainable,true,standard
signer19_sample204,nerede,13,138,AUTSL,AUTSL_OpenHands_pose_v1,signer19,dataset_license,train,AUTSL/train_poses/signer19_sample204_color.pkl,processed/autsl20/landmark46-v1/train/signer19_sample204.npz,approved,trainable,true,standard
signer19_sample221,iyi,10,100,AUTSL,AUTSL_OpenHands_pose_v1,signer19,dataset_license,train,AUTSL/train_poses/signer19_sample221_color.pkl,processed/autsl20/landmark46-v1/train/signer19_sample221.npz,approved,trainable,true,standard
signer19_sample232,yardim,18,211,AUTSL,AUTSL_OpenHands_pose_v1,signer19,dataset_license,train,AUTSL/train_poses/signer19_sample232_color.pkl,processed/autsl20/landmark46-v1/train/signer19_sample232.npz,approved,trainable,true,red_flag
signer19_sample244,doktor,0,52,AUTSL,AUTSL_OpenHands_pose_v1,signer19,dataset_license,train,AUTSL/train_poses/signer19_sample244_color.pkl,processed/autsl20/landmark46-v1/train/signer19_sample244.npz,approved,trainable,true,standard
signer19_sample264,yardim,18,211,AUTSL,AUTSL_OpenHands_pose_v1,signer19,dataset_license,train,AUTSL/train_poses/signer19_sample264_color.pkl,processed/autsl20/landmark46-v1/train/signer19_sample264.npz,approved,trainable,true,red_flag
signer19_sample299,doktor,0,52,AUTSL,AUTSL_OpenHands_pose_v1,signer19,dataset_license,train,AUTSL/train_poses/signer19_sample299_color.pkl,processed/autsl20/landmark46-v1/train/signer19_sample299.npz,approved,trainable,true,standard
signer19_sample300,tuvalet,16,200,AUTSL,AUTSL_OpenHands_pose_v1,signer19,dataset_license,train,AUTSL/train_poses/signer19_sample300_color.pkl,processed/autsl20/landmark46-v1/train/signer19_sample300.npz,approved,trainable,true,standard
signer19_sample302,hastane,5,83,AUTSL,AUTSL_OpenHands_pose_v1,signer19,dataset_license,train,AUTSL/train_poses/signer19_sample302_color.pkl,processed/autsl20/landmark46-v1/train/signer19_sample302.npz,approved,trainable,true,standard
signer19_sample309,hayir,6,86,AUTSL,AUTSL_OpenHands_pose_v1,signer19,dataset_license,train,AUTSL/train_poses/signer19_sample309_color.pkl,processed/autsl20/landmark46-v1/train/signer19_sample309.npz,approved,trainable,true,standard
signer19_sample343,yarabandi,17,210,AUTSL,AUTSL_OpenHands_pose_v1,signer19,dataset_license,train,AUTSL/train_poses/signer19_sample343_color.pkl,processed/autsl20/landmark46-v1/train/signer19_sample343.npz,approved,trainable,true,standard
signer19_sample361,gostermek,3,77,AUTSL,AUTSL_OpenHands_pose_v1,signer19,dataset_license,train,AUTSL/train_poses/signer19_sample361_color.pkl,processed/autsl20/landmark46-v1/train/signer19_sample361.npz,approved,trainable,true,standard
signer19_sample363,tehlike,15,192,AUTSL,AUTSL_OpenHands_pose_v1,signer19,dataset_license,train,AUTSL/train_poses/signer19_sample363_color.pkl,processed/autsl20/landmark46-v1/train/signer19_sample363.npz,approved,trainable,true,red_flag
signer19_sample366,iyi,10,100,AUTSL,AUTSL_OpenHands_pose_v1,signer19,dataset_license,train,AUTSL/train_poses/signer19_sample366_color.pkl,processed/autsl20/landmark46-v1/train/signer19_sample366.npz,approved,trainable,true,standard
signer19_sample380,evet,2,65,AUTSL,AUTSL_OpenHands_pose_v1,signer19,dataset_license,train,AUTSL/train_poses/signer19_sample380_color.pkl,processed/autsl20/landmark46-v1/train/signer19_sample380.npz,approved,trainable,true,standard
signer19_sample393,yarabandi,17,210,AUTSL,AUTSL_OpenHands_pose_v1,signer19,dataset_license,train,AUTSL/train_poses/signer19_sample393_color.pkl,processed/autsl20/landmark46-v1/train/signer19_sample393.npz,approved,trainable,true,standard
signer19_sample399,gostermek,3,77,AUTSL,AUTSL_OpenHands_pose_v1,signer19,dataset_license,train,AUTSL/train_poses/signer19_sample399_color.pkl,processed/autsl20/landmark46-v1/train/signer19_sample399.npz,approved,trainable,true,standard
signer19_sample410,kaza,11,108,AUTSL,AUTSL_OpenHands_pose_v1,signer19,dataset_license,train,AUTSL/train_poses/signer19_sample410_color.pkl,processed/autsl20/landmark46-v1/train/signer19_sample410.npz,approved,trainable,true,standard
signer19_sample417,evet,2,65,AUTSL,AUTSL_OpenHands_pose_v1,signer19,dataset_license,train,AUTSL/train_poses/signer19_sample417_color.pkl,processed/autsl20/landmark46-v1/train/signer19_sample417.npz,approved,trainable,true,standard
signer19_sample426,hayir,6,86,AUTSL,AUTSL_OpenHands_pose_v1,signer19,dataset_license,train,AUTSL/train_poses/signer19_sample426_color.pkl,processed/autsl20/landmark46-v1/train/signer19_sample426.npz,approved,trainable,true,standard
signer19_sample432,evet,2,65,AUTSL,AUTSL_OpenHands_pose_v1,signer19,dataset_license,train,AUTSL/train_poses/signer19_sample432_color.pkl,processed/autsl20/landmark46-v1/train/signer19_sample432.npz,approved,trainable,true,standard
signer19_sample436,kotu,12,122,AUTSL,AUTSL_OpenHands_pose_v1,signer19,dataset_license,train,AUTSL/train_poses/signer19_sample436_color.pkl,processed/autsl20/landmark46-v1/train/signer19_sample436.npz,approved,trainable,true,standard
signer19_sample460,eczane,1,58,AUTSL,AUTSL_OpenHands_pose_v1,signer19,dataset_license,train,AUTSL/train_poses/signer19_sample460_color.pkl,processed/autsl20/landmark46-v1/train/signer19_sample460.npz,approved,trainable,true,standard
signer19_sample461,kotu,12,122,AUTSL,AUTSL_OpenHands_pose_v1,signer19,dataset_license,train,AUTSL/train_poses/signer19_sample461_color.pkl,processed/autsl20/landmark46-v1/train/signer19_sample461.npz,approved,trainable,true,standard
signer19_sample463,tuvalet,16,200,AUTSL,AUTSL_OpenHands_pose_v1,signer19,dataset_license,train,AUTSL/train_poses/signer19_sample463_color.pkl,processed/autsl20/landmark46-v1/train/signer19_sample463.npz,approved,trainable,true,standard
signer19_sample475,kaza,11,108,AUTSL,AUTSL_OpenHands_pose_v1,signer19,dataset_license,train,AUTSL/train_poses/signer19_sample475_color.pkl,processed/autsl20/landmark46-v1/train/signer19_sample475.npz,approved,trainable,true,standard
signer19_sample496,tuvalet,16,200,AUTSL,AUTSL_OpenHands_pose_v1,signer19,dataset_license,train,AUTSL/train_poses/signer19_sample496_color.pkl,processed/autsl20/landmark46-v1/train/signer19_sample496.npz,approved,trainable,true,standard
signer19_sample498,tehlike,15,192,AUTSL,AUTSL_OpenHands_pose_v1,signer19,dataset_license,train,AUTSL/train_poses/signer19_sample498_color.pkl,processed/autsl20/landmark46-v1/train/signer19_sample498.npz,approved,trainable,true,red_flag
signer19_sample516,hasta,4,82,AUTSL,AUTSL_OpenHands_pose_v1,signer19,dataset_license,train,AUTSL/train_poses/signer19_sample516_color.pkl,processed/autsl20/landmark46-v1/train/signer19_sample516.npz,approved,trainable,true,standard
signer19_sample520,igne,8,95,AUTSL,AUTSL_OpenHands_pose_v1,signer19,dataset_license,train,AUTSL/train_poses/signer19_sample520_color.pkl,processed/autsl20/landmark46-v1/train/signer19_sample520.npz,approved,trainable,true,standard
signer19_sample529,hastane,5,83,AUTSL,AUTSL_OpenHands_pose_v1,signer19,dataset_license,train,AUTSL/train_poses/signer19_sample529_color.pkl,processed/autsl20/landmark46-v1/train/signer19_sample529.npz,approved,trainable,true,standard
signer19_sample573,nerede,13,138,AUTSL,AUTSL_OpenHands_pose_v1,signer19,dataset_license,train,AUTSL/train_poses/signer19_sample573_color.pkl,processed/autsl20/landmark46-v1/train/signer19_sample573.npz,approved,trainable,true,standard
signer19_sample587,iyi,10,100,AUTSL,AUTSL_OpenHands_pose_v1,signer19,dataset_license,train,AUTSL/train_poses/signer19_sample587_color.pkl,processed/autsl20/landmark46-v1/train/signer19_sample587.npz,approved,trainable,true,standard
signer19_sample588,eczane,1,58,AUTSL,AUTSL_OpenHands_pose_v1,signer19,dataset_license,train,AUTSL/train_poses/signer19_sample588_color.pkl,processed/autsl20/landmark46-v1/train/signer19_sample588.npz,approved,trainable,true,standard
signer19_sample595,igne,8,95,AUTSL,AUTSL_OpenHands_pose_v1,signer19,dataset_license,train,AUTSL/train_poses/signer19_sample595_color.pkl,processed/autsl20/landmark46-v1/train/signer19_sample595.npz,approved,trainable,true,standard
signer19_sample600,yorgun,19,222,AUTSL,AUTSL_OpenHands_pose_v1,signer19,dataset_license,train,AUTSL/train_poses/signer19_sample600_color.pkl,processed/autsl20/landmark46-v1/train/signer19_sample600.npz,approved,trainable,true,standard
signer19_sample603,hasta,4,82,AUTSL,AUTSL_OpenHands_pose_v1,signer19,dataset_license,train,AUTSL/train_poses/signer19_sample603_color.pkl,processed/autsl20/landmark46-v1/train/signer19_sample603.npz,approved,trainable,true,standard
signer19_sample611,icmek,7,94,AUTSL,AUTSL_OpenHands_pose_v1,signer19,dataset_license,train,AUTSL/train_poses/signer19_sample611_color.pkl,processed/autsl20/landmark46-v1/train/signer19_sample611.npz,approved,trainable,true,standard
signer19_sample618,ilac,9,96,AUTSL,AUTSL_OpenHands_pose_v1,signer19,dataset_license,train,AUTSL/train_poses/signer19_sample618_color.pkl,processed/autsl20/landmark46-v1/train/signer19_sample618.npz,approved,trainable,true,standard
signer19_sample625,gostermek,3,77,AUTSL,AUTSL_OpenHands_pose_v1,signer19,dataset_license,train,AUTSL/train_poses/signer19_sample625_color.pkl,processed/autsl20/landmark46-v1/train/signer19_sample625.npz,approved,trainable,true,standard
signer19_sample626,hasta,4,82,AUTSL,AUTSL_OpenHands_pose_v1,signer19,dataset_license,train,AUTSL/train_poses/signer19_sample626_color.pkl,processed/autsl20/landmark46-v1/train/signer19_sample626.npz,approved,trainable,true,standard
signer19_sample628,kaza,11,108,AUTSL,AUTSL_OpenHands_pose_v1,signer19,dataset_license,train,AUTSL/train_poses/signer19_sample628_color.pkl,processed/autsl20/landmark46-v1/train/signer19_sample628.npz,approved,trainable,true,standard
signer19_sample633,nerede,13,138,AUTSL,AUTSL_OpenHands_pose_v1,signer19,dataset_license,train,AUTSL/train_poses/signer19_sample633_color.pkl,processed/autsl20/landmark46-v1/train/signer19_sample633.npz,approved,trainable,true,standard
signer19_sample641,icmek,7,94,AUTSL,AUTSL_OpenHands_pose_v1,signer19,dataset_license,train,AUTSL/train_poses/signer19_sample641_color.pkl,processed/autsl20/landmark46-v1/train/signer19_sample641.npz,approved,trainable,true,standard
signer20_sample26,yardim,18,211,AUTSL,AUTSL_OpenHands_pose_v1,signer20,dataset_license,train,AUTSL/train_poses/signer20_sample26_color.pkl,processed/autsl20/landmark46-v1/train/signer20_sample26.npz,approved,trainable,true,red_flag
signer20_sample27,yorgun,19,222,AUTSL,AUTSL_OpenHands_pose_v1,signer20,dataset_license,train,AUTSL/train_poses/signer20_sample27_color.pkl,processed/autsl20/landmark46-v1/train/signer20_sample27.npz,approved,trainable,true,standard
signer20_sample70,hayir,6,86,AUTSL,AUTSL_OpenHands_pose_v1,signer20,dataset_license,train,AUTSL/train_poses/signer20_sample70_color.pkl,processed/autsl20/landmark46-v1/train/signer20_sample70.npz,approved,trainable,true,standard
signer20_sample82,hastane,5,83,AUTSL,AUTSL_OpenHands_pose_v1,signer20,dataset_license,train,AUTSL/train_poses/signer20_sample82_color.pkl,processed/autsl20/landmark46-v1/train/signer20_sample82.npz,approved,trainable,true,standard
signer20_sample86,ilac,9,96,AUTSL,AUTSL_OpenHands_pose_v1,signer20,dataset_license,train,AUTSL/train_poses/signer20_sample86_color.pkl,processed/autsl20/landmark46-v1/train/signer20_sample86.npz,approved,trainable,true,standard
signer20_sample93,doktor,0,52,AUTSL,AUTSL_OpenHands_pose_v1,signer20,dataset_license,train,AUTSL/train_poses/signer20_sample93_color.pkl,processed/autsl20/landmark46-v1/train/signer20_sample93.npz,approved,trainable,true,standard
signer20_sample96,iyi,10,100,AUTSL,AUTSL_OpenHands_pose_v1,signer20,dataset_license,train,AUTSL/train_poses/signer20_sample96_color.pkl,processed/autsl20/landmark46-v1/train/signer20_sample96.npz,approved,trainable,true,standard
signer20_sample98,ilac,9,96,AUTSL,AUTSL_OpenHands_pose_v1,signer20,dataset_license,train,AUTSL/train_poses/signer20_sample98_color.pkl,processed/autsl20/landmark46-v1/train/signer20_sample98.npz,approved,trainable,true,standard
signer20_sample167,gostermek,3,77,AUTSL,AUTSL_OpenHands_pose_v1,signer20,dataset_license,train,AUTSL/train_poses/signer20_sample167_color.pkl,processed/autsl20/landmark46-v1/train/signer20_sample167.npz,approved,trainable,true,standard
signer20_sample185,kaza,11,108,AUTSL,AUTSL_OpenHands_pose_v1,signer20,dataset_license,train,AUTSL/train_poses/signer20_sample185_color.pkl,processed/autsl20/landmark46-v1/train/signer20_sample185.npz,approved,trainable,true,standard
signer20_sample189,nerede,13,138,AUTSL,AUTSL_OpenHands_pose_v1,signer20,dataset_license,train,AUTSL/train_poses/signer20_sample189_color.pkl,processed/autsl20/landmark46-v1/train/signer20_sample189.npz,approved,trainable,true,standard
signer20_sample213,yardim,18,211,AUTSL,AUTSL_OpenHands_pose_v1,signer20,dataset_license,train,AUTSL/train_poses/signer20_sample213_color.pkl,processed/autsl20/landmark46-v1/train/signer20_sample213.npz,approved,trainable,true,red_flag
signer20_sample229,eczane,1,58,AUTSL,AUTSL_OpenHands_pose_v1,signer20,dataset_license,train,AUTSL/train_poses/signer20_sample229_color.pkl,processed/autsl20/landmark46-v1/train/signer20_sample229.npz,approved,trainable,true,standard
signer20_sample254,seker,14,172,AUTSL,AUTSL_OpenHands_pose_v1,signer20,dataset_license,train,AUTSL/train_poses/signer20_sample254_color.pkl,processed/autsl20/landmark46-v1/train/signer20_sample254.npz,approved,trainable,true,standard
signer20_sample280,icmek,7,94,AUTSL,AUTSL_OpenHands_pose_v1,signer20,dataset_license,train,AUTSL/train_poses/signer20_sample280_color.pkl,processed/autsl20/landmark46-v1/train/signer20_sample280.npz,approved,trainable,true,standard
signer20_sample285,iyi,10,100,AUTSL,AUTSL_OpenHands_pose_v1,signer20,dataset_license,train,AUTSL/train_poses/signer20_sample285_color.pkl,processed/autsl20/landmark46-v1/train/signer20_sample285.npz,approved,trainable,true,standard
signer20_sample306,yardim,18,211,AUTSL,AUTSL_OpenHands_pose_v1,signer20,dataset_license,train,AUTSL/train_poses/signer20_sample306_color.pkl,processed/autsl20/landmark46-v1/train/signer20_sample306.npz,approved,trainable,true,red_flag
signer20_sample315,igne,8,95,AUTSL,AUTSL_OpenHands_pose_v1,signer20,dataset_license,train,AUTSL/train_poses/signer20_sample315_color.pkl,processed/autsl20/landmark46-v1/train/signer20_sample315.npz,approved,trainable,true,standard
signer20_sample321,hasta,4,82,AUTSL,AUTSL_OpenHands_pose_v1,signer20,dataset_license,train,AUTSL/train_poses/signer20_sample321_color.pkl,processed/autsl20/landmark46-v1/train/signer20_sample321.npz,approved,trainable,true,standard
signer20_sample324,eczane,1,58,AUTSL,AUTSL_OpenHands_pose_v1,signer20,dataset_license,train,AUTSL/train_poses/signer20_sample324_color.pkl,processed/autsl20/landmark46-v1/train/signer20_sample324.npz,approved,trainable,true,standard
signer20_sample333,tuvalet,16,200,AUTSL,AUTSL_OpenHands_pose_v1,signer20,dataset_license,train,AUTSL/train_poses/signer20_sample333_color.pkl,processed/autsl20/landmark46-v1/train/signer20_sample333.npz,approved,trainable,true,standard
signer20_sample334,igne,8,95,AUTSL,AUTSL_OpenHands_pose_v1,signer20,dataset_license,train,AUTSL/train_poses/signer20_sample334_color.pkl,processed/autsl20/landmark46-v1/train/signer20_sample334.npz,approved,trainable,true,standard
signer20_sample339,kaza,11,108,AUTSL,AUTSL_OpenHands_pose_v1,signer20,dataset_license,train,AUTSL/train_poses/signer20_sample339_color.pkl,processed/autsl20/landmark46-v1/train/signer20_sample339.npz,approved,trainable,true,standard
signer20_sample345,yarabandi,17,210,AUTSL,AUTSL_OpenHands_pose_v1,signer20,dataset_license,train,AUTSL/train_poses/signer20_sample345_color.pkl,processed/autsl20/landmark46-v1/train/signer20_sample345.npz,approved,trainable,true,standard
signer20_sample349,yorgun,19,222,AUTSL,AUTSL_OpenHands_pose_v1,signer20,dataset_license,train,AUTSL/train_poses/signer20_sample349_color.pkl,processed/autsl20/landmark46-v1/train/signer20_sample349.npz,approved,trainable,true,standard
signer20_sample360,kotu,12,122,AUTSL,AUTSL_OpenHands_pose_v1,signer20,dataset_license,train,AUTSL/train_poses/signer20_sample360_color.pkl,processed/autsl20/landmark46-v1/train/signer20_sample360.npz,approved,trainable,true,standard
signer20_sample361,icmek,7,94,AUTSL,AUTSL_OpenHands_pose_v1,signer20,dataset_license,train,AUTSL/train_poses/signer20_sample361_color.pkl,processed/autsl20/landmark46-v1/train/signer20_sample361.npz,approved,trainable,true,standard
signer20_sample374,hastane,5,83,AUTSL,AUTSL_OpenHands_pose_v1,signer20,dataset_license,train,AUTSL/train_poses/signer20_sample374_color.pkl,processed/autsl20/landmark46-v1/train/signer20_sample374.npz,approved,trainable,true,standard
signer20_sample377,gostermek,3,77,AUTSL,AUTSL_OpenHands_pose_v1,signer20,dataset_license,train,AUTSL/train_poses/signer20_sample377_color.pkl,processed/autsl20/landmark46-v1/train/signer20_sample377.npz,approved,trainable,true,standard
signer20_sample390,seker,14,172,AUTSL,AUTSL_OpenHands_pose_v1,signer20,dataset_license,train,AUTSL/train_poses/signer20_sample390_color.pkl,processed/autsl20/landmark46-v1/train/signer20_sample390.npz,approved,trainable,true,standard
signer20_sample391,kotu,12,122,AUTSL,AUTSL_OpenHands_pose_v1,signer20,dataset_license,train,AUTSL/train_poses/signer20_sample391_color.pkl,processed/autsl20/landmark46-v1/train/signer20_sample391.npz,approved,trainable,true,standard
signer20_sample396,icmek,7,94,AUTSL,AUTSL_OpenHands_pose_v1,signer20,dataset_license,train,AUTSL/train_poses/signer20_sample396_color.pkl,processed/autsl20/landmark46-v1/train/signer20_sample396.npz,approved,trainable,true,standard
signer20_sample400,evet,2,65,AUTSL,AUTSL_OpenHands_pose_v1,signer20,dataset_license,train,AUTSL/train_poses/signer20_sample400_color.pkl,processed/autsl20/landmark46-v1/train/signer20_sample400.npz,approved,trainable,true,standard
signer20_sample414,nerede,13,138,AUTSL,AUTSL_OpenHands_pose_v1,signer20,dataset_license,train,AUTSL/train_poses/signer20_sample414_color.pkl,processed/autsl20/landmark46-v1/train/signer20_sample414.npz,approved,trainable,true,standard
signer20_sample422,tehlike,15,192,AUTSL,AUTSL_OpenHands_pose_v1,signer20,dataset_license,train,AUTSL/train_poses/signer20_sample422_color.pkl,processed/autsl20/landmark46-v1/train/signer20_sample422.npz,approved,trainable,true,red_flag
signer20_sample433,iyi,10,100,AUTSL,AUTSL_OpenHands_pose_v1,signer20,dataset_license,train,AUTSL/train_poses/signer20_sample433_color.pkl,processed/autsl20/landmark46-v1/train/signer20_sample433.npz,approved,trainable,true,standard
signer20_sample434,hasta,4,82,AUTSL,AUTSL_OpenHands_pose_v1,signer20,dataset_license,train,AUTSL/train_poses/signer20_sample434_color.pkl,processed/autsl20/landmark46-v1/train/signer20_sample434.npz,approved,trainable,true,standard
signer20_sample443,tuvalet,16,200,AUTSL,AUTSL_OpenHands_pose_v1,signer20,dataset_license,train,AUTSL/train_poses/signer20_sample443_color.pkl,processed/autsl20/landmark46-v1/train/signer20_sample443.npz,approved,trainable,true,standard
signer20_sample460,tehlike,15,192,AUTSL,AUTSL_OpenHands_pose_v1,signer20,dataset_license,train,AUTSL/train_poses/signer20_sample460_color.pkl,processed/autsl20/landmark46-v1/train/signer20_sample460.npz,approved,trainable,true,red_flag
signer20_sample483,kotu,12,122,AUTSL,AUTSL_OpenHands_pose_v1,signer20,dataset_license,train,AUTSL/train_poses/signer20_sample483_color.pkl,processed/autsl20/landmark46-v1/train/signer20_sample483.npz,approved,trainable,true,standard
signer20_sample507,kaza,11,108,AUTSL,AUTSL_OpenHands_pose_v1,signer20,dataset_license,train,AUTSL/train_poses/signer20_sample507_color.pkl,processed/autsl20/landmark46-v1/train/signer20_sample507.npz,approved,trainable,true,standard
signer20_sample518,tehlike,15,192,AUTSL,AUTSL_OpenHands_pose_v1,signer20,dataset_license,train,AUTSL/train_poses/signer20_sample518_color.pkl,processed/autsl20/landmark46-v1/train/signer20_sample518.npz,approved,trainable,true,red_flag
signer20_sample521,hastane,5,83,AUTSL,AUTSL_OpenHands_pose_v1,signer20,dataset_license,train,AUTSL/train_poses/signer20_sample521_color.pkl,processed/autsl20/landmark46-v1/train/signer20_sample521.npz,approved,trainable,true,standard
signer20_sample532,ilac,9,96,AUTSL,AUTSL_OpenHands_pose_v1,signer20,dataset_license,train,AUTSL/train_poses/signer20_sample532_color.pkl,processed/autsl20/landmark46-v1/train/signer20_sample532.npz,approved,trainable,true,standard
signer20_sample540,hayir,6,86,AUTSL,AUTSL_OpenHands_pose_v1,signer20,dataset_license,train,AUTSL/train_poses/signer20_sample540_color.pkl,processed/autsl20/landmark46-v1/train/signer20_sample540.npz,approved,trainable,true,standard
signer20_sample559,yorgun,19,222,AUTSL,AUTSL_OpenHands_pose_v1,signer20,dataset_license,train,AUTSL/train_poses/signer20_sample559_color.pkl,processed/autsl20/landmark46-v1/train/signer20_sample559.npz,approved,trainable,true,standard
signer20_sample565,tuvalet,16,200,AUTSL,AUTSL_OpenHands_pose_v1,signer20,dataset_license,train,AUTSL/train_poses/signer20_sample565_color.pkl,processed/autsl20/landmark46-v1/train/signer20_sample565.npz,approved,trainable,true,standard
signer20_sample571,hayir,6,86,AUTSL,AUTSL_OpenHands_pose_v1,signer20,dataset_license,train,AUTSL/train_poses/signer20_sample571_color.pkl,processed/autsl20/landmark46-v1/train/signer20_sample571.npz,approved,trainable,true,standard
signer20_sample585,gostermek,3,77,AUTSL,AUTSL_OpenHands_pose_v1,signer20,dataset_license,train,AUTSL/train_poses/signer20_sample585_color.pkl,processed/autsl20/landmark46-v1/train/signer20_sample585.npz,approved,trainable,true,standard
signer20_sample612,evet,2,65,AUTSL,AUTSL_OpenHands_pose_v1,signer20,dataset_license,train,AUTSL/train_poses/signer20_sample612_color.pkl,processed/autsl20/landmark46-v1/train/signer20_sample612.npz,approved,trainable,true,standard
signer20_sample622,yarabandi,17,210,AUTSL,AUTSL_OpenHands_pose_v1,signer20,dataset_license,train,AUTSL/train_poses/signer20_sample622_color.pkl,processed/autsl20/landmark46-v1/train/signer20_sample622.npz,approved,trainable,true,standard
signer20_sample625,igne,8,95,AUTSL,AUTSL_OpenHands_pose_v1,signer20,dataset_license,train,AUTSL/train_poses/signer20_sample625_color.pkl,processed/autsl20/landmark46-v1/train/signer20_sample625.npz,approved,trainable,true,standard
signer20_sample629,nerede,13,138,AUTSL,AUTSL_OpenHands_pose_v1,signer20,dataset_license,train,AUTSL/train_poses/signer20_sample629_color.pkl,processed/autsl20/landmark46-v1/train/signer20_sample629.npz,approved,trainable,true,standard
signer20_sample631,yarabandi,17,210,AUTSL,AUTSL_OpenHands_pose_v1,signer20,dataset_license,train,AUTSL/train_poses/signer20_sample631_color.pkl,processed/autsl20/landmark46-v1/train/signer20_sample631.npz,approved,trainable,true,standard
signer20_sample652,hasta,4,82,AUTSL,AUTSL_OpenHands_pose_v1,signer20,dataset_license,train,AUTSL/train_poses/signer20_sample652_color.pkl,processed/autsl20/landmark46-v1/train/signer20_sample652.npz,approved,trainable,true,standard
signer20_sample654,eczane,1,58,AUTSL,AUTSL_OpenHands_pose_v1,signer20,dataset_license,train,AUTSL/train_poses/signer20_sample654_color.pkl,processed/autsl20/landmark46-v1/train/signer20_sample654.npz,approved,trainable,true,standard
signer20_sample660,seker,14,172,AUTSL,AUTSL_OpenHands_pose_v1,signer20,dataset_license,train,AUTSL/train_poses/signer20_sample660_color.pkl,processed/autsl20/landmark46-v1/train/signer20_sample660.npz,approved,trainable,true,standard
signer21_sample5,yardim,18,211,AUTSL,AUTSL_OpenHands_pose_v1,signer21,dataset_license,train,AUTSL/train_poses/signer21_sample5_color.pkl,processed/autsl20/landmark46-v1/train/signer21_sample5.npz,approved,trainable,true,red_flag
signer21_sample41,kotu,12,122,AUTSL,AUTSL_OpenHands_pose_v1,signer21,dataset_license,train,AUTSL/train_poses/signer21_sample41_color.pkl,processed/autsl20/landmark46-v1/train/signer21_sample41.npz,approved,trainable,true,standard
signer21_sample42,ilac,9,96,AUTSL,AUTSL_OpenHands_pose_v1,signer21,dataset_license,train,AUTSL/train_poses/signer21_sample42_color.pkl,processed/autsl20/landmark46-v1/train/signer21_sample42.npz,approved,trainable,true,standard
signer21_sample59,icmek,7,94,AUTSL,AUTSL_OpenHands_pose_v1,signer21,dataset_license,train,AUTSL/train_poses/signer21_sample59_color.pkl,processed/autsl20/landmark46-v1/train/signer21_sample59.npz,approved,trainable,true,standard
signer21_sample65,hasta,4,82,AUTSL,AUTSL_OpenHands_pose_v1,signer21,dataset_license,train,AUTSL/train_poses/signer21_sample65_color.pkl,processed/autsl20/landmark46-v1/train/signer21_sample65.npz,approved,trainable,true,standard
signer21_sample66,eczane,1,58,AUTSL,AUTSL_OpenHands_pose_v1,signer21,dataset_license,train,AUTSL/train_poses/signer21_sample66_color.pkl,processed/autsl20/landmark46-v1/train/signer21_sample66.npz,approved,trainable,true,standard
signer21_sample67,ilac,9,96,AUTSL,AUTSL_OpenHands_pose_v1,signer21,dataset_license,train,AUTSL/train_poses/signer21_sample67_color.pkl,processed/autsl20/landmark46-v1/train/signer21_sample67.npz,approved,trainable,true,standard
signer21_sample71,icmek,7,94,AUTSL,AUTSL_OpenHands_pose_v1,signer21,dataset_license,train,AUTSL/train_poses/signer21_sample71_color.pkl,processed/autsl20/landmark46-v1/train/signer21_sample71.npz,approved,trainable,true,standard
signer21_sample84,nerede,13,138,AUTSL,AUTSL_OpenHands_pose_v1,signer21,dataset_license,train,AUTSL/train_poses/signer21_sample84_color.pkl,processed/autsl20/landmark46-v1/train/signer21_sample84.npz,approved,trainable,true,standard
signer21_sample104,kaza,11,108,AUTSL,AUTSL_OpenHands_pose_v1,signer21,dataset_license,train,AUTSL/train_poses/signer21_sample104_color.pkl,processed/autsl20/landmark46-v1/train/signer21_sample104.npz,approved,trainable,true,standard
signer21_sample120,yarabandi,17,210,AUTSL,AUTSL_OpenHands_pose_v1,signer21,dataset_license,train,AUTSL/train_poses/signer21_sample120_color.pkl,processed/autsl20/landmark46-v1/train/signer21_sample120.npz,approved,trainable,true,standard
signer21_sample131,hayir,6,86,AUTSL,AUTSL_OpenHands_pose_v1,signer21,dataset_license,train,AUTSL/train_poses/signer21_sample131_color.pkl,processed/autsl20/landmark46-v1/train/signer21_sample131.npz,approved,trainable,true,standard
signer21_sample157,tehlike,15,192,AUTSL,AUTSL_OpenHands_pose_v1,signer21,dataset_license,train,AUTSL/train_poses/signer21_sample157_color.pkl,processed/autsl20/landmark46-v1/train/signer21_sample157.npz,approved,trainable,true,red_flag
signer21_sample158,kaza,11,108,AUTSL,AUTSL_OpenHands_pose_v1,signer21,dataset_license,train,AUTSL/train_poses/signer21_sample158_color.pkl,processed/autsl20/landmark46-v1/train/signer21_sample158.npz,approved,trainable,true,standard
signer21_sample162,igne,8,95,AUTSL,AUTSL_OpenHands_pose_v1,signer21,dataset_license,train,AUTSL/train_poses/signer21_sample162_color.pkl,processed/autsl20/landmark46-v1/train/signer21_sample162.npz,approved,trainable,true,standard
signer21_sample186,eczane,1,58,AUTSL,AUTSL_OpenHands_pose_v1,signer21,dataset_license,train,AUTSL/train_poses/signer21_sample186_color.pkl,processed/autsl20/landmark46-v1/train/signer21_sample186.npz,approved,trainable,true,standard
signer21_sample188,hasta,4,82,AUTSL,AUTSL_OpenHands_pose_v1,signer21,dataset_license,train,AUTSL/train_poses/signer21_sample188_color.pkl,processed/autsl20/landmark46-v1/train/signer21_sample188.npz,approved,trainable,true,standard
signer21_sample192,nerede,13,138,AUTSL,AUTSL_OpenHands_pose_v1,signer21,dataset_license,train,AUTSL/train_poses/signer21_sample192_color.pkl,processed/autsl20/landmark46-v1/train/signer21_sample192.npz,approved,trainable,true,standard
signer21_sample193,tuvalet,16,200,AUTSL,AUTSL_OpenHands_pose_v1,signer21,dataset_license,train,AUTSL/train_poses/signer21_sample193_color.pkl,processed/autsl20/landmark46-v1/train/signer21_sample193.npz,approved,trainable,true,standard
signer21_sample198,evet,2,65,AUTSL,AUTSL_OpenHands_pose_v1,signer21,dataset_license,train,AUTSL/train_poses/signer21_sample198_color.pkl,processed/autsl20/landmark46-v1/train/signer21_sample198.npz,approved,trainable,true,standard
signer21_sample203,tuvalet,16,200,AUTSL,AUTSL_OpenHands_pose_v1,signer21,dataset_license,train,AUTSL/train_poses/signer21_sample203_color.pkl,processed/autsl20/landmark46-v1/train/signer21_sample203.npz,approved,trainable,true,standard
signer21_sample230,iyi,10,100,AUTSL,AUTSL_OpenHands_pose_v1,signer21,dataset_license,train,AUTSL/train_poses/signer21_sample230_color.pkl,processed/autsl20/landmark46-v1/train/signer21_sample230.npz,approved,trainable,true,standard
signer21_sample233,gostermek,3,77,AUTSL,AUTSL_OpenHands_pose_v1,signer21,dataset_license,train,AUTSL/train_poses/signer21_sample233_color.pkl,processed/autsl20/landmark46-v1/train/signer21_sample233.npz,approved,trainable,true,standard
signer21_sample237,evet,2,65,AUTSL,AUTSL_OpenHands_pose_v1,signer21,dataset_license,train,AUTSL/train_poses/signer21_sample237_color.pkl,processed/autsl20/landmark46-v1/train/signer21_sample237.npz,approved,trainable,true,standard
signer21_sample241,yarabandi,17,210,AUTSL,AUTSL_OpenHands_pose_v1,signer21,dataset_license,train,AUTSL/train_poses/signer21_sample241_color.pkl,processed/autsl20/landmark46-v1/train/signer21_sample241.npz,approved,trainable,true,standard
signer21_sample260,hastane,5,83,AUTSL,AUTSL_OpenHands_pose_v1,signer21,dataset_license,train,AUTSL/train_poses/signer21_sample260_color.pkl,processed/autsl20/landmark46-v1/train/signer21_sample260.npz,approved,trainable,true,standard
signer21_sample303,kaza,11,108,AUTSL,AUTSL_OpenHands_pose_v1,signer21,dataset_license,train,AUTSL/train_poses/signer21_sample303_color.pkl,processed/autsl20/landmark46-v1/train/signer21_sample303.npz,approved,trainable,true,standard
signer21_sample308,tuvalet,16,200,AUTSL,AUTSL_OpenHands_pose_v1,signer21,dataset_license,train,AUTSL/train_poses/signer21_sample308_color.pkl,processed/autsl20/landmark46-v1/train/signer21_sample308.npz,approved,trainable,true,standard
signer21_sample329,igne,8,95,AUTSL,AUTSL_OpenHands_pose_v1,signer21,dataset_license,train,AUTSL/train_poses/signer21_sample329_color.pkl,processed/autsl20/landmark46-v1/train/signer21_sample329.npz,approved,trainable,true,standard
signer21_sample332,yorgun,19,222,AUTSL,AUTSL_OpenHands_pose_v1,signer21,dataset_license,train,AUTSL/train_poses/signer21_sample332_color.pkl,processed/autsl20/landmark46-v1/train/signer21_sample332.npz,approved,trainable,true,standard
signer21_sample344,icmek,7,94,AUTSL,AUTSL_OpenHands_pose_v1,signer21,dataset_license,train,AUTSL/train_poses/signer21_sample344_color.pkl,processed/autsl20/landmark46-v1/train/signer21_sample344.npz,approved,trainable,true,standard
signer21_sample350,yorgun,19,222,AUTSL,AUTSL_OpenHands_pose_v1,signer21,dataset_license,train,AUTSL/train_poses/signer21_sample350_color.pkl,processed/autsl20/landmark46-v1/train/signer21_sample350.npz,approved,trainable,true,standard
signer21_sample360,evet,2,65,AUTSL,AUTSL_OpenHands_pose_v1,signer21,dataset_license,train,AUTSL/train_poses/signer21_sample360_color.pkl,processed/autsl20/landmark46-v1/train/signer21_sample360.npz,approved,trainable,true,standard
signer21_sample365,hasta,4,82,AUTSL,AUTSL_OpenHands_pose_v1,signer21,dataset_license,train,AUTSL/train_poses/signer21_sample365_color.pkl,processed/autsl20/landmark46-v1/train/signer21_sample365.npz,approved,trainable,true,standard
signer21_sample368,iyi,10,100,AUTSL,AUTSL_OpenHands_pose_v1,signer21,dataset_license,train,AUTSL/train_poses/signer21_sample368_color.pkl,processed/autsl20/landmark46-v1/train/signer21_sample368.npz,approved,trainable,true,standard
signer21_sample397,tehlike,15,192,AUTSL,AUTSL_OpenHands_pose_v1,signer21,dataset_license,train,AUTSL/train_poses/signer21_sample397_color.pkl,processed/autsl20/landmark46-v1/train/signer21_sample397.npz,approved,trainable,true,red_flag
signer21_sample402,kotu,12,122,AUTSL,AUTSL_OpenHands_pose_v1,signer21,dataset_license,train,AUTSL/train_poses/signer21_sample402_color.pkl,processed/autsl20/landmark46-v1/train/signer21_sample402.npz,approved,trainable,true,standard
signer21_sample432,yarabandi,17,210,AUTSL,AUTSL_OpenHands_pose_v1,signer21,dataset_license,train,AUTSL/train_poses/signer21_sample432_color.pkl,processed/autsl20/landmark46-v1/train/signer21_sample432.npz,approved,trainable,true,standard
signer21_sample444,doktor,0,52,AUTSL,AUTSL_OpenHands_pose_v1,signer21,dataset_license,train,AUTSL/train_poses/signer21_sample444_color.pkl,processed/autsl20/landmark46-v1/train/signer21_sample444.npz,approved,trainable,true,standard
signer21_sample452,eczane,1,58,AUTSL,AUTSL_OpenHands_pose_v1,signer21,dataset_license,train,AUTSL/train_poses/signer21_sample452_color.pkl,processed/autsl20/landmark46-v1/train/signer21_sample452.npz,approved,trainable,true,standard
signer21_sample458,igne,8,95,AUTSL,AUTSL_OpenHands_pose_v1,signer21,dataset_license,train,AUTSL/train_poses/signer21_sample458_color.pkl,processed/autsl20/landmark46-v1/train/signer21_sample458.npz,approved,trainable,true,standard
signer21_sample470,yorgun,19,222,AUTSL,AUTSL_OpenHands_pose_v1,signer21,dataset_license,train,AUTSL/train_poses/signer21_sample470_color.pkl,processed/autsl20/landmark46-v1/train/signer21_sample470.npz,approved,trainable,true,standard
signer21_sample475,hayir,6,86,AUTSL,AUTSL_OpenHands_pose_v1,signer21,dataset_license,train,AUTSL/train_poses/signer21_sample475_color.pkl,processed/autsl20/landmark46-v1/train/signer21_sample475.npz,approved,trainable,true,standard
signer21_sample502,yardim,18,211,AUTSL,AUTSL_OpenHands_pose_v1,signer21,dataset_license,train,AUTSL/train_poses/signer21_sample502_color.pkl,processed/autsl20/landmark46-v1/train/signer21_sample502.npz,approved,trainable,true,red_flag
signer21_sample515,doktor,0,52,AUTSL,AUTSL_OpenHands_pose_v1,signer21,dataset_license,train,AUTSL/train_poses/signer21_sample515_color.pkl,processed/autsl20/landmark46-v1/train/signer21_sample515.npz,approved,trainable,true,standard
signer21_sample526,hastane,5,83,AUTSL,AUTSL_OpenHands_pose_v1,signer21,dataset_license,train,AUTSL/train_poses/signer21_sample526_color.pkl,processed/autsl20/landmark46-v1/train/signer21_sample526.npz,approved,trainable,true,standard
signer21_sample528,tehlike,15,192,AUTSL,AUTSL_OpenHands_pose_v1,signer21,dataset_license,train,AUTSL/train_poses/signer21_sample528_color.pkl,processed/autsl20/landmark46-v1/train/signer21_sample528.npz,approved,trainable,true,red_flag
signer21_sample530,hastane,5,83,AUTSL,AUTSL_OpenHands_pose_v1,signer21,dataset_license,train,AUTSL/train_poses/signer21_sample530_color.pkl,processed/autsl20/landmark46-v1/train/signer21_sample530.npz,approved,trainable,true,standard
signer21_sample555,nerede,13,138,AUTSL,AUTSL_OpenHands_pose_v1,signer21,dataset_license,train,AUTSL/train_poses/signer21_sample555_color.pkl,processed/autsl20/landmark46-v1/train/signer21_sample555.npz,approved,trainable,true,standard
signer21_sample590,iyi,10,100,AUTSL,AUTSL_OpenHands_pose_v1,signer21,dataset_license,train,AUTSL/train_poses/signer21_sample590_color.pkl,processed/autsl20/landmark46-v1/train/signer21_sample590.npz,approved,trainable,true,standard
signer21_sample605,ilac,9,96,AUTSL,AUTSL_OpenHands_pose_v1,signer21,dataset_license,train,AUTSL/train_poses/signer21_sample605_color.pkl,processed/autsl20/landmark46-v1/train/signer21_sample605.npz,approved,trainable,true,standard
signer21_sample606,gostermek,3,77,AUTSL,AUTSL_OpenHands_pose_v1,signer21,dataset_license,train,AUTSL/train_poses/signer21_sample606_color.pkl,processed/autsl20/landmark46-v1/train/signer21_sample606.npz,approved,trainable,true,standard
signer21_sample626,yardim,18,211,AUTSL,AUTSL_OpenHands_pose_v1,signer21,dataset_license,train,AUTSL/train_poses/signer21_sample626_color.pkl,processed/autsl20/landmark46-v1/train/signer21_sample626.npz,approved,trainable,true,red_flag
signer22_sample24,icmek,7,94,AUTSL,AUTSL_OpenHands_pose_v1,signer22,dataset_license,train,AUTSL/train_poses/signer22_sample24_color.pkl,processed/autsl20/landmark46-v1/train/signer22_sample24.npz,approved,trainable,true,standard
signer22_sample31,kaza,11,108,AUTSL,AUTSL_OpenHands_pose_v1,signer22,dataset_license,train,AUTSL/train_poses/signer22_sample31_color.pkl,processed/autsl20/landmark46-v1/train/signer22_sample31.npz,approved,trainable,true,standard
signer22_sample41,evet,2,65,AUTSL,AUTSL_OpenHands_pose_v1,signer22,dataset_license,train,AUTSL/train_poses/signer22_sample41_color.pkl,processed/autsl20/landmark46-v1/train/signer22_sample41.npz,approved,trainable,true,standard
signer22_sample44,tuvalet,16,200,AUTSL,AUTSL_OpenHands_pose_v1,signer22,dataset_license,train,AUTSL/train_poses/signer22_sample44_color.pkl,processed/autsl20/landmark46-v1/train/signer22_sample44.npz,approved,trainable,true,standard
signer22_sample61,gostermek,3,77,AUTSL,AUTSL_OpenHands_pose_v1,signer22,dataset_license,train,AUTSL/train_poses/signer22_sample61_color.pkl,processed/autsl20/landmark46-v1/train/signer22_sample61.npz,approved,trainable,true,standard
signer22_sample65,hasta,4,82,AUTSL,AUTSL_OpenHands_pose_v1,signer22,dataset_license,train,AUTSL/train_poses/signer22_sample65_color.pkl,processed/autsl20/landmark46-v1/train/signer22_sample65.npz,approved,trainable,true,standard
signer22_sample67,ilac,9,96,AUTSL,AUTSL_OpenHands_pose_v1,signer22,dataset_license,train,AUTSL/train_poses/signer22_sample67_color.pkl,processed/autsl20/landmark46-v1/train/signer22_sample67.npz,approved,trainable,true,standard
signer22_sample73,tuvalet,16,200,AUTSL,AUTSL_OpenHands_pose_v1,signer22,dataset_license,train,AUTSL/train_poses/signer22_sample73_color.pkl,processed/autsl20/landmark46-v1/train/signer22_sample73.npz,approved,trainable,true,standard
signer22_sample74,yorgun,19,222,AUTSL,AUTSL_OpenHands_pose_v1,signer22,dataset_license,train,AUTSL/train_poses/signer22_sample74_color.pkl,processed/autsl20/landmark46-v1/train/signer22_sample74.npz,approved,trainable,true,standard
signer22_sample78,nerede,13,138,AUTSL,AUTSL_OpenHands_pose_v1,signer22,dataset_license,train,AUTSL/train_poses/signer22_sample78_color.pkl,processed/autsl20/landmark46-v1/train/signer22_sample78.npz,approved,trainable,true,standard
signer22_sample96,seker,14,172,AUTSL,AUTSL_OpenHands_pose_v1,signer22,dataset_license,train,AUTSL/train_poses/signer22_sample96_color.pkl,processed/autsl20/landmark46-v1/train/signer22_sample96.npz,approved,trainable,true,standard
signer22_sample109,evet,2,65,AUTSL,AUTSL_OpenHands_pose_v1,signer22,dataset_license,train,AUTSL/train_poses/signer22_sample109_color.pkl,processed/autsl20/landmark46-v1/train/signer22_sample109.npz,approved,trainable,true,standard
signer22_sample110,eczane,1,58,AUTSL,AUTSL_OpenHands_pose_v1,signer22,dataset_license,train,AUTSL/train_poses/signer22_sample110_color.pkl,processed/autsl20/landmark46-v1/train/signer22_sample110.npz,approved,trainable,true,standard
signer22_sample118,kotu,12,122,AUTSL,AUTSL_OpenHands_pose_v1,signer22,dataset_license,train,AUTSL/train_poses/signer22_sample118_color.pkl,processed/autsl20/landmark46-v1/train/signer22_sample118.npz,approved,trainable,true,standard
signer22_sample146,hayir,6,86,AUTSL,AUTSL_OpenHands_pose_v1,signer22,dataset_license,train,AUTSL/train_poses/signer22_sample146_color.pkl,processed/autsl20/landmark46-v1/train/signer22_sample146.npz,approved,trainable,true,standard
signer22_sample169,evet,2,65,AUTSL,AUTSL_OpenHands_pose_v1,signer22,dataset_license,train,AUTSL/train_poses/signer22_sample169_color.pkl,processed/autsl20/landmark46-v1/train/signer22_sample169.npz,approved,trainable,true,standard
signer22_sample218,kotu,12,122,AUTSL,AUTSL_OpenHands_pose_v1,signer22,dataset_license,train,AUTSL/train_poses/signer22_sample218_color.pkl,processed/autsl20/landmark46-v1/train/signer22_sample218.npz,approved,trainable,true,standard
signer22_sample233,seker,14,172,AUTSL,AUTSL_OpenHands_pose_v1,signer22,dataset_license,train,AUTSL/train_poses/signer22_sample233_color.pkl,processed/autsl20/landmark46-v1/train/signer22_sample233.npz,approved,trainable,true,standard
signer22_sample243,igne,8,95,AUTSL,AUTSL_OpenHands_pose_v1,signer22,dataset_license,train,AUTSL/train_poses/signer22_sample243_color.pkl,processed/autsl20/landmark46-v1/train/signer22_sample243.npz,approved,trainable,true,standard
signer22_sample252,ilac,9,96,AUTSL,AUTSL_OpenHands_pose_v1,signer22,dataset_license,train,AUTSL/train_poses/signer22_sample252_color.pkl,processed/autsl20/landmark46-v1/train/signer22_sample252.npz,approved,trainable,true,standard
signer22_sample257,kaza,11,108,AUTSL,AUTSL_OpenHands_pose_v1,signer22,dataset_license,train,AUTSL/train_poses/signer22_sample257_color.pkl,processed/autsl20/landmark46-v1/train/signer22_sample257.npz,approved,trainable,true,standard
signer22_sample258,yorgun,19,222,AUTSL,AUTSL_OpenHands_pose_v1,signer22,dataset_license,train,AUTSL/train_poses/signer22_sample258_color.pkl,processed/autsl20/landmark46-v1/train/signer22_sample258.npz,approved,trainable,true,standard
signer22_sample276,icmek,7,94,AUTSL,AUTSL_OpenHands_pose_v1,signer22,dataset_license,train,AUTSL/train_poses/signer22_sample276_color.pkl,processed/autsl20/landmark46-v1/train/signer22_sample276.npz,approved,trainable,true,standard
signer22_sample286,hastane,5,83,AUTSL,AUTSL_OpenHands_pose_v1,signer22,dataset_license,train,AUTSL/train_poses/signer22_sample286_color.pkl,processed/autsl20/landmark46-v1/train/signer22_sample286.npz,approved,trainable,true,standard
signer22_sample304,hayir,6,86,AUTSL,AUTSL_OpenHands_pose_v1,signer22,dataset_license,train,AUTSL/train_poses/signer22_sample304_color.pkl,processed/autsl20/landmark46-v1/train/signer22_sample304.npz,approved,trainable,true,standard
signer22_sample308,iyi,10,100,AUTSL,AUTSL_OpenHands_pose_v1,signer22,dataset_license,train,AUTSL/train_poses/signer22_sample308_color.pkl,processed/autsl20/landmark46-v1/train/signer22_sample308.npz,approved,trainable,true,standard
signer22_sample315,hayir,6,86,AUTSL,AUTSL_OpenHands_pose_v1,signer22,dataset_license,train,AUTSL/train_poses/signer22_sample315_color.pkl,processed/autsl20/landmark46-v1/train/signer22_sample315.npz,approved,trainable,true,standard
signer22_sample317,tehlike,15,192,AUTSL,AUTSL_OpenHands_pose_v1,signer22,dataset_license,train,AUTSL/train_poses/signer22_sample317_color.pkl,processed/autsl20/landmark46-v1/train/signer22_sample317.npz,approved,trainable,true,red_flag
signer22_sample322,icmek,7,94,AUTSL,AUTSL_OpenHands_pose_v1,signer22,dataset_license,train,AUTSL/train_poses/signer22_sample322_color.pkl,processed/autsl20/landmark46-v1/train/signer22_sample322.npz,approved,trainable,true,standard
signer22_sample391,iyi,10,100,AUTSL,AUTSL_OpenHands_pose_v1,signer22,dataset_license,train,AUTSL/train_poses/signer22_sample391_color.pkl,processed/autsl20/landmark46-v1/train/signer22_sample391.npz,approved,trainable,true,standard
signer22_sample402,tuvalet,16,200,AUTSL,AUTSL_OpenHands_pose_v1,signer22,dataset_license,train,AUTSL/train_poses/signer22_sample402_color.pkl,processed/autsl20/landmark46-v1/train/signer22_sample402.npz,approved,trainable,true,standard
signer22_sample404,tehlike,15,192,AUTSL,AUTSL_OpenHands_pose_v1,signer22,dataset_license,train,AUTSL/train_poses/signer22_sample404_color.pkl,processed/autsl20/landmark46-v1/train/signer22_sample404.npz,approved,trainable,true,red_flag
signer22_sample408,hasta,4,82,AUTSL,AUTSL_OpenHands_pose_v1,signer22,dataset_license,train,AUTSL/train_poses/signer22_sample408_color.pkl,processed/autsl20/landmark46-v1/train/signer22_sample408.npz,approved,trainable,true,standard
signer22_sample413,yardim,18,211,AUTSL,AUTSL_OpenHands_pose_v1,signer22,dataset_license,train,AUTSL/train_poses/signer22_sample413_color.pkl,processed/autsl20/landmark46-v1/train/signer22_sample413.npz,approved,trainable,true,red_flag
signer22_sample414,tehlike,15,192,AUTSL,AUTSL_OpenHands_pose_v1,signer22,dataset_license,train,AUTSL/train_poses/signer22_sample414_color.pkl,processed/autsl20/landmark46-v1/train/signer22_sample414.npz,approved,trainable,true,red_flag
signer22_sample436,kotu,12,122,AUTSL,AUTSL_OpenHands_pose_v1,signer22,dataset_license,train,AUTSL/train_poses/signer22_sample436_color.pkl,processed/autsl20/landmark46-v1/train/signer22_sample436.npz,approved,trainable,true,standard
signer22_sample448,yardim,18,211,AUTSL,AUTSL_OpenHands_pose_v1,signer22,dataset_license,train,AUTSL/train_poses/signer22_sample448_color.pkl,processed/autsl20/landmark46-v1/train/signer22_sample448.npz,approved,trainable,true,red_flag
signer22_sample463,yardim,18,211,AUTSL,AUTSL_OpenHands_pose_v1,signer22,dataset_license,train,AUTSL/train_poses/signer22_sample463_color.pkl,processed/autsl20/landmark46-v1/train/signer22_sample463.npz,approved,trainable,true,red_flag
signer22_sample464,gostermek,3,77,AUTSL,AUTSL_OpenHands_pose_v1,signer22,dataset_license,train,AUTSL/train_poses/signer22_sample464_color.pkl,processed/autsl20/landmark46-v1/train/signer22_sample464.npz,approved,trainable,true,standard
signer22_sample465,yarabandi,17,210,AUTSL,AUTSL_OpenHands_pose_v1,signer22,dataset_license,train,AUTSL/train_poses/signer22_sample465_color.pkl,processed/autsl20/landmark46-v1/train/signer22_sample465.npz,approved,trainable,true,standard
signer22_sample489,nerede,13,138,AUTSL,AUTSL_OpenHands_pose_v1,signer22,dataset_license,train,AUTSL/train_poses/signer22_sample489_color.pkl,processed/autsl20/landmark46-v1/train/signer22_sample489.npz,approved,trainable,true,standard
signer22_sample514,eczane,1,58,AUTSL,AUTSL_OpenHands_pose_v1,signer22,dataset_license,train,AUTSL/train_poses/signer22_sample514_color.pkl,processed/autsl20/landmark46-v1/train/signer22_sample514.npz,approved,trainable,true,standard
signer22_sample519,nerede,13,138,AUTSL,AUTSL_OpenHands_pose_v1,signer22,dataset_license,train,AUTSL/train_poses/signer22_sample519_color.pkl,processed/autsl20/landmark46-v1/train/signer22_sample519.npz,approved,trainable,true,standard
signer22_sample543,yarabandi,17,210,AUTSL,AUTSL_OpenHands_pose_v1,signer22,dataset_license,train,AUTSL/train_poses/signer22_sample543_color.pkl,processed/autsl20/landmark46-v1/train/signer22_sample543.npz,approved,trainable,true,standard
signer22_sample552,igne,8,95,AUTSL,AUTSL_OpenHands_pose_v1,signer22,dataset_license,train,AUTSL/train_poses/signer22_sample552_color.pkl,processed/autsl20/landmark46-v1/train/signer22_sample552.npz,approved,trainable,true,standard
signer22_sample557,yorgun,19,222,AUTSL,AUTSL_OpenHands_pose_v1,signer22,dataset_license,train,AUTSL/train_poses/signer22_sample557_color.pkl,processed/autsl20/landmark46-v1/train/signer22_sample557.npz,approved,trainable,true,standard
signer22_sample582,seker,14,172,AUTSL,AUTSL_OpenHands_pose_v1,signer22,dataset_license,train,AUTSL/train_poses/signer22_sample582_color.pkl,processed/autsl20/landmark46-v1/train/signer22_sample582.npz,approved,trainable,true,standard
signer22_sample584,hasta,4,82,AUTSL,AUTSL_OpenHands_pose_v1,signer22,dataset_license,train,AUTSL/train_poses/signer22_sample584_color.pkl,processed/autsl20/landmark46-v1/train/signer22_sample584.npz,approved,trainable,true,standard
signer22_sample591,hastane,5,83,AUTSL,AUTSL_OpenHands_pose_v1,signer22,dataset_license,train,AUTSL/train_poses/signer22_sample591_color.pkl,processed/autsl20/landmark46-v1/train/signer22_sample591.npz,approved,trainable,true,standard
signer22_sample593,iyi,10,100,AUTSL,AUTSL_OpenHands_pose_v1,signer22,dataset_license,train,AUTSL/train_poses/signer22_sample593_color.pkl,processed/autsl20/landmark46-v1/train/signer22_sample593.npz,approved,trainable,true,standard
signer22_sample611,ilac,9,96,AUTSL,AUTSL_OpenHands_pose_v1,signer22,dataset_license,train,AUTSL/train_poses/signer22_sample611_color.pkl,processed/autsl20/landmark46-v1/train/signer22_sample611.npz,approved,trainable,true,standard
signer22_sample625,yarabandi,17,210,AUTSL,AUTSL_OpenHands_pose_v1,signer22,dataset_license,train,AUTSL/train_poses/signer22_sample625_color.pkl,processed/autsl20/landmark46-v1/train/signer22_sample625.npz,approved,trainable,true,standard
signer23_sample14,kotu,12,122,AUTSL,AUTSL_OpenHands_pose_v1,signer23,dataset_license,train,AUTSL/train_poses/signer23_sample14_color.pkl,processed/autsl20/landmark46-v1/train/signer23_sample14.npz,approved,trainable,true,standard
signer23_sample32,seker,14,172,AUTSL,AUTSL_OpenHands_pose_v1,signer23,dataset_license,train,AUTSL/train_poses/signer23_sample32_color.pkl,processed/autsl20/landmark46-v1/train/signer23_sample32.npz,approved,trainable,true,standard
signer23_sample36,gostermek,3,77,AUTSL,AUTSL_OpenHands_pose_v1,signer23,dataset_license,train,AUTSL/train_poses/signer23_sample36_color.pkl,processed/autsl20/landmark46-v1/train/signer23_sample36.npz,approved,trainable,true,standard
signer23_sample76,yarabandi,17,210,AUTSL,AUTSL_OpenHands_pose_v1,signer23,dataset_license,train,AUTSL/train_poses/signer23_sample76_color.pkl,processed/autsl20/landmark46-v1/train/signer23_sample76.npz,approved,trainable,true,standard
signer23_sample82,hasta,4,82,AUTSL,AUTSL_OpenHands_pose_v1,signer23,dataset_license,train,AUTSL/train_poses/signer23_sample82_color.pkl,processed/autsl20/landmark46-v1/train/signer23_sample82.npz,approved,trainable,true,standard
signer23_sample94,seker,14,172,AUTSL,AUTSL_OpenHands_pose_v1,signer23,dataset_license,train,AUTSL/train_poses/signer23_sample94_color.pkl,processed/autsl20/landmark46-v1/train/signer23_sample94.npz,approved,trainable,true,standard
signer23_sample96,hayir,6,86,AUTSL,AUTSL_OpenHands_pose_v1,signer23,dataset_license,train,AUTSL/train_poses/signer23_sample96_color.pkl,processed/autsl20/landmark46-v1/train/signer23_sample96.npz,approved,trainable,true,standard
signer23_sample98,ilac,9,96,AUTSL,AUTSL_OpenHands_pose_v1,signer23,dataset_license,train,AUTSL/train_poses/signer23_sample98_color.pkl,processed/autsl20/landmark46-v1/train/signer23_sample98.npz,approved,trainable,true,standard
signer23_sample103,hayir,6,86,AUTSL,AUTSL_OpenHands_pose_v1,signer23,dataset_license,train,AUTSL/train_poses/signer23_sample103_color.pkl,processed/autsl20/landmark46-v1/train/signer23_sample103.npz,approved,trainable,true,standard
signer23_sample109,tehlike,15,192,AUTSL,AUTSL_OpenHands_pose_v1,signer23,dataset_license,train,AUTSL/train_poses/signer23_sample109_color.pkl,processed/autsl20/landmark46-v1/train/signer23_sample109.npz,approved,trainable,true,red_flag
signer23_sample112,evet,2,65,AUTSL,AUTSL_OpenHands_pose_v1,signer23,dataset_license,train,AUTSL/train_poses/signer23_sample112_color.pkl,processed/autsl20/landmark46-v1/train/signer23_sample112.npz,approved,trainable,true,standard
signer23_sample148,yardim,18,211,AUTSL,AUTSL_OpenHands_pose_v1,signer23,dataset_license,train,AUTSL/train_poses/signer23_sample148_color.pkl,processed/autsl20/landmark46-v1/train/signer23_sample148.npz,approved,trainable,true,red_flag
signer23_sample149,eczane,1,58,AUTSL,AUTSL_OpenHands_pose_v1,signer23,dataset_license,train,AUTSL/train_poses/signer23_sample149_color.pkl,processed/autsl20/landmark46-v1/train/signer23_sample149.npz,approved,trainable,true,standard
signer23_sample155,hasta,4,82,AUTSL,AUTSL_OpenHands_pose_v1,signer23,dataset_license,train,AUTSL/train_poses/signer23_sample155_color.pkl,processed/autsl20/landmark46-v1/train/signer23_sample155.npz,approved,trainable,true,standard
signer23_sample199,evet,2,65,AUTSL,AUTSL_OpenHands_pose_v1,signer23,dataset_license,train,AUTSL/train_poses/signer23_sample199_color.pkl,processed/autsl20/landmark46-v1/train/signer23_sample199.npz,approved,trainable,true,standard
signer23_sample209,eczane,1,58,AUTSL,AUTSL_OpenHands_pose_v1,signer23,dataset_license,train,AUTSL/train_poses/signer23_sample209_color.pkl,processed/autsl20/landmark46-v1/train/signer23_sample209.npz,approved,trainable,true,standard
signer23_sample214,tuvalet,16,200,AUTSL,AUTSL_OpenHands_pose_v1,signer23,dataset_license,train,AUTSL/train_poses/signer23_sample214_color.pkl,processed/autsl20/landmark46-v1/train/signer23_sample214.npz,approved,trainable,true,standard
signer23_sample223,icmek,7,94,AUTSL,AUTSL_OpenHands_pose_v1,signer23,dataset_license,train,AUTSL/train_poses/signer23_sample223_color.pkl,processed/autsl20/landmark46-v1/train/signer23_sample223.npz,approved,trainable,true,standard
signer23_sample240,iyi,10,100,AUTSL,AUTSL_OpenHands_pose_v1,signer23,dataset_license,train,AUTSL/train_poses/signer23_sample240_color.pkl,processed/autsl20/landmark46-v1/train/signer23_sample240.npz,approved,trainable,true,standard
signer23_sample248,doktor,0,52,AUTSL,AUTSL_OpenHands_pose_v1,signer23,dataset_license,train,AUTSL/train_poses/signer23_sample248_color.pkl,processed/autsl20/landmark46-v1/train/signer23_sample248.npz,approved,trainable,true,standard
signer23_sample250,hastane,5,83,AUTSL,AUTSL_OpenHands_pose_v1,signer23,dataset_license,train,AUTSL/train_poses/signer23_sample250_color.pkl,processed/autsl20/landmark46-v1/train/signer23_sample250.npz,approved,trainable,true,standard
signer23_sample257,doktor,0,52,AUTSL,AUTSL_OpenHands_pose_v1,signer23,dataset_license,train,AUTSL/train_poses/signer23_sample257_color.pkl,processed/autsl20/landmark46-v1/train/signer23_sample257.npz,approved,trainable,true,standard
signer23_sample268,hayir,6,86,AUTSL,AUTSL_OpenHands_pose_v1,signer23,dataset_license,train,AUTSL/train_poses/signer23_sample268_color.pkl,processed/autsl20/landmark46-v1/train/signer23_sample268.npz,approved,trainable,true,standard
signer23_sample300,nerede,13,138,AUTSL,AUTSL_OpenHands_pose_v1,signer23,dataset_license,train,AUTSL/train_poses/signer23_sample300_color.pkl,processed/autsl20/landmark46-v1/train/signer23_sample300.npz,approved,trainable,true,standard
signer23_sample302,icmek,7,94,AUTSL,AUTSL_OpenHands_pose_v1,signer23,dataset_license,train,AUTSL/train_poses/signer23_sample302_color.pkl,processed/autsl20/landmark46-v1/train/signer23_sample302.npz,approved,trainable,true,standard
signer23_sample316,kotu,12,122,AUTSL,AUTSL_OpenHands_pose_v1,signer23,dataset_license,train,AUTSL/train_poses/signer23_sample316_color.pkl,processed/autsl20/landmark46-v1/train/signer23_sample316.npz,approved,trainable,true,standard
signer23_sample325,tuvalet,16,200,AUTSL,AUTSL_OpenHands_pose_v1,signer23,dataset_license,train,AUTSL/train_poses/signer23_sample325_color.pkl,processed/autsl20/landmark46-v1/train/signer23_sample325.npz,approved,trainable,true,standard
signer23_sample328,evet,2,65,AUTSL,AUTSL_OpenHands_pose_v1,signer23,dataset_license,train,AUTSL/train_poses/signer23_sample328_color.pkl,processed/autsl20/landmark46-v1/train/signer23_sample328.npz,approved,trainable,true,standard
signer23_sample353,eczane,1,58,AUTSL,AUTSL_OpenHands_pose_v1,signer23,dataset_license,train,AUTSL/train_poses/signer23_sample353_color.pkl,processed/autsl20/landmark46-v1/train/signer23_sample353.npz,approved,trainable,true,standard
signer23_sample365,hasta,4,82,AUTSL,AUTSL_OpenHands_pose_v1,signer23,dataset_license,train,AUTSL/train_poses/signer23_sample365_color.pkl,processed/autsl20/landmark46-v1/train/signer23_sample365.npz,approved,trainable,true,standard
signer23_sample372,kotu,12,122,AUTSL,AUTSL_OpenHands_pose_v1,signer23,dataset_license,train,AUTSL/train_poses/signer23_sample372_color.pkl,processed/autsl20/landmark46-v1/train/signer23_sample372.npz,approved,trainable,true,standard
signer23_sample374,tehlike,15,192,AUTSL,AUTSL_OpenHands_pose_v1,signer23,dataset_license,train,AUTSL/train_poses/signer23_sample374_color.pkl,processed/autsl20/landmark46-v1/train/signer23_sample374.npz,approved,trainable,true,red_flag
signer23_sample387,tehlike,15,192,AUTSL,AUTSL_OpenHands_pose_v1,signer23,dataset_license,train,AUTSL/train_poses/signer23_sample387_color.pkl,processed/autsl20/landmark46-v1/train/signer23_sample387.npz,approved,trainable,true,red_flag
signer23_sample388,yorgun,19,222,AUTSL,AUTSL_OpenHands_pose_v1,signer23,dataset_license,train,AUTSL/train_poses/signer23_sample388_color.pkl,processed/autsl20/landmark46-v1/train/signer23_sample388.npz,approved,trainable,true,standard
signer23_sample397,ilac,9,96,AUTSL,AUTSL_OpenHands_pose_v1,signer23,dataset_license,train,AUTSL/train_poses/signer23_sample397_color.pkl,processed/autsl20/landmark46-v1/train/signer23_sample397.npz,approved,trainable,true,standard
signer23_sample402,ilac,9,96,AUTSL,AUTSL_OpenHands_pose_v1,signer23,dataset_license,train,AUTSL/train_poses/signer23_sample402_color.pkl,processed/autsl20/landmark46-v1/train/signer23_sample402.npz,approved,trainable,true,standard
signer23_sample426,kaza,11,108,AUTSL,AUTSL_OpenHands_pose_v1,signer23,dataset_license,train,AUTSL/train_poses/signer23_sample426_color.pkl,processed/autsl20/landmark46-v1/train/signer23_sample426.npz,approved,trainable,true,standard
signer23_sample471,gostermek,3,77,AUTSL,AUTSL_OpenHands_pose_v1,signer23,dataset_license,train,AUTSL/train_poses/signer23_sample471_color.pkl,processed/autsl20/landmark46-v1/train/signer23_sample471.npz,approved,trainable,true,standard
signer23_sample472,yardim,18,211,AUTSL,AUTSL_OpenHands_pose_v1,signer23,dataset_license,train,AUTSL/train_poses/signer23_sample472_color.pkl,processed/autsl20/landmark46-v1/train/signer23_sample472.npz,approved,trainable,true,red_flag
signer23_sample477,doktor,0,52,AUTSL,AUTSL_OpenHands_pose_v1,signer23,dataset_license,train,AUTSL/train_poses/signer23_sample477_color.pkl,processed/autsl20/landmark46-v1/train/signer23_sample477.npz,approved,trainable,true,standard
signer23_sample482,igne,8,95,AUTSL,AUTSL_OpenHands_pose_v1,signer23,dataset_license,train,AUTSL/train_poses/signer23_sample482_color.pkl,processed/autsl20/landmark46-v1/train/signer23_sample482.npz,approved,trainable,true,standard
signer23_sample486,hastane,5,83,AUTSL,AUTSL_OpenHands_pose_v1,signer23,dataset_license,train,AUTSL/train_poses/signer23_sample486_color.pkl,processed/autsl20/landmark46-v1/train/signer23_sample486.npz,approved,trainable,true,standard
signer23_sample501,icmek,7,94,AUTSL,AUTSL_OpenHands_pose_v1,signer23,dataset_license,train,AUTSL/train_poses/signer23_sample501_color.pkl,processed/autsl20/landmark46-v1/train/signer23_sample501.npz,approved,trainable,true,standard
signer23_sample532,yorgun,19,222,AUTSL,AUTSL_OpenHands_pose_v1,signer23,dataset_license,train,AUTSL/train_poses/signer23_sample532_color.pkl,processed/autsl20/landmark46-v1/train/signer23_sample532.npz,approved,trainable,true,standard
signer23_sample554,kaza,11,108,AUTSL,AUTSL_OpenHands_pose_v1,signer23,dataset_license,train,AUTSL/train_poses/signer23_sample554_color.pkl,processed/autsl20/landmark46-v1/train/signer23_sample554.npz,approved,trainable,true,standard
signer23_sample559,nerede,13,138,AUTSL,AUTSL_OpenHands_pose_v1,signer23,dataset_license,train,AUTSL/train_poses/signer23_sample559_color.pkl,processed/autsl20/landmark46-v1/train/signer23_sample559.npz,approved,trainable,true,standard
signer23_sample565,iyi,10,100,AUTSL,AUTSL_OpenHands_pose_v1,signer23,dataset_license,train,AUTSL/train_poses/signer23_sample565_color.pkl,processed/autsl20/landmark46-v1/train/signer23_sample565.npz,approved,trainable,true,standard
signer23_sample570,yarabandi,17,210,AUTSL,AUTSL_OpenHands_pose_v1,signer23,dataset_license,train,AUTSL/train_poses/signer23_sample570_color.pkl,processed/autsl20/landmark46-v1/train/signer23_sample570.npz,approved,trainable,true,standard
signer23_sample572,igne,8,95,AUTSL,AUTSL_OpenHands_pose_v1,signer23,dataset_license,train,AUTSL/train_poses/signer23_sample572_color.pkl,processed/autsl20/landmark46-v1/train/signer23_sample572.npz,approved,trainable,true,standard
signer23_sample576,yardim,18,211,AUTSL,AUTSL_OpenHands_pose_v1,signer23,dataset_license,train,AUTSL/train_poses/signer23_sample576_color.pkl,processed/autsl20/landmark46-v1/train/signer23_sample576.npz,approved,trainable,true,red_flag
signer23_sample578,nerede,13,138,AUTSL,AUTSL_OpenHands_pose_v1,signer23,dataset_license,train,AUTSL/train_poses/signer23_sample578_color.pkl,processed/autsl20/landmark46-v1/train/signer23_sample578.npz,approved,trainable,true,standard
signer23_sample594,iyi,10,100,AUTSL,AUTSL_OpenHands_pose_v1,signer23,dataset_license,train,AUTSL/train_poses/signer23_sample594_color.pkl,processed/autsl20/landmark46-v1/train/signer23_sample594.npz,approved,trainable,true,standard
signer23_sample603,igne,8,95,AUTSL,AUTSL_OpenHands_pose_v1,signer23,dataset_license,train,AUTSL/train_poses/signer23_sample603_color.pkl,processed/autsl20/landmark46-v1/train/signer23_sample603.npz,approved,trainable,true,standard
signer23_sample622,seker,14,172,AUTSL,AUTSL_OpenHands_pose_v1,signer23,dataset_license,train,AUTSL/train_poses/signer23_sample622_color.pkl,processed/autsl20/landmark46-v1/train/signer23_sample622.npz,approved,trainable,true,standard
signer23_sample624,kaza,11,108,AUTSL,AUTSL_OpenHands_pose_v1,signer23,dataset_license,train,AUTSL/train_poses/signer23_sample624_color.pkl,processed/autsl20/landmark46-v1/train/signer23_sample624.npz,approved,trainable,true,standard
signer23_sample634,tuvalet,16,200,AUTSL,AUTSL_OpenHands_pose_v1,signer23,dataset_license,train,AUTSL/train_poses/signer23_sample634_color.pkl,processed/autsl20/landmark46-v1/train/signer23_sample634.npz,approved,trainable,true,standard
signer23_sample636,gostermek,3,77,AUTSL,AUTSL_OpenHands_pose_v1,signer23,dataset_license,train,AUTSL/train_poses/signer23_sample636_color.pkl,processed/autsl20/landmark46-v1/train/signer23_sample636.npz,approved,trainable,true,standard
signer23_sample649,hastane,5,83,AUTSL,AUTSL_OpenHands_pose_v1,signer23,dataset_license,train,AUTSL/train_poses/signer23_sample649_color.pkl,processed/autsl20/landmark46-v1/train/signer23_sample649.npz,approved,trainable,true,standard
signer23_sample671,yorgun,19,222,AUTSL,AUTSL_OpenHands_pose_v1,signer23,dataset_license,train,AUTSL/train_poses/signer23_sample671_color.pkl,processed/autsl20/landmark46-v1/train/signer23_sample671.npz,approved,trainable,true,standard
signer23_sample678,yarabandi,17,210,AUTSL,AUTSL_OpenHands_pose_v1,signer23,dataset_license,train,AUTSL/train_poses/signer23_sample678_color.pkl,processed/autsl20/landmark46-v1/train/signer23_sample678.npz,approved,trainable,true,standard
signer24_sample18,yarabandi,17,210,AUTSL,AUTSL_OpenHands_pose_v1,signer24,dataset_license,train,AUTSL/train_poses/signer24_sample18_color.pkl,processed/autsl20/landmark46-v1/train/signer24_sample18.npz,approved,trainable,true,standard
signer24_sample38,hayir,6,86,AUTSL,AUTSL_OpenHands_pose_v1,signer24,dataset_license,train,AUTSL/train_poses/signer24_sample38_color.pkl,processed/autsl20/landmark46-v1/train/signer24_sample38.npz,approved,trainable,true,standard
signer24_sample40,igne,8,95,AUTSL,AUTSL_OpenHands_pose_v1,signer24,dataset_license,train,AUTSL/train_poses/signer24_sample40_color.pkl,processed/autsl20/landmark46-v1/train/signer24_sample40.npz,approved,trainable,true,standard
signer24_sample55,seker,14,172,AUTSL,AUTSL_OpenHands_pose_v1,signer24,dataset_license,train,AUTSL/train_poses/signer24_sample55_color.pkl,processed/autsl20/landmark46-v1/train/signer24_sample55.npz,approved,trainable,true,standard
signer24_sample63,kotu,12,122,AUTSL,AUTSL_OpenHands_pose_v1,signer24,dataset_license,train,AUTSL/train_poses/signer24_sample63_color.pkl,processed/autsl20/landmark46-v1/train/signer24_sample63.npz,approved,trainable,true,standard
signer24_sample89,evet,2,65,AUTSL,AUTSL_OpenHands_pose_v1,signer24,dataset_license,train,AUTSL/train_poses/signer24_sample89_color.pkl,processed/autsl20/landmark46-v1/train/signer24_sample89.npz,approved,trainable,true,standard
signer24_sample94,doktor,0,52,AUTSL,AUTSL_OpenHands_pose_v1,signer24,dataset_license,train,AUTSL/train_poses/signer24_sample94_color.pkl,processed/autsl20/landmark46-v1/train/signer24_sample94.npz,approved,trainable,true,standard
signer24_sample98,yardim,18,211,AUTSL,AUTSL_OpenHands_pose_v1,signer24,dataset_license,train,AUTSL/train_poses/signer24_sample98_color.pkl,processed/autsl20/landmark46-v1/train/signer24_sample98.npz,approved,trainable,true,red_flag
signer24_sample111,iyi,10,100,AUTSL,AUTSL_OpenHands_pose_v1,signer24,dataset_license,train,AUTSL/train_poses/signer24_sample111_color.pkl,processed/autsl20/landmark46-v1/train/signer24_sample111.npz,approved,trainable,true,standard
signer24_sample112,iyi,10,100,AUTSL,AUTSL_OpenHands_pose_v1,signer24,dataset_license,train,AUTSL/train_poses/signer24_sample112_color.pkl,processed/autsl20/landmark46-v1/train/signer24_sample112.npz,approved,trainable,true,standard
signer24_sample135,hastane,5,83,AUTSL,AUTSL_OpenHands_pose_v1,signer24,dataset_license,train,AUTSL/train_poses/signer24_sample135_color.pkl,processed/autsl20/landmark46-v1/train/signer24_sample135.npz,approved,trainable,true,standard
signer24_sample155,hayir,6,86,AUTSL,AUTSL_OpenHands_pose_v1,signer24,dataset_license,train,AUTSL/train_poses/signer24_sample155_color.pkl,processed/autsl20/landmark46-v1/train/signer24_sample155.npz,approved,trainable,true,standard
signer24_sample181,yarabandi,17,210,AUTSL,AUTSL_OpenHands_pose_v1,signer24,dataset_license,train,AUTSL/train_poses/signer24_sample181_color.pkl,processed/autsl20/landmark46-v1/train/signer24_sample181.npz,approved,trainable,true,standard
signer24_sample189,tuvalet,16,200,AUTSL,AUTSL_OpenHands_pose_v1,signer24,dataset_license,train,AUTSL/train_poses/signer24_sample189_color.pkl,processed/autsl20/landmark46-v1/train/signer24_sample189.npz,approved,trainable,true,standard
signer24_sample204,kotu,12,122,AUTSL,AUTSL_OpenHands_pose_v1,signer24,dataset_license,train,AUTSL/train_poses/signer24_sample204_color.pkl,processed/autsl20/landmark46-v1/train/signer24_sample204.npz,approved,trainable,true,standard
signer24_sample206,nerede,13,138,AUTSL,AUTSL_OpenHands_pose_v1,signer24,dataset_license,train,AUTSL/train_poses/signer24_sample206_color.pkl,processed/autsl20/landmark46-v1/train/signer24_sample206.npz,approved,trainable,true,standard
signer24_sample216,gostermek,3,77,AUTSL,AUTSL_OpenHands_pose_v1,signer24,dataset_license,train,AUTSL/train_poses/signer24_sample216_color.pkl,processed/autsl20/landmark46-v1/train/signer24_sample216.npz,approved,trainable,true,standard
signer24_sample220,kaza,11,108,AUTSL,AUTSL_OpenHands_pose_v1,signer24,dataset_license,train,AUTSL/train_poses/signer24_sample220_color.pkl,processed/autsl20/landmark46-v1/train/signer24_sample220.npz,approved,trainable,true,standard
signer24_sample228,gostermek,3,77,AUTSL,AUTSL_OpenHands_pose_v1,signer24,dataset_license,train,AUTSL/train_poses/signer24_sample228_color.pkl,processed/autsl20/landmark46-v1/train/signer24_sample228.npz,approved,trainable,true,standard
signer24_sample250,doktor,0,52,AUTSL,AUTSL_OpenHands_pose_v1,signer24,dataset_license,train,AUTSL/train_poses/signer24_sample250_color.pkl,processed/autsl20/landmark46-v1/train/signer24_sample250.npz,approved,trainable,true,standard
signer24_sample255,kotu,12,122,AUTSL,AUTSL_OpenHands_pose_v1,signer24,dataset_license,train,AUTSL/train_poses/signer24_sample255_color.pkl,processed/autsl20/landmark46-v1/train/signer24_sample255.npz,approved,trainable,true,standard
signer24_sample263,eczane,1,58,AUTSL,AUTSL_OpenHands_pose_v1,signer24,dataset_license,train,AUTSL/train_poses/signer24_sample263_color.pkl,processed/autsl20/landmark46-v1/train/signer24_sample263.npz,approved,trainable,true,standard
signer24_sample280,eczane,1,58,AUTSL,AUTSL_OpenHands_pose_v1,signer24,dataset_license,train,AUTSL/train_poses/signer24_sample280_color.pkl,processed/autsl20/landmark46-v1/train/signer24_sample280.npz,approved,trainable,true,standard
signer24_sample307,hastane,5,83,AUTSL,AUTSL_OpenHands_pose_v1,signer24,dataset_license,train,AUTSL/train_poses/signer24_sample307_color.pkl,processed/autsl20/landmark46-v1/train/signer24_sample307.npz,approved,trainable,true,standard
signer24_sample311,igne,8,95,AUTSL,AUTSL_OpenHands_pose_v1,signer24,dataset_license,train,AUTSL/train_poses/signer24_sample311_color.pkl,processed/autsl20/landmark46-v1/train/signer24_sample311.npz,approved,trainable,true,standard
signer24_sample313,hastane,5,83,AUTSL,AUTSL_OpenHands_pose_v1,signer24,dataset_license,train,AUTSL/train_poses/signer24_sample313_color.pkl,processed/autsl20/landmark46-v1/train/signer24_sample313.npz,approved,trainable,true,standard
signer24_sample332,ilac,9,96,AUTSL,AUTSL_OpenHands_pose_v1,signer24,dataset_license,train,AUTSL/train_poses/signer24_sample332_color.pkl,processed/autsl20/landmark46-v1/train/signer24_sample332.npz,approved,trainable,true,standard
signer24_sample338,seker,14,172,AUTSL,AUTSL_OpenHands_pose_v1,signer24,dataset_license,train,AUTSL/train_poses/signer24_sample338_color.pkl,processed/autsl20/landmark46-v1/train/signer24_sample338.npz,approved,trainable,true,standard
signer24_sample345,evet,2,65,AUTSL,AUTSL_OpenHands_pose_v1,signer24,dataset_license,train,AUTSL/train_poses/signer24_sample345_color.pkl,processed/autsl20/landmark46-v1/train/signer24_sample345.npz,approved,trainable,true,standard
signer24_sample350,ilac,9,96,AUTSL,AUTSL_OpenHands_pose_v1,signer24,dataset_license,train,AUTSL/train_poses/signer24_sample350_color.pkl,processed/autsl20/landmark46-v1/train/signer24_sample350.npz,approved,trainable,true,standard
signer24_sample354,gostermek,3,77,AUTSL,AUTSL_OpenHands_pose_v1,signer24,dataset_license,train,AUTSL/train_poses/signer24_sample354_color.pkl,processed/autsl20/landmark46-v1/train/signer24_sample354.npz,approved,trainable,true,standard
signer24_sample381,evet,2,65,AUTSL,AUTSL_OpenHands_pose_v1,signer24,dataset_license,train,AUTSL/train_poses/signer24_sample381_color.pkl,processed/autsl20/landmark46-v1/train/signer24_sample381.npz,approved,trainable,true,standard
signer24_sample390,hasta,4,82,AUTSL,AUTSL_OpenHands_pose_v1,signer24,dataset_license,train,AUTSL/train_poses/signer24_sample390_color.pkl,processed/autsl20/landmark46-v1/train/signer24_sample390.npz,approved,trainable,true,standard
signer24_sample415,tuvalet,16,200,AUTSL,AUTSL_OpenHands_pose_v1,signer24,dataset_license,train,AUTSL/train_poses/signer24_sample415_color.pkl,processed/autsl20/landmark46-v1/train/signer24_sample415.npz,approved,trainable,true,standard
signer24_sample426,yorgun,19,222,AUTSL,AUTSL_OpenHands_pose_v1,signer24,dataset_license,train,AUTSL/train_poses/signer24_sample426_color.pkl,processed/autsl20/landmark46-v1/train/signer24_sample426.npz,approved,trainable,true,standard
signer24_sample427,ilac,9,96,AUTSL,AUTSL_OpenHands_pose_v1,signer24,dataset_license,train,AUTSL/train_poses/signer24_sample427_color.pkl,processed/autsl20/landmark46-v1/train/signer24_sample427.npz,approved,trainable,true,standard
signer24_sample434,yorgun,19,222,AUTSL,AUTSL_OpenHands_pose_v1,signer24,dataset_license,train,AUTSL/train_poses/signer24_sample434_color.pkl,processed/autsl20/landmark46-v1/train/signer24_sample434.npz,approved,trainable,true,standard
signer24_sample446,hasta,4,82,AUTSL,AUTSL_OpenHands_pose_v1,signer24,dataset_license,train,AUTSL/train_poses/signer24_sample446_color.pkl,processed/autsl20/landmark46-v1/train/signer24_sample446.npz,approved,trainable,true,standard
signer24_sample453,doktor,0,52,AUTSL,AUTSL_OpenHands_pose_v1,signer24,dataset_license,train,AUTSL/train_poses/signer24_sample453_color.pkl,processed/autsl20/landmark46-v1/train/signer24_sample453.npz,approved,trainable,true,standard
signer24_sample459,nerede,13,138,AUTSL,AUTSL_OpenHands_pose_v1,signer24,dataset_license,train,AUTSL/train_poses/signer24_sample459_color.pkl,processed/autsl20/landmark46-v1/train/signer24_sample459.npz,approved,trainable,true,standard
signer24_sample462,yardim,18,211,AUTSL,AUTSL_OpenHands_pose_v1,signer24,dataset_license,train,AUTSL/train_poses/signer24_sample462_color.pkl,processed/autsl20/landmark46-v1/train/signer24_sample462.npz,approved,trainable,true,red_flag
signer24_sample474,yarabandi,17,210,AUTSL,AUTSL_OpenHands_pose_v1,signer24,dataset_license,train,AUTSL/train_poses/signer24_sample474_color.pkl,processed/autsl20/landmark46-v1/train/signer24_sample474.npz,approved,trainable,true,standard
signer24_sample503,tehlike,15,192,AUTSL,AUTSL_OpenHands_pose_v1,signer24,dataset_license,train,AUTSL/train_poses/signer24_sample503_color.pkl,processed/autsl20/landmark46-v1/train/signer24_sample503.npz,approved,trainable,true,red_flag
signer24_sample512,tuvalet,16,200,AUTSL,AUTSL_OpenHands_pose_v1,signer24,dataset_license,train,AUTSL/train_poses/signer24_sample512_color.pkl,processed/autsl20/landmark46-v1/train/signer24_sample512.npz,approved,trainable,true,standard
signer24_sample555,kaza,11,108,AUTSL,AUTSL_OpenHands_pose_v1,signer24,dataset_license,train,AUTSL/train_poses/signer24_sample555_color.pkl,processed/autsl20/landmark46-v1/train/signer24_sample555.npz,approved,trainable,true,standard
signer24_sample561,tehlike,15,192,AUTSL,AUTSL_OpenHands_pose_v1,signer24,dataset_license,train,AUTSL/train_poses/signer24_sample561_color.pkl,processed/autsl20/landmark46-v1/train/signer24_sample561.npz,approved,trainable,true,red_flag
signer24_sample565,hasta,4,82,AUTSL,AUTSL_OpenHands_pose_v1,signer24,dataset_license,train,AUTSL/train_poses/signer24_sample565_color.pkl,processed/autsl20/landmark46-v1/train/signer24_sample565.npz,approved,trainable,true,standard
signer24_sample569,eczane,1,58,AUTSL,AUTSL_OpenHands_pose_v1,signer24,dataset_license,train,AUTSL/train_poses/signer24_sample569_color.pkl,processed/autsl20/landmark46-v1/train/signer24_sample569.npz,approved,trainable,true,standard
signer24_sample575,tehlike,15,192,AUTSL,AUTSL_OpenHands_pose_v1,signer24,dataset_license,train,AUTSL/train_poses/signer24_sample575_color.pkl,processed/autsl20/landmark46-v1/train/signer24_sample575.npz,approved,trainable,true,red_flag
signer24_sample595,kaza,11,108,AUTSL,AUTSL_OpenHands_pose_v1,signer24,dataset_license,train,AUTSL/train_poses/signer24_sample595_color.pkl,processed/autsl20/landmark46-v1/train/signer24_sample595.npz,approved,trainable,true,standard
signer24_sample602,icmek,7,94,AUTSL,AUTSL_OpenHands_pose_v1,signer24,dataset_license,train,AUTSL/train_poses/signer24_sample602_color.pkl,processed/autsl20/landmark46-v1/train/signer24_sample602.npz,approved,trainable,true,standard
signer24_sample607,seker,14,172,AUTSL,AUTSL_OpenHands_pose_v1,signer24,dataset_license,train,AUTSL/train_poses/signer24_sample607_color.pkl,processed/autsl20/landmark46-v1/train/signer24_sample607.npz,approved,trainable,true,standard
signer24_sample608,icmek,7,94,AUTSL,AUTSL_OpenHands_pose_v1,signer24,dataset_license,train,AUTSL/train_poses/signer24_sample608_color.pkl,processed/autsl20/landmark46-v1/train/signer24_sample608.npz,approved,trainable,true,standard
signer24_sample611,igne,8,95,AUTSL,AUTSL_OpenHands_pose_v1,signer24,dataset_license,train,AUTSL/train_poses/signer24_sample611_color.pkl,processed/autsl20/landmark46-v1/train/signer24_sample611.npz,approved,trainable,true,standard
signer24_sample616,yardim,18,211,AUTSL,AUTSL_OpenHands_pose_v1,signer24,dataset_license,train,AUTSL/train_poses/signer24_sample616_color.pkl,processed/autsl20/landmark46-v1/train/signer24_sample616.npz,approved,trainable,true,red_flag
signer24_sample628,iyi,10,100,AUTSL,AUTSL_OpenHands_pose_v1,signer24,dataset_license,train,AUTSL/train_poses/signer24_sample628_color.pkl,processed/autsl20/landmark46-v1/train/signer24_sample628.npz,approved,trainable,true,standard
signer24_sample631,hayir,6,86,AUTSL,AUTSL_OpenHands_pose_v1,signer24,dataset_license,train,AUTSL/train_poses/signer24_sample631_color.pkl,processed/autsl20/landmark46-v1/train/signer24_sample631.npz,approved,trainable,true,standard
signer24_sample649,nerede,13,138,AUTSL,AUTSL_OpenHands_pose_v1,signer24,dataset_license,train,AUTSL/train_poses/signer24_sample649_color.pkl,processed/autsl20/landmark46-v1/train/signer24_sample649.npz,approved,trainable,true,standard
signer24_sample652,yorgun,19,222,AUTSL,AUTSL_OpenHands_pose_v1,signer24,dataset_license,train,AUTSL/train_poses/signer24_sample652_color.pkl,processed/autsl20/landmark46-v1/train/signer24_sample652.npz,approved,trainable,true,standard
signer24_sample667,icmek,7,94,AUTSL,AUTSL_OpenHands_pose_v1,signer24,dataset_license,train,AUTSL/train_poses/signer24_sample667_color.pkl,processed/autsl20/landmark46-v1/train/signer24_sample667.npz,approved,trainable,true,standard
signer26_sample18,kotu,12,122,AUTSL,AUTSL_OpenHands_pose_v1,signer26,dataset_license,train,AUTSL/train_poses/signer26_sample18_color.pkl,processed/autsl20/landmark46-v1/train/signer26_sample18.npz,approved,trainable,true,standard
signer26_sample21,kaza,11,108,AUTSL,AUTSL_OpenHands_pose_v1,signer26,dataset_license,train,AUTSL/train_poses/signer26_sample21_color.pkl,processed/autsl20/landmark46-v1/train/signer26_sample21.npz,approved,trainable,true,standard
signer26_sample47,hastane,5,83,AUTSL,AUTSL_OpenHands_pose_v1,signer26,dataset_license,train,AUTSL/train_poses/signer26_sample47_color.pkl,processed/autsl20/landmark46-v1/train/signer26_sample47.npz,approved,trainable,true,standard
signer26_sample56,yardim,18,211,AUTSL,AUTSL_OpenHands_pose_v1,signer26,dataset_license,train,AUTSL/train_poses/signer26_sample56_color.pkl,processed/autsl20/landmark46-v1/train/signer26_sample56.npz,approved,trainable,true,red_flag
signer26_sample57,yardim,18,211,AUTSL,AUTSL_OpenHands_pose_v1,signer26,dataset_license,train,AUTSL/train_poses/signer26_sample57_color.pkl,processed/autsl20/landmark46-v1/train/signer26_sample57.npz,approved,trainable,true,red_flag
signer26_sample67,hayir,6,86,AUTSL,AUTSL_OpenHands_pose_v1,signer26,dataset_license,train,AUTSL/train_poses/signer26_sample67_color.pkl,processed/autsl20/landmark46-v1/train/signer26_sample67.npz,approved,trainable,true,standard
signer26_sample71,yardim,18,211,AUTSL,AUTSL_OpenHands_pose_v1,signer26,dataset_license,train,AUTSL/train_poses/signer26_sample71_color.pkl,processed/autsl20/landmark46-v1/train/signer26_sample71.npz,approved,trainable,true,red_flag
signer26_sample84,yarabandi,17,210,AUTSL,AUTSL_OpenHands_pose_v1,signer26,dataset_license,train,AUTSL/train_poses/signer26_sample84_color.pkl,processed/autsl20/landmark46-v1/train/signer26_sample84.npz,approved,trainable,true,standard
signer26_sample86,evet,2,65,AUTSL,AUTSL_OpenHands_pose_v1,signer26,dataset_license,train,AUTSL/train_poses/signer26_sample86_color.pkl,processed/autsl20/landmark46-v1/train/signer26_sample86.npz,approved,trainable,true,standard
signer26_sample95,ilac,9,96,AUTSL,AUTSL_OpenHands_pose_v1,signer26,dataset_license,train,AUTSL/train_poses/signer26_sample95_color.pkl,processed/autsl20/landmark46-v1/train/signer26_sample95.npz,approved,trainable,true,standard
signer26_sample104,kotu,12,122,AUTSL,AUTSL_OpenHands_pose_v1,signer26,dataset_license,train,AUTSL/train_poses/signer26_sample104_color.pkl,processed/autsl20/landmark46-v1/train/signer26_sample104.npz,approved,trainable,true,standard
signer26_sample111,eczane,1,58,AUTSL,AUTSL_OpenHands_pose_v1,signer26,dataset_license,train,AUTSL/train_poses/signer26_sample111_color.pkl,processed/autsl20/landmark46-v1/train/signer26_sample111.npz,approved,trainable,true,standard
signer26_sample112,hastane,5,83,AUTSL,AUTSL_OpenHands_pose_v1,signer26,dataset_license,train,AUTSL/train_poses/signer26_sample112_color.pkl,processed/autsl20/landmark46-v1/train/signer26_sample112.npz,approved,trainable,true,standard
signer26_sample123,hayir,6,86,AUTSL,AUTSL_OpenHands_pose_v1,signer26,dataset_license,train,AUTSL/train_poses/signer26_sample123_color.pkl,processed/autsl20/landmark46-v1/train/signer26_sample123.npz,approved,trainable,true,standard
signer26_sample137,hasta,4,82,AUTSL,AUTSL_OpenHands_pose_v1,signer26,dataset_license,train,AUTSL/train_poses/signer26_sample137_color.pkl,processed/autsl20/landmark46-v1/train/signer26_sample137.npz,approved,trainable,true,standard
signer26_sample138,doktor,0,52,AUTSL,AUTSL_OpenHands_pose_v1,signer26,dataset_license,train,AUTSL/train_poses/signer26_sample138_color.pkl,processed/autsl20/landmark46-v1/train/signer26_sample138.npz,approved,trainable,true,standard
signer26_sample139,tuvalet,16,200,AUTSL,AUTSL_OpenHands_pose_v1,signer26,dataset_license,train,AUTSL/train_poses/signer26_sample139_color.pkl,processed/autsl20/landmark46-v1/train/signer26_sample139.npz,approved,trainable,true,standard
signer26_sample155,yorgun,19,222,AUTSL,AUTSL_OpenHands_pose_v1,signer26,dataset_license,train,AUTSL/train_poses/signer26_sample155_color.pkl,processed/autsl20/landmark46-v1/train/signer26_sample155.npz,approved,trainable,true,standard
signer26_sample167,hasta,4,82,AUTSL,AUTSL_OpenHands_pose_v1,signer26,dataset_license,train,AUTSL/train_poses/signer26_sample167_color.pkl,processed/autsl20/landmark46-v1/train/signer26_sample167.npz,approved,trainable,true,standard
signer26_sample170,igne,8,95,AUTSL,AUTSL_OpenHands_pose_v1,signer26,dataset_license,train,AUTSL/train_poses/signer26_sample170_color.pkl,processed/autsl20/landmark46-v1/train/signer26_sample170.npz,approved,trainable,true,standard
signer26_sample190,doktor,0,52,AUTSL,AUTSL_OpenHands_pose_v1,signer26,dataset_license,train,AUTSL/train_poses/signer26_sample190_color.pkl,processed/autsl20/landmark46-v1/train/signer26_sample190.npz,approved,trainable,true,standard
signer26_sample199,hasta,4,82,AUTSL,AUTSL_OpenHands_pose_v1,signer26,dataset_license,train,AUTSL/train_poses/signer26_sample199_color.pkl,processed/autsl20/landmark46-v1/train/signer26_sample199.npz,approved,trainable,true,standard
signer26_sample219,eczane,1,58,AUTSL,AUTSL_OpenHands_pose_v1,signer26,dataset_license,train,AUTSL/train_poses/signer26_sample219_color.pkl,processed/autsl20/landmark46-v1/train/signer26_sample219.npz,approved,trainable,true,standard
signer26_sample256,eczane,1,58,AUTSL,AUTSL_OpenHands_pose_v1,signer26,dataset_license,train,AUTSL/train_poses/signer26_sample256_color.pkl,processed/autsl20/landmark46-v1/train/signer26_sample256.npz,approved,trainable,true,standard
signer26_sample263,iyi,10,100,AUTSL,AUTSL_OpenHands_pose_v1,signer26,dataset_license,train,AUTSL/train_poses/signer26_sample263_color.pkl,processed/autsl20/landmark46-v1/train/signer26_sample263.npz,approved,trainable,true,standard
signer26_sample270,evet,2,65,AUTSL,AUTSL_OpenHands_pose_v1,signer26,dataset_license,train,AUTSL/train_poses/signer26_sample270_color.pkl,processed/autsl20/landmark46-v1/train/signer26_sample270.npz,approved,trainable,true,standard
signer26_sample285,kotu,12,122,AUTSL,AUTSL_OpenHands_pose_v1,signer26,dataset_license,train,AUTSL/train_poses/signer26_sample285_color.pkl,processed/autsl20/landmark46-v1/train/signer26_sample285.npz,approved,trainable,true,standard
signer26_sample305,tehlike,15,192,AUTSL,AUTSL_OpenHands_pose_v1,signer26,dataset_license,train,AUTSL/train_poses/signer26_sample305_color.pkl,processed/autsl20/landmark46-v1/train/signer26_sample305.npz,approved,trainable,true,red_flag
signer26_sample306,yorgun,19,222,AUTSL,AUTSL_OpenHands_pose_v1,signer26,dataset_license,train,AUTSL/train_poses/signer26_sample306_color.pkl,processed/autsl20/landmark46-v1/train/signer26_sample306.npz,approved,trainable,true,standard
signer26_sample310,gostermek,3,77,AUTSL,AUTSL_OpenHands_pose_v1,signer26,dataset_license,train,AUTSL/train_poses/signer26_sample310_color.pkl,processed/autsl20/landmark46-v1/train/signer26_sample310.npz,approved,trainable,true,standard
signer26_sample320,evet,2,65,AUTSL,AUTSL_OpenHands_pose_v1,signer26,dataset_license,train,AUTSL/train_poses/signer26_sample320_color.pkl,processed/autsl20/landmark46-v1/train/signer26_sample320.npz,approved,trainable,true,standard
signer26_sample326,yorgun,19,222,AUTSL,AUTSL_OpenHands_pose_v1,signer26,dataset_license,train,AUTSL/train_poses/signer26_sample326_color.pkl,processed/autsl20/landmark46-v1/train/signer26_sample326.npz,approved,trainable,true,standard
signer26_sample334,nerede,13,138,AUTSL,AUTSL_OpenHands_pose_v1,signer26,dataset_license,train,AUTSL/train_poses/signer26_sample334_color.pkl,processed/autsl20/landmark46-v1/train/signer26_sample334.npz,approved,trainable,true,standard
signer26_sample346,tuvalet,16,200,AUTSL,AUTSL_OpenHands_pose_v1,signer26,dataset_license,train,AUTSL/train_poses/signer26_sample346_color.pkl,processed/autsl20/landmark46-v1/train/signer26_sample346.npz,approved,trainable,true,standard
signer26_sample355,hayir,6,86,AUTSL,AUTSL_OpenHands_pose_v1,signer26,dataset_license,train,AUTSL/train_poses/signer26_sample355_color.pkl,processed/autsl20/landmark46-v1/train/signer26_sample355.npz,approved,trainable,true,standard
signer26_sample356,iyi,10,100,AUTSL,AUTSL_OpenHands_pose_v1,signer26,dataset_license,train,AUTSL/train_poses/signer26_sample356_color.pkl,processed/autsl20/landmark46-v1/train/signer26_sample356.npz,approved,trainable,true,standard
signer26_sample364,igne,8,95,AUTSL,AUTSL_OpenHands_pose_v1,signer26,dataset_license,train,AUTSL/train_poses/signer26_sample364_color.pkl,processed/autsl20/landmark46-v1/train/signer26_sample364.npz,approved,trainable,true,standard
signer26_sample366,yarabandi,17,210,AUTSL,AUTSL_OpenHands_pose_v1,signer26,dataset_license,train,AUTSL/train_poses/signer26_sample366_color.pkl,processed/autsl20/landmark46-v1/train/signer26_sample366.npz,approved,trainable,true,standard
signer26_sample423,icmek,7,94,AUTSL,AUTSL_OpenHands_pose_v1,signer26,dataset_license,train,AUTSL/train_poses/signer26_sample423_color.pkl,processed/autsl20/landmark46-v1/train/signer26_sample423.npz,approved,trainable,true,standard
signer26_sample434,doktor,0,52,AUTSL,AUTSL_OpenHands_pose_v1,signer26,dataset_license,train,AUTSL/train_poses/signer26_sample434_color.pkl,processed/autsl20/landmark46-v1/train/signer26_sample434.npz,approved,trainable,true,standard
signer26_sample452,yarabandi,17,210,AUTSL,AUTSL_OpenHands_pose_v1,signer26,dataset_license,train,AUTSL/train_poses/signer26_sample452_color.pkl,processed/autsl20/landmark46-v1/train/signer26_sample452.npz,approved,trainable,true,standard
signer26_sample483,gostermek,3,77,AUTSL,AUTSL_OpenHands_pose_v1,signer26,dataset_license,train,AUTSL/train_poses/signer26_sample483_color.pkl,processed/autsl20/landmark46-v1/train/signer26_sample483.npz,approved,trainable,true,standard
signer26_sample484,gostermek,3,77,AUTSL,AUTSL_OpenHands_pose_v1,signer26,dataset_license,train,AUTSL/train_poses/signer26_sample484_color.pkl,processed/autsl20/landmark46-v1/train/signer26_sample484.npz,approved,trainable,true,standard
signer26_sample499,ilac,9,96,AUTSL,AUTSL_OpenHands_pose_v1,signer26,dataset_license,train,AUTSL/train_poses/signer26_sample499_color.pkl,processed/autsl20/landmark46-v1/train/signer26_sample499.npz,approved,trainable,true,standard
signer26_sample505,tehlike,15,192,AUTSL,AUTSL_OpenHands_pose_v1,signer26,dataset_license,train,AUTSL/train_poses/signer26_sample505_color.pkl,processed/autsl20/landmark46-v1/train/signer26_sample505.npz,approved,trainable,true,red_flag
signer26_sample510,icmek,7,94,AUTSL,AUTSL_OpenHands_pose_v1,signer26,dataset_license,train,AUTSL/train_poses/signer26_sample510_color.pkl,processed/autsl20/landmark46-v1/train/signer26_sample510.npz,approved,trainable,true,standard
signer26_sample513,nerede,13,138,AUTSL,AUTSL_OpenHands_pose_v1,signer26,dataset_license,train,AUTSL/train_poses/signer26_sample513_color.pkl,processed/autsl20/landmark46-v1/train/signer26_sample513.npz,approved,trainable,true,standard
signer26_sample551,tehlike,15,192,AUTSL,AUTSL_OpenHands_pose_v1,signer26,dataset_license,train,AUTSL/train_poses/signer26_sample551_color.pkl,processed/autsl20/landmark46-v1/train/signer26_sample551.npz,approved,trainable,true,red_flag
signer26_sample553,nerede,13,138,AUTSL,AUTSL_OpenHands_pose_v1,signer26,dataset_license,train,AUTSL/train_poses/signer26_sample553_color.pkl,processed/autsl20/landmark46-v1/train/signer26_sample553.npz,approved,trainable,true,standard
signer26_sample559,tuvalet,16,200,AUTSL,AUTSL_OpenHands_pose_v1,signer26,dataset_license,train,AUTSL/train_poses/signer26_sample559_color.pkl,processed/autsl20/landmark46-v1/train/signer26_sample559.npz,approved,trainable,true,standard
signer26_sample560,hastane,5,83,AUTSL,AUTSL_OpenHands_pose_v1,signer26,dataset_license,train,AUTSL/train_poses/signer26_sample560_color.pkl,processed/autsl20/landmark46-v1/train/signer26_sample560.npz,approved,trainable,true,standard
signer26_sample562,kaza,11,108,AUTSL,AUTSL_OpenHands_pose_v1,signer26,dataset_license,train,AUTSL/train_poses/signer26_sample562_color.pkl,processed/autsl20/landmark46-v1/train/signer26_sample562.npz,approved,trainable,true,standard
signer26_sample634,iyi,10,100,AUTSL,AUTSL_OpenHands_pose_v1,signer26,dataset_license,train,AUTSL/train_poses/signer26_sample634_color.pkl,processed/autsl20/landmark46-v1/train/signer26_sample634.npz,approved,trainable,true,standard
signer26_sample637,ilac,9,96,AUTSL,AUTSL_OpenHands_pose_v1,signer26,dataset_license,train,AUTSL/train_poses/signer26_sample637_color.pkl,processed/autsl20/landmark46-v1/train/signer26_sample637.npz,approved,trainable,true,standard
signer26_sample644,igne,8,95,AUTSL,AUTSL_OpenHands_pose_v1,signer26,dataset_license,train,AUTSL/train_poses/signer26_sample644_color.pkl,processed/autsl20/landmark46-v1/train/signer26_sample644.npz,approved,trainable,true,standard
signer28_sample12,kotu,12,122,AUTSL,AUTSL_OpenHands_pose_v1,signer28,dataset_license,train,AUTSL/train_poses/signer28_sample12_color.pkl,processed/autsl20/landmark46-v1/train/signer28_sample12.npz,approved,trainable,true,standard
signer28_sample36,nerede,13,138,AUTSL,AUTSL_OpenHands_pose_v1,signer28,dataset_license,train,AUTSL/train_poses/signer28_sample36_color.pkl,processed/autsl20/landmark46-v1/train/signer28_sample36.npz,approved,trainable,true,standard
signer28_sample40,kotu,12,122,AUTSL,AUTSL_OpenHands_pose_v1,signer28,dataset_license,train,AUTSL/train_poses/signer28_sample40_color.pkl,processed/autsl20/landmark46-v1/train/signer28_sample40.npz,approved,trainable,true,standard
signer28_sample56,icmek,7,94,AUTSL,AUTSL_OpenHands_pose_v1,signer28,dataset_license,train,AUTSL/train_poses/signer28_sample56_color.pkl,processed/autsl20/landmark46-v1/train/signer28_sample56.npz,approved,trainable,true,standard
signer28_sample61,igne,8,95,AUTSL,AUTSL_OpenHands_pose_v1,signer28,dataset_license,train,AUTSL/train_poses/signer28_sample61_color.pkl,processed/autsl20/landmark46-v1/train/signer28_sample61.npz,approved,trainable,true,standard
signer28_sample86,yardim,18,211,AUTSL,AUTSL_OpenHands_pose_v1,signer28,dataset_license,train,AUTSL/train_poses/signer28_sample86_color.pkl,processed/autsl20/landmark46-v1/train/signer28_sample86.npz,approved,trainable,true,red_flag
signer28_sample89,yardim,18,211,AUTSL,AUTSL_OpenHands_pose_v1,signer28,dataset_license,train,AUTSL/train_poses/signer28_sample89_color.pkl,processed/autsl20/landmark46-v1/train/signer28_sample89.npz,approved,trainable,true,red_flag
signer28_sample90,tehlike,15,192,AUTSL,AUTSL_OpenHands_pose_v1,signer28,dataset_license,train,AUTSL/train_poses/signer28_sample90_color.pkl,processed/autsl20/landmark46-v1/train/signer28_sample90.npz,approved,trainable,true,red_flag
signer28_sample91,yardim,18,211,AUTSL,AUTSL_OpenHands_pose_v1,signer28,dataset_license,train,AUTSL/train_poses/signer28_sample91_color.pkl,processed/autsl20/landmark46-v1/train/signer28_sample91.npz,approved,trainable,true,red_flag
signer28_sample94,yarabandi,17,210,AUTSL,AUTSL_OpenHands_pose_v1,signer28,dataset_license,train,AUTSL/train_poses/signer28_sample94_color.pkl,processed/autsl20/landmark46-v1/train/signer28_sample94.npz,approved,trainable,true,standard
signer28_sample95,ilac,9,96,AUTSL,AUTSL_OpenHands_pose_v1,signer28,dataset_license,train,AUTSL/train_poses/signer28_sample95_color.pkl,processed/autsl20/landmark46-v1/train/signer28_sample95.npz,approved,trainable,true,standard
signer28_sample112,ilac,9,96,AUTSL,AUTSL_OpenHands_pose_v1,signer28,dataset_license,train,AUTSL/train_poses/signer28_sample112_color.pkl,processed/autsl20/landmark46-v1/train/signer28_sample112.npz,approved,trainable,true,standard
signer28_sample118,hastane,5,83,AUTSL,AUTSL_OpenHands_pose_v1,signer28,dataset_license,train,AUTSL/train_poses/signer28_sample118_color.pkl,processed/autsl20/landmark46-v1/train/signer28_sample118.npz,approved,trainable,true,standard
signer28_sample126,yarabandi,17,210,AUTSL,AUTSL_OpenHands_pose_v1,signer28,dataset_license,train,AUTSL/train_poses/signer28_sample126_color.pkl,processed/autsl20/landmark46-v1/train/signer28_sample126.npz,approved,trainable,true,standard
signer28_sample128,ilac,9,96,AUTSL,AUTSL_OpenHands_pose_v1,signer28,dataset_license,train,AUTSL/train_poses/signer28_sample128_color.pkl,processed/autsl20/landmark46-v1/train/signer28_sample128.npz,approved,trainable,true,standard
signer28_sample140,gostermek,3,77,AUTSL,AUTSL_OpenHands_pose_v1,signer28,dataset_license,train,AUTSL/train_poses/signer28_sample140_color.pkl,processed/autsl20/landmark46-v1/train/signer28_sample140.npz,approved,trainable,true,standard
signer28_sample151,kaza,11,108,AUTSL,AUTSL_OpenHands_pose_v1,signer28,dataset_license,train,AUTSL/train_poses/signer28_sample151_color.pkl,processed/autsl20/landmark46-v1/train/signer28_sample151.npz,approved,trainable,true,standard
signer28_sample178,iyi,10,100,AUTSL,AUTSL_OpenHands_pose_v1,signer28,dataset_license,train,AUTSL/train_poses/signer28_sample178_color.pkl,processed/autsl20/landmark46-v1/train/signer28_sample178.npz,approved,trainable,true,standard
signer28_sample193,yorgun,19,222,AUTSL,AUTSL_OpenHands_pose_v1,signer28,dataset_license,train,AUTSL/train_poses/signer28_sample193_color.pkl,processed/autsl20/landmark46-v1/train/signer28_sample193.npz,approved,trainable,true,standard
signer28_sample207,evet,2,65,AUTSL,AUTSL_OpenHands_pose_v1,signer28,dataset_license,train,AUTSL/train_poses/signer28_sample207_color.pkl,processed/autsl20/landmark46-v1/train/signer28_sample207.npz,approved,trainable,true,standard
signer28_sample215,hayir,6,86,AUTSL,AUTSL_OpenHands_pose_v1,signer28,dataset_license,train,AUTSL/train_poses/signer28_sample215_color.pkl,processed/autsl20/landmark46-v1/train/signer28_sample215.npz,approved,trainable,true,standard
signer28_sample218,hasta,4,82,AUTSL,AUTSL_OpenHands_pose_v1,signer28,dataset_license,train,AUTSL/train_poses/signer28_sample218_color.pkl,processed/autsl20/landmark46-v1/train/signer28_sample218.npz,approved,trainable,true,standard
signer28_sample229,evet,2,65,AUTSL,AUTSL_OpenHands_pose_v1,signer28,dataset_license,train,AUTSL/train_poses/signer28_sample229_color.pkl,processed/autsl20/landmark46-v1/train/signer28_sample229.npz,approved,trainable,true,standard
signer28_sample242,hastane,5,83,AUTSL,AUTSL_OpenHands_pose_v1,signer28,dataset_license,train,AUTSL/train_poses/signer28_sample242_color.pkl,processed/autsl20/landmark46-v1/train/signer28_sample242.npz,approved,trainable,true,standard
signer28_sample248,nerede,13,138,AUTSL,AUTSL_OpenHands_pose_v1,signer28,dataset_license,train,AUTSL/train_poses/signer28_sample248_color.pkl,processed/autsl20/landmark46-v1/train/signer28_sample248.npz,approved,trainable,true,standard
signer28_sample250,kaza,11,108,AUTSL,AUTSL_OpenHands_pose_v1,signer28,dataset_license,train,AUTSL/train_poses/signer28_sample250_color.pkl,processed/autsl20/landmark46-v1/train/signer28_sample250.npz,approved,trainable,true,standard
signer28_sample292,kotu,12,122,AUTSL,AUTSL_OpenHands_pose_v1,signer28,dataset_license,train,AUTSL/train_poses/signer28_sample292_color.pkl,processed/autsl20/landmark46-v1/train/signer28_sample292.npz,approved,trainable,true,standard
signer28_sample299,tehlike,15,192,AUTSL,AUTSL_OpenHands_pose_v1,signer28,dataset_license,train,AUTSL/train_poses/signer28_sample299_color.pkl,processed/autsl20/landmark46-v1/train/signer28_sample299.npz,approved,trainable,true,red_flag
signer28_sample307,hastane,5,83,AUTSL,AUTSL_OpenHands_pose_v1,signer28,dataset_license,train,AUTSL/train_poses/signer28_sample307_color.pkl,processed/autsl20/landmark46-v1/train/signer28_sample307.npz,approved,trainable,true,standard
signer28_sample311,yorgun,19,222,AUTSL,AUTSL_OpenHands_pose_v1,signer28,dataset_license,train,AUTSL/train_poses/signer28_sample311_color.pkl,processed/autsl20/landmark46-v1/train/signer28_sample311.npz,approved,trainable,true,standard
signer28_sample338,doktor,0,52,AUTSL,AUTSL_OpenHands_pose_v1,signer28,dataset_license,train,AUTSL/train_poses/signer28_sample338_color.pkl,processed/autsl20/landmark46-v1/train/signer28_sample338.npz,approved,trainable,true,standard
signer28_sample371,hasta,4,82,AUTSL,AUTSL_OpenHands_pose_v1,signer28,dataset_license,train,AUTSL/train_poses/signer28_sample371_color.pkl,processed/autsl20/landmark46-v1/train/signer28_sample371.npz,approved,trainable,true,standard
signer28_sample377,igne,8,95,AUTSL,AUTSL_OpenHands_pose_v1,signer28,dataset_license,train,AUTSL/train_poses/signer28_sample377_color.pkl,processed/autsl20/landmark46-v1/train/signer28_sample377.npz,approved,trainable,true,standard
signer28_sample380,kaza,11,108,AUTSL,AUTSL_OpenHands_pose_v1,signer28,dataset_license,train,AUTSL/train_poses/signer28_sample380_color.pkl,processed/autsl20/landmark46-v1/train/signer28_sample380.npz,approved,trainable,true,standard
signer28_sample396,iyi,10,100,AUTSL,AUTSL_OpenHands_pose_v1,signer28,dataset_license,train,AUTSL/train_poses/signer28_sample396_color.pkl,processed/autsl20/landmark46-v1/train/signer28_sample396.npz,approved,trainable,true,standard
signer28_sample418,iyi,10,100,AUTSL,AUTSL_OpenHands_pose_v1,signer28,dataset_license,train,AUTSL/train_poses/signer28_sample418_color.pkl,processed/autsl20/landmark46-v1/train/signer28_sample418.npz,approved,trainable,true,standard
signer28_sample431,gostermek,3,77,AUTSL,AUTSL_OpenHands_pose_v1,signer28,dataset_license,train,AUTSL/train_poses/signer28_sample431_color.pkl,processed/autsl20/landmark46-v1/train/signer28_sample431.npz,approved,trainable,true,standard
signer28_sample432,eczane,1,58,AUTSL,AUTSL_OpenHands_pose_v1,signer28,dataset_license,train,AUTSL/train_poses/signer28_sample432_color.pkl,processed/autsl20/landmark46-v1/train/signer28_sample432.npz,approved,trainable,true,standard
signer28_sample439,yarabandi,17,210,AUTSL,AUTSL_OpenHands_pose_v1,signer28,dataset_license,train,AUTSL/train_poses/signer28_sample439_color.pkl,processed/autsl20/landmark46-v1/train/signer28_sample439.npz,approved,trainable,true,standard
signer28_sample443,eczane,1,58,AUTSL,AUTSL_OpenHands_pose_v1,signer28,dataset_license,train,AUTSL/train_poses/signer28_sample443_color.pkl,processed/autsl20/landmark46-v1/train/signer28_sample443.npz,approved,trainable,true,standard
signer28_sample447,gostermek,3,77,AUTSL,AUTSL_OpenHands_pose_v1,signer28,dataset_license,train,AUTSL/train_poses/signer28_sample447_color.pkl,processed/autsl20/landmark46-v1/train/signer28_sample447.npz,approved,trainable,true,standard
signer28_sample452,tehlike,15,192,AUTSL,AUTSL_OpenHands_pose_v1,signer28,dataset_license,train,AUTSL/train_poses/signer28_sample452_color.pkl,processed/autsl20/landmark46-v1/train/signer28_sample452.npz,approved,trainable,true,red_flag
signer28_sample473,evet,2,65,AUTSL,AUTSL_OpenHands_pose_v1,signer28,dataset_license,train,AUTSL/train_poses/signer28_sample473_color.pkl,processed/autsl20/landmark46-v1/train/signer28_sample473.npz,approved,trainable,true,standard
signer28_sample484,icmek,7,94,AUTSL,AUTSL_OpenHands_pose_v1,signer28,dataset_license,train,AUTSL/train_poses/signer28_sample484_color.pkl,processed/autsl20/landmark46-v1/train/signer28_sample484.npz,approved,trainable,true,standard
signer28_sample495,doktor,0,52,AUTSL,AUTSL_OpenHands_pose_v1,signer28,dataset_license,train,AUTSL/train_poses/signer28_sample495_color.pkl,processed/autsl20/landmark46-v1/train/signer28_sample495.npz,approved,trainable,true,standard
signer28_sample505,tuvalet,16,200,AUTSL,AUTSL_OpenHands_pose_v1,signer28,dataset_license,train,AUTSL/train_poses/signer28_sample505_color.pkl,processed/autsl20/landmark46-v1/train/signer28_sample505.npz,approved,trainable,true,standard
signer28_sample513,yorgun,19,222,AUTSL,AUTSL_OpenHands_pose_v1,signer28,dataset_license,train,AUTSL/train_poses/signer28_sample513_color.pkl,processed/autsl20/landmark46-v1/train/signer28_sample513.npz,approved,trainable,true,standard
signer28_sample549,igne,8,95,AUTSL,AUTSL_OpenHands_pose_v1,signer28,dataset_license,train,AUTSL/train_poses/signer28_sample549_color.pkl,processed/autsl20/landmark46-v1/train/signer28_sample549.npz,approved,trainable,true,standard
signer28_sample558,tuvalet,16,200,AUTSL,AUTSL_OpenHands_pose_v1,signer28,dataset_license,train,AUTSL/train_poses/signer28_sample558_color.pkl,processed/autsl20/landmark46-v1/train/signer28_sample558.npz,approved,trainable,true,standard
signer28_sample560,eczane,1,58,AUTSL,AUTSL_OpenHands_pose_v1,signer28,dataset_license,train,AUTSL/train_poses/signer28_sample560_color.pkl,processed/autsl20/landmark46-v1/train/signer28_sample560.npz,approved,trainable,true,standard
signer28_sample569,hasta,4,82,AUTSL,AUTSL_OpenHands_pose_v1,signer28,dataset_license,train,AUTSL/train_poses/signer28_sample569_color.pkl,processed/autsl20/landmark46-v1/train/signer28_sample569.npz,approved,trainable,true,standard
signer28_sample578,tuvalet,16,200,AUTSL,AUTSL_OpenHands_pose_v1,signer28,dataset_license,train,AUTSL/train_poses/signer28_sample578_color.pkl,processed/autsl20/landmark46-v1/train/signer28_sample578.npz,approved,trainable,true,standard
signer28_sample600,icmek,7,94,AUTSL,AUTSL_OpenHands_pose_v1,signer28,dataset_license,train,AUTSL/train_poses/signer28_sample600_color.pkl,processed/autsl20/landmark46-v1/train/signer28_sample600.npz,approved,trainable,true,standard
signer28_sample616,hayir,6,86,AUTSL,AUTSL_OpenHands_pose_v1,signer28,dataset_license,train,AUTSL/train_poses/signer28_sample616_color.pkl,processed/autsl20/landmark46-v1/train/signer28_sample616.npz,approved,trainable,true,standard
signer28_sample627,nerede,13,138,AUTSL,AUTSL_OpenHands_pose_v1,signer28,dataset_license,train,AUTSL/train_poses/signer28_sample627_color.pkl,processed/autsl20/landmark46-v1/train/signer28_sample627.npz,approved,trainable,true,standard
signer29_sample1,kotu,12,122,AUTSL,AUTSL_OpenHands_pose_v1,signer29,dataset_license,train,AUTSL/train_poses/signer29_sample1_color.pkl,processed/autsl20/landmark46-v1/train/signer29_sample1.npz,approved,trainable,true,standard
signer29_sample12,gostermek,3,77,AUTSL,AUTSL_OpenHands_pose_v1,signer29,dataset_license,train,AUTSL/train_poses/signer29_sample12_color.pkl,processed/autsl20/landmark46-v1/train/signer29_sample12.npz,approved,trainable,true,standard
signer29_sample24,iyi,10,100,AUTSL,AUTSL_OpenHands_pose_v1,signer29,dataset_license,train,AUTSL/train_poses/signer29_sample24_color.pkl,processed/autsl20/landmark46-v1/train/signer29_sample24.npz,approved,trainable,true,standard
signer29_sample48,yardim,18,211,AUTSL,AUTSL_OpenHands_pose_v1,signer29,dataset_license,train,AUTSL/train_poses/signer29_sample48_color.pkl,processed/autsl20/landmark46-v1/train/signer29_sample48.npz,approved,trainable,true,red_flag
signer29_sample59,nerede,13,138,AUTSL,AUTSL_OpenHands_pose_v1,signer29,dataset_license,train,AUTSL/train_poses/signer29_sample59_color.pkl,processed/autsl20/landmark46-v1/train/signer29_sample59.npz,approved,trainable,true,standard
signer29_sample65,tuvalet,16,200,AUTSL,AUTSL_OpenHands_pose_v1,signer29,dataset_license,train,AUTSL/train_poses/signer29_sample65_color.pkl,processed/autsl20/landmark46-v1/train/signer29_sample65.npz,approved,trainable,true,standard
signer29_sample91,doktor,0,52,AUTSL,AUTSL_OpenHands_pose_v1,signer29,dataset_license,train,AUTSL/train_poses/signer29_sample91_color.pkl,processed/autsl20/landmark46-v1/train/signer29_sample91.npz,approved,trainable,true,standard
signer29_sample93,tehlike,15,192,AUTSL,AUTSL_OpenHands_pose_v1,signer29,dataset_license,train,AUTSL/train_poses/signer29_sample93_color.pkl,processed/autsl20/landmark46-v1/train/signer29_sample93.npz,approved,trainable,true,red_flag
signer29_sample94,ilac,9,96,AUTSL,AUTSL_OpenHands_pose_v1,signer29,dataset_license,train,AUTSL/train_poses/signer29_sample94_color.pkl,processed/autsl20/landmark46-v1/train/signer29_sample94.npz,approved,trainable,true,standard
signer29_sample111,igne,8,95,AUTSL,AUTSL_OpenHands_pose_v1,signer29,dataset_license,train,AUTSL/train_poses/signer29_sample111_color.pkl,processed/autsl20/landmark46-v1/train/signer29_sample111.npz,approved,trainable,true,standard
signer29_sample113,nerede,13,138,AUTSL,AUTSL_OpenHands_pose_v1,signer29,dataset_license,train,AUTSL/train_poses/signer29_sample113_color.pkl,processed/autsl20/landmark46-v1/train/signer29_sample113.npz,approved,trainable,true,standard
signer29_sample133,yarabandi,17,210,AUTSL,AUTSL_OpenHands_pose_v1,signer29,dataset_license,train,AUTSL/train_poses/signer29_sample133_color.pkl,processed/autsl20/landmark46-v1/train/signer29_sample133.npz,approved,trainable,true,standard
signer29_sample160,seker,14,172,AUTSL,AUTSL_OpenHands_pose_v1,signer29,dataset_license,train,AUTSL/train_poses/signer29_sample160_color.pkl,processed/autsl20/landmark46-v1/train/signer29_sample160.npz,approved,trainable,true,standard
signer29_sample165,yardim,18,211,AUTSL,AUTSL_OpenHands_pose_v1,signer29,dataset_license,train,AUTSL/train_poses/signer29_sample165_color.pkl,processed/autsl20/landmark46-v1/train/signer29_sample165.npz,approved,trainable,true,red_flag
signer29_sample166,yarabandi,17,210,AUTSL,AUTSL_OpenHands_pose_v1,signer29,dataset_license,train,AUTSL/train_poses/signer29_sample166_color.pkl,processed/autsl20/landmark46-v1/train/signer29_sample166.npz,approved,trainable,true,standard
signer29_sample169,yardim,18,211,AUTSL,AUTSL_OpenHands_pose_v1,signer29,dataset_license,train,AUTSL/train_poses/signer29_sample169_color.pkl,processed/autsl20/landmark46-v1/train/signer29_sample169.npz,approved,trainable,true,red_flag
signer29_sample175,gostermek,3,77,AUTSL,AUTSL_OpenHands_pose_v1,signer29,dataset_license,train,AUTSL/train_poses/signer29_sample175_color.pkl,processed/autsl20/landmark46-v1/train/signer29_sample175.npz,approved,trainable,true,standard
signer29_sample184,evet,2,65,AUTSL,AUTSL_OpenHands_pose_v1,signer29,dataset_license,train,AUTSL/train_poses/signer29_sample184_color.pkl,processed/autsl20/landmark46-v1/train/signer29_sample184.npz,approved,trainable,true,standard
signer29_sample186,seker,14,172,AUTSL,AUTSL_OpenHands_pose_v1,signer29,dataset_license,train,AUTSL/train_poses/signer29_sample186_color.pkl,processed/autsl20/landmark46-v1/train/signer29_sample186.npz,approved,trainable,true,standard
signer29_sample216,evet,2,65,AUTSL,AUTSL_OpenHands_pose_v1,signer29,dataset_license,train,AUTSL/train_poses/signer29_sample216_color.pkl,processed/autsl20/landmark46-v1/train/signer29_sample216.npz,approved,trainable,true,standard
signer29_sample217,kotu,12,122,AUTSL,AUTSL_OpenHands_pose_v1,signer29,dataset_license,train,AUTSL/train_poses/signer29_sample217_color.pkl,processed/autsl20/landmark46-v1/train/signer29_sample217.npz,approved,trainable,true,standard
signer29_sample232,hastane,5,83,AUTSL,AUTSL_OpenHands_pose_v1,signer29,dataset_license,train,AUTSL/train_poses/signer29_sample232_color.pkl,processed/autsl20/landmark46-v1/train/signer29_sample232.npz,approved,trainable,true,standard
signer29_sample239,gostermek,3,77,AUTSL,AUTSL_OpenHands_pose_v1,signer29,dataset_license,train,AUTSL/train_poses/signer29_sample239_color.pkl,processed/autsl20/landmark46-v1/train/signer29_sample239.npz,approved,trainable,true,standard
signer29_sample242,igne,8,95,AUTSL,AUTSL_OpenHands_pose_v1,signer29,dataset_license,train,AUTSL/train_poses/signer29_sample242_color.pkl,processed/autsl20/landmark46-v1/train/signer29_sample242.npz,approved,trainable,true,standard
signer29_sample244,kotu,12,122,AUTSL,AUTSL_OpenHands_pose_v1,signer29,dataset_license,train,AUTSL/train_poses/signer29_sample244_color.pkl,processed/autsl20/landmark46-v1/train/signer29_sample244.npz,approved,trainable,true,standard
signer29_sample264,eczane,1,58,AUTSL,AUTSL_OpenHands_pose_v1,signer29,dataset_license,train,AUTSL/train_poses/signer29_sample264_color.pkl,processed/autsl20/landmark46-v1/train/signer29_sample264.npz,approved,trainable,true,standard
signer29_sample274,hastane,5,83,AUTSL,AUTSL_OpenHands_pose_v1,signer29,dataset_license,train,AUTSL/train_poses/signer29_sample274_color.pkl,processed/autsl20/landmark46-v1/train/signer29_sample274.npz,approved,trainable,true,standard
signer29_sample301,kaza,11,108,AUTSL,AUTSL_OpenHands_pose_v1,signer29,dataset_license,train,AUTSL/train_poses/signer29_sample301_color.pkl,processed/autsl20/landmark46-v1/train/signer29_sample301.npz,approved,trainable,true,standard
signer29_sample320,hasta,4,82,AUTSL,AUTSL_OpenHands_pose_v1,signer29,dataset_license,train,AUTSL/train_poses/signer29_sample320_color.pkl,processed/autsl20/landmark46-v1/train/signer29_sample320.npz,approved,trainable,true,standard
signer29_sample340,yorgun,19,222,AUTSL,AUTSL_OpenHands_pose_v1,signer29,dataset_license,train,AUTSL/train_poses/signer29_sample340_color.pkl,processed/autsl20/landmark46-v1/train/signer29_sample340.npz,approved,trainable,true,standard
signer29_sample342,kaza,11,108,AUTSL,AUTSL_OpenHands_pose_v1,signer29,dataset_license,train,AUTSL/train_poses/signer29_sample342_color.pkl,processed/autsl20/landmark46-v1/train/signer29_sample342.npz,approved,trainable,true,standard
signer29_sample345,hasta,4,82,AUTSL,AUTSL_OpenHands_pose_v1,signer29,dataset_license,train,AUTSL/train_poses/signer29_sample345_color.pkl,processed/autsl20/landmark46-v1/train/signer29_sample345.npz,approved,trainable,true,standard
signer29_sample351,icmek,7,94,AUTSL,AUTSL_OpenHands_pose_v1,signer29,dataset_license,train,AUTSL/train_poses/signer29_sample351_color.pkl,processed/autsl20/landmark46-v1/train/signer29_sample351.npz,approved,trainable,true,standard
signer29_sample375,nerede,13,138,AUTSL,AUTSL_OpenHands_pose_v1,signer29,dataset_license,train,AUTSL/train_poses/signer29_sample375_color.pkl,processed/autsl20/landmark46-v1/train/signer29_sample375.npz,approved,trainable,true,standard
signer29_sample380,tehlike,15,192,AUTSL,AUTSL_OpenHands_pose_v1,signer29,dataset_license,train,AUTSL/train_poses/signer29_sample380_color.pkl,processed/autsl20/landmark46-v1/train/signer29_sample380.npz,approved,trainable,true,red_flag
signer29_sample383,hayir,6,86,AUTSL,AUTSL_OpenHands_pose_v1,signer29,dataset_license,train,AUTSL/train_poses/signer29_sample383_color.pkl,processed/autsl20/landmark46-v1/train/signer29_sample383.npz,approved,trainable,true,standard
signer29_sample386,hayir,6,86,AUTSL,AUTSL_OpenHands_pose_v1,signer29,dataset_license,train,AUTSL/train_poses/signer29_sample386_color.pkl,processed/autsl20/landmark46-v1/train/signer29_sample386.npz,approved,trainable,true,standard
signer29_sample387,icmek,7,94,AUTSL,AUTSL_OpenHands_pose_v1,signer29,dataset_license,train,AUTSL/train_poses/signer29_sample387_color.pkl,processed/autsl20/landmark46-v1/train/signer29_sample387.npz,approved,trainable,true,standard
signer29_sample400,seker,14,172,AUTSL,AUTSL_OpenHands_pose_v1,signer29,dataset_license,train,AUTSL/train_poses/signer29_sample400_color.pkl,processed/autsl20/landmark46-v1/train/signer29_sample400.npz,approved,trainable,true,standard
signer29_sample410,tehlike,15,192,AUTSL,AUTSL_OpenHands_pose_v1,signer29,dataset_license,train,AUTSL/train_poses/signer29_sample410_color.pkl,processed/autsl20/landmark46-v1/train/signer29_sample410.npz,approved,trainable,true,red_flag
signer29_sample416,yorgun,19,222,AUTSL,AUTSL_OpenHands_pose_v1,signer29,dataset_license,train,AUTSL/train_poses/signer29_sample416_color.pkl,processed/autsl20/landmark46-v1/train/signer29_sample416.npz,approved,trainable,true,standard
signer29_sample418,eczane,1,58,AUTSL,AUTSL_OpenHands_pose_v1,signer29,dataset_license,train,AUTSL/train_poses/signer29_sample418_color.pkl,processed/autsl20/landmark46-v1/train/signer29_sample418.npz,approved,trainable,true,standard
signer29_sample423,evet,2,65,AUTSL,AUTSL_OpenHands_pose_v1,signer29,dataset_license,train,AUTSL/train_poses/signer29_sample423_color.pkl,processed/autsl20/landmark46-v1/train/signer29_sample423.npz,approved,trainable,true,standard
signer29_sample427,igne,8,95,AUTSL,AUTSL_OpenHands_pose_v1,signer29,dataset_license,train,AUTSL/train_poses/signer29_sample427_color.pkl,processed/autsl20/landmark46-v1/train/signer29_sample427.npz,approved,trainable,true,standard
signer29_sample430,tuvalet,16,200,AUTSL,AUTSL_OpenHands_pose_v1,signer29,dataset_license,train,AUTSL/train_poses/signer29_sample430_color.pkl,processed/autsl20/landmark46-v1/train/signer29_sample430.npz,approved,trainable,true,standard
signer29_sample468,tuvalet,16,200,AUTSL,AUTSL_OpenHands_pose_v1,signer29,dataset_license,train,AUTSL/train_poses/signer29_sample468_color.pkl,processed/autsl20/landmark46-v1/train/signer29_sample468.npz,approved,trainable,true,standard
signer29_sample469,kaza,11,108,AUTSL,AUTSL_OpenHands_pose_v1,signer29,dataset_license,train,AUTSL/train_poses/signer29_sample469_color.pkl,processed/autsl20/landmark46-v1/train/signer29_sample469.npz,approved,trainable,true,standard
signer29_sample498,hastane,5,83,AUTSL,AUTSL_OpenHands_pose_v1,signer29,dataset_license,train,AUTSL/train_poses/signer29_sample498_color.pkl,processed/autsl20/landmark46-v1/train/signer29_sample498.npz,approved,trainable,true,standard
signer29_sample526,hasta,4,82,AUTSL,AUTSL_OpenHands_pose_v1,signer29,dataset_license,train,AUTSL/train_poses/signer29_sample526_color.pkl,processed/autsl20/landmark46-v1/train/signer29_sample526.npz,approved,trainable,true,standard
signer29_sample542,doktor,0,52,AUTSL,AUTSL_OpenHands_pose_v1,signer29,dataset_license,train,AUTSL/train_poses/signer29_sample542_color.pkl,processed/autsl20/landmark46-v1/train/signer29_sample542.npz,approved,trainable,true,standard
signer29_sample545,iyi,10,100,AUTSL,AUTSL_OpenHands_pose_v1,signer29,dataset_license,train,AUTSL/train_poses/signer29_sample545_color.pkl,processed/autsl20/landmark46-v1/train/signer29_sample545.npz,approved,trainable,true,standard
signer29_sample560,ilac,9,96,AUTSL,AUTSL_OpenHands_pose_v1,signer29,dataset_license,train,AUTSL/train_poses/signer29_sample560_color.pkl,processed/autsl20/landmark46-v1/train/signer29_sample560.npz,approved,trainable,true,standard
signer29_sample565,yarabandi,17,210,AUTSL,AUTSL_OpenHands_pose_v1,signer29,dataset_license,train,AUTSL/train_poses/signer29_sample565_color.pkl,processed/autsl20/landmark46-v1/train/signer29_sample565.npz,approved,trainable,true,standard
signer29_sample574,iyi,10,100,AUTSL,AUTSL_OpenHands_pose_v1,signer29,dataset_license,train,AUTSL/train_poses/signer29_sample574_color.pkl,processed/autsl20/landmark46-v1/train/signer29_sample574.npz,approved,trainable,true,standard
signer29_sample621,hayir,6,86,AUTSL,AUTSL_OpenHands_pose_v1,signer29,dataset_license,train,AUTSL/train_poses/signer29_sample621_color.pkl,processed/autsl20/landmark46-v1/train/signer29_sample621.npz,approved,trainable,true,standard
signer29_sample627,ilac,9,96,AUTSL,AUTSL_OpenHands_pose_v1,signer29,dataset_license,train,AUTSL/train_poses/signer29_sample627_color.pkl,processed/autsl20/landmark46-v1/train/signer29_sample627.npz,approved,trainable,true,standard
signer29_sample629,doktor,0,52,AUTSL,AUTSL_OpenHands_pose_v1,signer29,dataset_license,train,AUTSL/train_poses/signer29_sample629_color.pkl,processed/autsl20/landmark46-v1/train/signer29_sample629.npz,approved,trainable,true,standard
signer31_sample8,tehlike,15,192,AUTSL,AUTSL_OpenHands_pose_v1,signer31,dataset_license,train,AUTSL/train_poses/signer31_sample8_color.pkl,processed/autsl20/landmark46-v1/train/signer31_sample8.npz,approved,trainable,true,red_flag
signer31_sample19,nerede,13,138,AUTSL,AUTSL_OpenHands_pose_v1,signer31,dataset_license,train,AUTSL/train_poses/signer31_sample19_color.pkl,processed/autsl20/landmark46-v1/train/signer31_sample19.npz,approved,trainable,true,standard
signer31_sample26,ilac,9,96,AUTSL,AUTSL_OpenHands_pose_v1,signer31,dataset_license,train,AUTSL/train_poses/signer31_sample26_color.pkl,processed/autsl20/landmark46-v1/train/signer31_sample26.npz,approved,trainable,true,standard
signer31_sample35,yorgun,19,222,AUTSL,AUTSL_OpenHands_pose_v1,signer31,dataset_license,train,AUTSL/train_poses/signer31_sample35_color.pkl,processed/autsl20/landmark46-v1/train/signer31_sample35.npz,approved,trainable,true,standard
signer31_sample50,evet,2,65,AUTSL,AUTSL_OpenHands_pose_v1,signer31,dataset_license,train,AUTSL/train_poses/signer31_sample50_color.pkl,processed/autsl20/landmark46-v1/train/signer31_sample50.npz,approved,trainable,true,standard
signer31_sample52,gostermek,3,77,AUTSL,AUTSL_OpenHands_pose_v1,signer31,dataset_license,train,AUTSL/train_poses/signer31_sample52_color.pkl,processed/autsl20/landmark46-v1/train/signer31_sample52.npz,approved,trainable,true,standard
signer31_sample80,yarabandi,17,210,AUTSL,AUTSL_OpenHands_pose_v1,signer31,dataset_license,train,AUTSL/train_poses/signer31_sample80_color.pkl,processed/autsl20/landmark46-v1/train/signer31_sample80.npz,approved,trainable,true,standard
signer31_sample85,tuvalet,16,200,AUTSL,AUTSL_OpenHands_pose_v1,signer31,dataset_license,train,AUTSL/train_poses/signer31_sample85_color.pkl,processed/autsl20/landmark46-v1/train/signer31_sample85.npz,approved,trainable,true,standard
signer31_sample87,hasta,4,82,AUTSL,AUTSL_OpenHands_pose_v1,signer31,dataset_license,train,AUTSL/train_poses/signer31_sample87_color.pkl,processed/autsl20/landmark46-v1/train/signer31_sample87.npz,approved,trainable,true,standard
signer31_sample88,eczane,1,58,AUTSL,AUTSL_OpenHands_pose_v1,signer31,dataset_license,train,AUTSL/train_poses/signer31_sample88_color.pkl,processed/autsl20/landmark46-v1/train/signer31_sample88.npz,approved,trainable,true,standard
signer31_sample108,tuvalet,16,200,AUTSL,AUTSL_OpenHands_pose_v1,signer31,dataset_license,train,AUTSL/train_poses/signer31_sample108_color.pkl,processed/autsl20/landmark46-v1/train/signer31_sample108.npz,approved,trainable,true,standard
signer31_sample113,yorgun,19,222,AUTSL,AUTSL_OpenHands_pose_v1,signer31,dataset_license,train,AUTSL/train_poses/signer31_sample113_color.pkl,processed/autsl20/landmark46-v1/train/signer31_sample113.npz,approved,trainable,true,standard
signer31_sample117,gostermek,3,77,AUTSL,AUTSL_OpenHands_pose_v1,signer31,dataset_license,train,AUTSL/train_poses/signer31_sample117_color.pkl,processed/autsl20/landmark46-v1/train/signer31_sample117.npz,approved,trainable,true,standard
signer31_sample130,eczane,1,58,AUTSL,AUTSL_OpenHands_pose_v1,signer31,dataset_license,train,AUTSL/train_poses/signer31_sample130_color.pkl,processed/autsl20/landmark46-v1/train/signer31_sample130.npz,approved,trainable,true,standard
signer31_sample131,tehlike,15,192,AUTSL,AUTSL_OpenHands_pose_v1,signer31,dataset_license,train,AUTSL/train_poses/signer31_sample131_color.pkl,processed/autsl20/landmark46-v1/train/signer31_sample131.npz,approved,trainable,true,red_flag
signer31_sample155,doktor,0,52,AUTSL,AUTSL_OpenHands_pose_v1,signer31,dataset_license,train,AUTSL/train_poses/signer31_sample155_color.pkl,processed/autsl20/landmark46-v1/train/signer31_sample155.npz,approved,trainable,true,standard
signer31_sample161,igne,8,95,AUTSL,AUTSL_OpenHands_pose_v1,signer31,dataset_license,train,AUTSL/train_poses/signer31_sample161_color.pkl,processed/autsl20/landmark46-v1/train/signer31_sample161.npz,approved,trainable,true,standard
signer31_sample171,hayir,6,86,AUTSL,AUTSL_OpenHands_pose_v1,signer31,dataset_license,train,AUTSL/train_poses/signer31_sample171_color.pkl,processed/autsl20/landmark46-v1/train/signer31_sample171.npz,approved,trainable,true,standard
signer31_sample174,nerede,13,138,AUTSL,AUTSL_OpenHands_pose_v1,signer31,dataset_license,train,AUTSL/train_poses/signer31_sample174_color.pkl,processed/autsl20/landmark46-v1/train/signer31_sample174.npz,approved,trainable,true,standard
signer31_sample192,hastane,5,83,AUTSL,AUTSL_OpenHands_pose_v1,signer31,dataset_license,train,AUTSL/train_poses/signer31_sample192_color.pkl,processed/autsl20/landmark46-v1/train/signer31_sample192.npz,approved,trainable,true,standard
signer31_sample199,gostermek,3,77,AUTSL,AUTSL_OpenHands_pose_v1,signer31,dataset_license,train,AUTSL/train_poses/signer31_sample199_color.pkl,processed/autsl20/landmark46-v1/train/signer31_sample199.npz,approved,trainable,true,standard
signer31_sample208,kotu,12,122,AUTSL,AUTSL_OpenHands_pose_v1,signer31,dataset_license,train,AUTSL/train_poses/signer31_sample208_color.pkl,processed/autsl20/landmark46-v1/train/signer31_sample208.npz,approved,trainable,true,standard
signer31_sample222,icmek,7,94,AUTSL,AUTSL_OpenHands_pose_v1,signer31,dataset_license,train,AUTSL/train_poses/signer31_sample222_color.pkl,processed/autsl20/landmark46-v1/train/signer31_sample222.npz,approved,trainable,true,standard
signer31_sample224,iyi,10,100,AUTSL,AUTSL_OpenHands_pose_v1,signer31,dataset_license,train,AUTSL/train_poses/signer31_sample224_color.pkl,processed/autsl20/landmark46-v1/train/signer31_sample224.npz,approved,trainable,true,standard
signer31_sample229,kaza,11,108,AUTSL,AUTSL_OpenHands_pose_v1,signer31,dataset_license,train,AUTSL/train_poses/signer31_sample229_color.pkl,processed/autsl20/landmark46-v1/train/signer31_sample229.npz,approved,trainable,true,standard
signer31_sample251,iyi,10,100,AUTSL,AUTSL_OpenHands_pose_v1,signer31,dataset_license,train,AUTSL/train_poses/signer31_sample251_color.pkl,processed/autsl20/landmark46-v1/train/signer31_sample251.npz,approved,trainable,true,standard
signer31_sample256,hasta,4,82,AUTSL,AUTSL_OpenHands_pose_v1,signer31,dataset_license,train,AUTSL/train_poses/signer31_sample256_color.pkl,processed/autsl20/landmark46-v1/train/signer31_sample256.npz,approved,trainable,true,standard
signer31_sample270,yarabandi,17,210,AUTSL,AUTSL_OpenHands_pose_v1,signer31,dataset_license,train,AUTSL/train_poses/signer31_sample270_color.pkl,processed/autsl20/landmark46-v1/train/signer31_sample270.npz,approved,trainable,true,standard
signer31_sample278,doktor,0,52,AUTSL,AUTSL_OpenHands_pose_v1,signer31,dataset_license,train,AUTSL/train_poses/signer31_sample278_color.pkl,processed/autsl20/landmark46-v1/train/signer31_sample278.npz,approved,trainable,true,standard
signer31_sample281,yardim,18,211,AUTSL,AUTSL_OpenHands_pose_v1,signer31,dataset_license,train,AUTSL/train_poses/signer31_sample281_color.pkl,processed/autsl20/landmark46-v1/train/signer31_sample281.npz,approved,trainable,true,red_flag
signer31_sample304,evet,2,65,AUTSL,AUTSL_OpenHands_pose_v1,signer31,dataset_license,train,AUTSL/train_poses/signer31_sample304_color.pkl,processed/autsl20/landmark46-v1/train/signer31_sample304.npz,approved,trainable,true,standard
signer31_sample305,evet,2,65,AUTSL,AUTSL_OpenHands_pose_v1,signer31,dataset_license,train,AUTSL/train_poses/signer31_sample305_color.pkl,processed/autsl20/landmark46-v1/train/signer31_sample305.npz,approved,trainable,true,standard
signer31_sample308,kaza,11,108,AUTSL,AUTSL_OpenHands_pose_v1,signer31,dataset_license,train,AUTSL/train_poses/signer31_sample308_color.pkl,processed/autsl20/landmark46-v1/train/signer31_sample308.npz,approved,trainable,true,standard
signer31_sample322,hastane,5,83,AUTSL,AUTSL_OpenHands_pose_v1,signer31,dataset_license,train,AUTSL/train_poses/signer31_sample322_color.pkl,processed/autsl20/landmark46-v1/train/signer31_sample322.npz,approved,trainable,true,standard
signer31_sample323,yardim,18,211,AUTSL,AUTSL_OpenHands_pose_v1,signer31,dataset_license,train,AUTSL/train_poses/signer31_sample323_color.pkl,processed/autsl20/landmark46-v1/train/signer31_sample323.npz,approved,trainable,true,red_flag
signer31_sample341,hayir,6,86,AUTSL,AUTSL_OpenHands_pose_v1,signer31,dataset_license,train,AUTSL/train_poses/signer31_sample341_color.pkl,processed/autsl20/landmark46-v1/train/signer31_sample341.npz,approved,trainable,true,standard
signer31_sample374,ilac,9,96,AUTSL,AUTSL_OpenHands_pose_v1,signer31,dataset_license,train,AUTSL/train_poses/signer31_sample374_color.pkl,processed/autsl20/landmark46-v1/train/signer31_sample374.npz,approved,trainable,true,standard
signer31_sample379,kaza,11,108,AUTSL,AUTSL_OpenHands_pose_v1,signer31,dataset_license,train,AUTSL/train_poses/signer31_sample379_color.pkl,processed/autsl20/landmark46-v1/train/signer31_sample379.npz,approved,trainable,true,standard
signer31_sample382,kotu,12,122,AUTSL,AUTSL_OpenHands_pose_v1,signer31,dataset_license,train,AUTSL/train_poses/signer31_sample382_color.pkl,processed/autsl20/landmark46-v1/train/signer31_sample382.npz,approved,trainable,true,standard
signer31_sample405,tuvalet,16,200,AUTSL,AUTSL_OpenHands_pose_v1,signer31,dataset_license,train,AUTSL/train_poses/signer31_sample405_color.pkl,processed/autsl20/landmark46-v1/train/signer31_sample405.npz,approved,trainable,true,standard
signer31_sample435,tehlike,15,192,AUTSL,AUTSL_OpenHands_pose_v1,signer31,dataset_license,train,AUTSL/train_poses/signer31_sample435_color.pkl,processed/autsl20/landmark46-v1/train/signer31_sample435.npz,approved,trainable,true,red_flag
signer31_sample439,iyi,10,100,AUTSL,AUTSL_OpenHands_pose_v1,signer31,dataset_license,train,AUTSL/train_poses/signer31_sample439_color.pkl,processed/autsl20/landmark46-v1/train/signer31_sample439.npz,approved,trainable,true,standard
signer31_sample455,yardim,18,211,AUTSL,AUTSL_OpenHands_pose_v1,signer31,dataset_license,train,AUTSL/train_poses/signer31_sample455_color.pkl,processed/autsl20/landmark46-v1/train/signer31_sample455.npz,approved,trainable,true,red_flag
signer31_sample468,hasta,4,82,AUTSL,AUTSL_OpenHands_pose_v1,signer31,dataset_license,train,AUTSL/train_poses/signer31_sample468_color.pkl,processed/autsl20/landmark46-v1/train/signer31_sample468.npz,approved,trainable,true,standard
signer31_sample473,yarabandi,17,210,AUTSL,AUTSL_OpenHands_pose_v1,signer31,dataset_license,train,AUTSL/train_poses/signer31_sample473_color.pkl,processed/autsl20/landmark46-v1/train/signer31_sample473.npz,approved,trainable,true,standard
signer31_sample504,nerede,13,138,AUTSL,AUTSL_OpenHands_pose_v1,signer31,dataset_license,train,AUTSL/train_poses/signer31_sample504_color.pkl,processed/autsl20/landmark46-v1/train/signer31_sample504.npz,approved,trainable,true,standard
signer31_sample508,yorgun,19,222,AUTSL,AUTSL_OpenHands_pose_v1,signer31,dataset_license,train,AUTSL/train_poses/signer31_sample508_color.pkl,processed/autsl20/landmark46-v1/train/signer31_sample508.npz,approved,trainable,true,standard
signer31_sample512,ilac,9,96,AUTSL,AUTSL_OpenHands_pose_v1,signer31,dataset_license,train,AUTSL/train_poses/signer31_sample512_color.pkl,processed/autsl20/landmark46-v1/train/signer31_sample512.npz,approved,trainable,true,standard
signer31_sample516,hastane,5,83,AUTSL,AUTSL_OpenHands_pose_v1,signer31,dataset_license,train,AUTSL/train_poses/signer31_sample516_color.pkl,processed/autsl20/landmark46-v1/train/signer31_sample516.npz,approved,trainable,true,standard
signer31_sample520,hayir,6,86,AUTSL,AUTSL_OpenHands_pose_v1,signer31,dataset_license,train,AUTSL/train_poses/signer31_sample520_color.pkl,processed/autsl20/landmark46-v1/train/signer31_sample520.npz,approved,trainable,true,standard
signer31_sample544,kotu,12,122,AUTSL,AUTSL_OpenHands_pose_v1,signer31,dataset_license,train,AUTSL/train_poses/signer31_sample544_color.pkl,processed/autsl20/landmark46-v1/train/signer31_sample544.npz,approved,trainable,true,standard
signer31_sample553,icmek,7,94,AUTSL,AUTSL_OpenHands_pose_v1,signer31,dataset_license,train,AUTSL/train_poses/signer31_sample553_color.pkl,processed/autsl20/landmark46-v1/train/signer31_sample553.npz,approved,trainable,true,standard
signer31_sample563,igne,8,95,AUTSL,AUTSL_OpenHands_pose_v1,signer31,dataset_license,train,AUTSL/train_poses/signer31_sample563_color.pkl,processed/autsl20/landmark46-v1/train/signer31_sample563.npz,approved,trainable,true,standard
signer31_sample573,doktor,0,52,AUTSL,AUTSL_OpenHands_pose_v1,signer31,dataset_license,train,AUTSL/train_poses/signer31_sample573_color.pkl,processed/autsl20/landmark46-v1/train/signer31_sample573.npz,approved,trainable,true,standard
signer31_sample584,eczane,1,58,AUTSL,AUTSL_OpenHands_pose_v1,signer31,dataset_license,train,AUTSL/train_poses/signer31_sample584_color.pkl,processed/autsl20/landmark46-v1/train/signer31_sample584.npz,approved,trainable,true,standard
signer31_sample647,icmek,7,94,AUTSL,AUTSL_OpenHands_pose_v1,signer31,dataset_license,train,AUTSL/train_poses/signer31_sample647_color.pkl,processed/autsl20/landmark46-v1/train/signer31_sample647.npz,approved,trainable,true,standard
signer31_sample654,igne,8,95,AUTSL,AUTSL_OpenHands_pose_v1,signer31,dataset_license,train,AUTSL/train_poses/signer31_sample654_color.pkl,processed/autsl20/landmark46-v1/train/signer31_sample654.npz,approved,trainable,true,standard
signer32_sample22,tehlike,15,192,AUTSL,AUTSL_OpenHands_pose_v1,signer32,dataset_license,train,AUTSL/train_poses/signer32_sample22_color.pkl,processed/autsl20/landmark46-v1/train/signer32_sample22.npz,approved,trainable,true,red_flag
signer32_sample23,hastane,5,83,AUTSL,AUTSL_OpenHands_pose_v1,signer32,dataset_license,train,AUTSL/train_poses/signer32_sample23_color.pkl,processed/autsl20/landmark46-v1/train/signer32_sample23.npz,approved,trainable,true,standard
signer32_sample30,icmek,7,94,AUTSL,AUTSL_OpenHands_pose_v1,signer32,dataset_license,train,AUTSL/train_poses/signer32_sample30_color.pkl,processed/autsl20/landmark46-v1/train/signer32_sample30.npz,approved,trainable,true,standard
signer32_sample58,eczane,1,58,AUTSL,AUTSL_OpenHands_pose_v1,signer32,dataset_license,train,AUTSL/train_poses/signer32_sample58_color.pkl,processed/autsl20/landmark46-v1/train/signer32_sample58.npz,approved,trainable,true,standard
signer32_sample63,ilac,9,96,AUTSL,AUTSL_OpenHands_pose_v1,signer32,dataset_license,train,AUTSL/train_poses/signer32_sample63_color.pkl,processed/autsl20/landmark46-v1/train/signer32_sample63.npz,approved,trainable,true,standard
signer32_sample69,yorgun,19,222,AUTSL,AUTSL_OpenHands_pose_v1,signer32,dataset_license,train,AUTSL/train_poses/signer32_sample69_color.pkl,processed/autsl20/landmark46-v1/train/signer32_sample69.npz,approved,trainable,true,standard
signer32_sample106,yorgun,19,222,AUTSL,AUTSL_OpenHands_pose_v1,signer32,dataset_license,train,AUTSL/train_poses/signer32_sample106_color.pkl,processed/autsl20/landmark46-v1/train/signer32_sample106.npz,approved,trainable,true,standard
signer32_sample118,igne,8,95,AUTSL,AUTSL_OpenHands_pose_v1,signer32,dataset_license,train,AUTSL/train_poses/signer32_sample118_color.pkl,processed/autsl20/landmark46-v1/train/signer32_sample118.npz,approved,trainable,true,standard
signer32_sample119,kotu,12,122,AUTSL,AUTSL_OpenHands_pose_v1,signer32,dataset_license,train,AUTSL/train_poses/signer32_sample119_color.pkl,processed/autsl20/landmark46-v1/train/signer32_sample119.npz,approved,trainable,true,standard
signer32_sample131,hastane,5,83,AUTSL,AUTSL_OpenHands_pose_v1,signer32,dataset_license,train,AUTSL/train_poses/signer32_sample131_color.pkl,processed/autsl20/landmark46-v1/train/signer32_sample131.npz,approved,trainable,true,standard
signer32_sample150,kotu,12,122,AUTSL,AUTSL_OpenHands_pose_v1,signer32,dataset_license,train,AUTSL/train_poses/signer32_sample150_color.pkl,processed/autsl20/landmark46-v1/train/signer32_sample150.npz,approved,trainable,true,standard
signer32_sample163,evet,2,65,AUTSL,AUTSL_OpenHands_pose_v1,signer32,dataset_license,train,AUTSL/train_poses/signer32_sample163_color.pkl,processed/autsl20/landmark46-v1/train/signer32_sample163.npz,approved,trainable,true,standard
signer32_sample183,hasta,4,82,AUTSL,AUTSL_OpenHands_pose_v1,signer32,dataset_license,train,AUTSL/train_poses/signer32_sample183_color.pkl,processed/autsl20/landmark46-v1/train/signer32_sample183.npz,approved,trainable,true,standard
signer32_sample203,igne,8,95,AUTSL,AUTSL_OpenHands_pose_v1,signer32,dataset_license,train,AUTSL/train_poses/signer32_sample203_color.pkl,processed/autsl20/landmark46-v1/train/signer32_sample203.npz,approved,trainable,true,standard
signer32_sample206,hastane,5,83,AUTSL,AUTSL_OpenHands_pose_v1,signer32,dataset_license,train,AUTSL/train_poses/signer32_sample206_color.pkl,processed/autsl20/landmark46-v1/train/signer32_sample206.npz,approved,trainable,true,standard
signer32_sample225,nerede,13,138,AUTSL,AUTSL_OpenHands_pose_v1,signer32,dataset_license,train,AUTSL/train_poses/signer32_sample225_color.pkl,processed/autsl20/landmark46-v1/train/signer32_sample225.npz,approved,trainable,true,standard
signer32_sample229,ilac,9,96,AUTSL,AUTSL_OpenHands_pose_v1,signer32,dataset_license,train,AUTSL/train_poses/signer32_sample229_color.pkl,processed/autsl20/landmark46-v1/train/signer32_sample229.npz,approved,trainable,true,standard
signer32_sample243,icmek,7,94,AUTSL,AUTSL_OpenHands_pose_v1,signer32,dataset_license,train,AUTSL/train_poses/signer32_sample243_color.pkl,processed/autsl20/landmark46-v1/train/signer32_sample243.npz,approved,trainable,true,standard
signer32_sample288,tuvalet,16,200,AUTSL,AUTSL_OpenHands_pose_v1,signer32,dataset_license,train,AUTSL/train_poses/signer32_sample288_color.pkl,processed/autsl20/landmark46-v1/train/signer32_sample288.npz,approved,trainable,true,standard
signer32_sample292,igne,8,95,AUTSL,AUTSL_OpenHands_pose_v1,signer32,dataset_license,train,AUTSL/train_poses/signer32_sample292_color.pkl,processed/autsl20/landmark46-v1/train/signer32_sample292.npz,approved,trainable,true,standard
signer32_sample309,nerede,13,138,AUTSL,AUTSL_OpenHands_pose_v1,signer32,dataset_license,train,AUTSL/train_poses/signer32_sample309_color.pkl,processed/autsl20/landmark46-v1/train/signer32_sample309.npz,approved,trainable,true,standard
signer32_sample312,gostermek,3,77,AUTSL,AUTSL_OpenHands_pose_v1,signer32,dataset_license,train,AUTSL/train_poses/signer32_sample312_color.pkl,processed/autsl20/landmark46-v1/train/signer32_sample312.npz,approved,trainable,true,standard
signer32_sample324,yardim,18,211,AUTSL,AUTSL_OpenHands_pose_v1,signer32,dataset_license,train,AUTSL/train_poses/signer32_sample324_color.pkl,processed/autsl20/landmark46-v1/train/signer32_sample324.npz,approved,trainable,true,red_flag
signer32_sample334,gostermek,3,77,AUTSL,AUTSL_OpenHands_pose_v1,signer32,dataset_license,train,AUTSL/train_poses/signer32_sample334_color.pkl,processed/autsl20/landmark46-v1/train/signer32_sample334.npz,approved,trainable,true,standard
signer32_sample338,yorgun,19,222,AUTSL,AUTSL_OpenHands_pose_v1,signer32,dataset_license,train,AUTSL/train_poses/signer32_sample338_color.pkl,processed/autsl20/landmark46-v1/train/signer32_sample338.npz,approved,trainable,true,standard
signer32_sample339,evet,2,65,AUTSL,AUTSL_OpenHands_pose_v1,signer32,dataset_license,train,AUTSL/train_poses/signer32_sample339_color.pkl,processed/autsl20/landmark46-v1/train/signer32_sample339.npz,approved,trainable,true,standard
signer32_sample344,tuvalet,16,200,AUTSL,AUTSL_OpenHands_pose_v1,signer32,dataset_license,train,AUTSL/train_poses/signer32_sample344_color.pkl,processed/autsl20/landmark46-v1/train/signer32_sample344.npz,approved,trainable,true,standard
signer32_sample378,nerede,13,138,AUTSL,AUTSL_OpenHands_pose_v1,signer32,dataset_license,train,AUTSL/train_poses/signer32_sample378_color.pkl,processed/autsl20/landmark46-v1/train/signer32_sample378.npz,approved,trainable,true,standard
signer32_sample382,hasta,4,82,AUTSL,AUTSL_OpenHands_pose_v1,signer32,dataset_license,train,AUTSL/train_poses/signer32_sample382_color.pkl,processed/autsl20/landmark46-v1/train/signer32_sample382.npz,approved,trainable,true,standard
signer32_sample394,kaza,11,108,AUTSL,AUTSL_OpenHands_pose_v1,signer32,dataset_license,train,AUTSL/train_poses/signer32_sample394_color.pkl,processed/autsl20/landmark46-v1/train/signer32_sample394.npz,approved,trainable,true,standard
signer32_sample396,yardim,18,211,AUTSL,AUTSL_OpenHands_pose_v1,signer32,dataset_license,train,AUTSL/train_poses/signer32_sample396_color.pkl,processed/autsl20/landmark46-v1/train/signer32_sample396.npz,approved,trainable,true,red_flag
signer32_sample401,iyi,10,100,AUTSL,AUTSL_OpenHands_pose_v1,signer32,dataset_license,train,AUTSL/train_poses/signer32_sample401_color.pkl,processed/autsl20/landmark46-v1/train/signer32_sample401.npz,approved,trainable,true,standard
signer32_sample432,tehlike,15,192,AUTSL,AUTSL_OpenHands_pose_v1,signer32,dataset_license,train,AUTSL/train_poses/signer32_sample432_color.pkl,processed/autsl20/landmark46-v1/train/signer32_sample432.npz,approved,trainable,true,red_flag
signer32_sample433,iyi,10,100,AUTSL,AUTSL_OpenHands_pose_v1,signer32,dataset_license,train,AUTSL/train_poses/signer32_sample433_color.pkl,processed/autsl20/landmark46-v1/train/signer32_sample433.npz,approved,trainable,true,standard
signer32_sample435,kaza,11,108,AUTSL,AUTSL_OpenHands_pose_v1,signer32,dataset_license,train,AUTSL/train_poses/signer32_sample435_color.pkl,processed/autsl20/landmark46-v1/train/signer32_sample435.npz,approved,trainable,true,standard
signer32_sample449,ilac,9,96,AUTSL,AUTSL_OpenHands_pose_v1,signer32,dataset_license,train,AUTSL/train_poses/signer32_sample449_color.pkl,processed/autsl20/landmark46-v1/train/signer32_sample449.npz,approved,trainable,true,standard
signer32_sample450,hayir,6,86,AUTSL,AUTSL_OpenHands_pose_v1,signer32,dataset_license,train,AUTSL/train_poses/signer32_sample450_color.pkl,processed/autsl20/landmark46-v1/train/signer32_sample450.npz,approved,trainable,true,standard
signer32_sample466,yardim,18,211,AUTSL,AUTSL_OpenHands_pose_v1,signer32,dataset_license,train,AUTSL/train_poses/signer32_sample466_color.pkl,processed/autsl20/landmark46-v1/train/signer32_sample466.npz,approved,trainable,true,red_flag
signer32_sample473,gostermek,3,77,AUTSL,AUTSL_OpenHands_pose_v1,signer32,dataset_license,train,AUTSL/train_poses/signer32_sample473_color.pkl,processed/autsl20/landmark46-v1/train/signer32_sample473.npz,approved,trainable,true,standard
signer32_sample484,evet,2,65,AUTSL,AUTSL_OpenHands_pose_v1,signer32,dataset_license,train,AUTSL/train_poses/signer32_sample484_color.pkl,processed/autsl20/landmark46-v1/train/signer32_sample484.npz,approved,trainable,true,standard
signer32_sample503,iyi,10,100,AUTSL,AUTSL_OpenHands_pose_v1,signer32,dataset_license,train,AUTSL/train_poses/signer32_sample503_color.pkl,processed/autsl20/landmark46-v1/train/signer32_sample503.npz,approved,trainable,true,standard
signer32_sample508,yarabandi,17,210,AUTSL,AUTSL_OpenHands_pose_v1,signer32,dataset_license,train,AUTSL/train_poses/signer32_sample508_color.pkl,processed/autsl20/landmark46-v1/train/signer32_sample508.npz,approved,trainable,true,standard
signer32_sample516,tuvalet,16,200,AUTSL,AUTSL_OpenHands_pose_v1,signer32,dataset_license,train,AUTSL/train_poses/signer32_sample516_color.pkl,processed/autsl20/landmark46-v1/train/signer32_sample516.npz,approved,trainable,true,standard
signer32_sample517,yarabandi,17,210,AUTSL,AUTSL_OpenHands_pose_v1,signer32,dataset_license,train,AUTSL/train_poses/signer32_sample517_color.pkl,processed/autsl20/landmark46-v1/train/signer32_sample517.npz,approved,trainable,true,standard
signer32_sample523,kaza,11,108,AUTSL,AUTSL_OpenHands_pose_v1,signer32,dataset_license,train,AUTSL/train_poses/signer32_sample523_color.pkl,processed/autsl20/landmark46-v1/train/signer32_sample523.npz,approved,trainable,true,standard
signer32_sample524,hasta,4,82,AUTSL,AUTSL_OpenHands_pose_v1,signer32,dataset_license,train,AUTSL/train_poses/signer32_sample524_color.pkl,processed/autsl20/landmark46-v1/train/signer32_sample524.npz,approved,trainable,true,standard
signer32_sample532,hayir,6,86,AUTSL,AUTSL_OpenHands_pose_v1,signer32,dataset_license,train,AUTSL/train_poses/signer32_sample532_color.pkl,processed/autsl20/landmark46-v1/train/signer32_sample532.npz,approved,trainable,true,standard
signer32_sample542,hayir,6,86,AUTSL,AUTSL_OpenHands_pose_v1,signer32,dataset_license,train,AUTSL/train_poses/signer32_sample542_color.pkl,processed/autsl20/landmark46-v1/train/signer32_sample542.npz,approved,trainable,true,standard
signer32_sample547,tehlike,15,192,AUTSL,AUTSL_OpenHands_pose_v1,signer32,dataset_license,train,AUTSL/train_poses/signer32_sample547_color.pkl,processed/autsl20/landmark46-v1/train/signer32_sample547.npz,approved,trainable,true,red_flag
signer32_sample551,kotu,12,122,AUTSL,AUTSL_OpenHands_pose_v1,signer32,dataset_license,train,AUTSL/train_poses/signer32_sample551_color.pkl,processed/autsl20/landmark46-v1/train/signer32_sample551.npz,approved,trainable,true,standard
signer32_sample623,eczane,1,58,AUTSL,AUTSL_OpenHands_pose_v1,signer32,dataset_license,train,AUTSL/train_poses/signer32_sample623_color.pkl,processed/autsl20/landmark46-v1/train/signer32_sample623.npz,approved,trainable,true,standard
signer33_sample26,yardim,18,211,AUTSL,AUTSL_OpenHands_pose_v1,signer33,dataset_license,train,AUTSL/train_poses/signer33_sample26_color.pkl,processed/autsl20/landmark46-v1/train/signer33_sample26.npz,approved,trainable,true,red_flag
signer33_sample56,doktor,0,52,AUTSL,AUTSL_OpenHands_pose_v1,signer33,dataset_license,train,AUTSL/train_poses/signer33_sample56_color.pkl,processed/autsl20/landmark46-v1/train/signer33_sample56.npz,approved,trainable,true,standard
signer33_sample110,evet,2,65,AUTSL,AUTSL_OpenHands_pose_v1,signer33,dataset_license,train,AUTSL/train_poses/signer33_sample110_color.pkl,processed/autsl20/landmark46-v1/train/signer33_sample110.npz,approved,trainable,true,standard
signer33_sample118,yorgun,19,222,AUTSL,AUTSL_OpenHands_pose_v1,signer33,dataset_license,train,AUTSL/train_poses/signer33_sample118_color.pkl,processed/autsl20/landmark46-v1/train/signer33_sample118.npz,approved,trainable,true,standard
signer33_sample129,igne,8,95,AUTSL,AUTSL_OpenHands_pose_v1,signer33,dataset_license,train,AUTSL/train_poses/signer33_sample129_color.pkl,processed/autsl20/landmark46-v1/train/signer33_sample129.npz,approved,trainable,true,standard
signer33_sample133,tuvalet,16,200,AUTSL,AUTSL_OpenHands_pose_v1,signer33,dataset_license,train,AUTSL/train_poses/signer33_sample133_color.pkl,processed/autsl20/landmark46-v1/train/signer33_sample133.npz,approved,trainable,true,standard
signer33_sample148,tehlike,15,192,AUTSL,AUTSL_OpenHands_pose_v1,signer33,dataset_license,train,AUTSL/train_poses/signer33_sample148_color.pkl,processed/autsl20/landmark46-v1/train/signer33_sample148.npz,approved,trainable,true,red_flag
signer33_sample151,tuvalet,16,200,AUTSL,AUTSL_OpenHands_pose_v1,signer33,dataset_license,train,AUTSL/train_poses/signer33_sample151_color.pkl,processed/autsl20/landmark46-v1/train/signer33_sample151.npz,approved,trainable,true,standard
signer33_sample160,eczane,1,58,AUTSL,AUTSL_OpenHands_pose_v1,signer33,dataset_license,train,AUTSL/train_poses/signer33_sample160_color.pkl,processed/autsl20/landmark46-v1/train/signer33_sample160.npz,approved,trainable,true,standard
signer33_sample167,kaza,11,108,AUTSL,AUTSL_OpenHands_pose_v1,signer33,dataset_license,train,AUTSL/train_poses/signer33_sample167_color.pkl,processed/autsl20/landmark46-v1/train/signer33_sample167.npz,approved,trainable,true,standard
signer33_sample177,iyi,10,100,AUTSL,AUTSL_OpenHands_pose_v1,signer33,dataset_license,train,AUTSL/train_poses/signer33_sample177_color.pkl,processed/autsl20/landmark46-v1/train/signer33_sample177.npz,approved,trainable,true,standard
signer33_sample179,gostermek,3,77,AUTSL,AUTSL_OpenHands_pose_v1,signer33,dataset_license,train,AUTSL/train_poses/signer33_sample179_color.pkl,processed/autsl20/landmark46-v1/train/signer33_sample179.npz,approved,trainable,true,standard
signer33_sample191,yorgun,19,222,AUTSL,AUTSL_OpenHands_pose_v1,signer33,dataset_license,train,AUTSL/train_poses/signer33_sample191_color.pkl,processed/autsl20/landmark46-v1/train/signer33_sample191.npz,approved,trainable,true,standard
signer33_sample206,nerede,13,138,AUTSL,AUTSL_OpenHands_pose_v1,signer33,dataset_license,train,AUTSL/train_poses/signer33_sample206_color.pkl,processed/autsl20/landmark46-v1/train/signer33_sample206.npz,approved,trainable,true,standard
signer33_sample217,kotu,12,122,AUTSL,AUTSL_OpenHands_pose_v1,signer33,dataset_license,train,AUTSL/train_poses/signer33_sample217_color.pkl,processed/autsl20/landmark46-v1/train/signer33_sample217.npz,approved,trainable,true,standard
signer33_sample223,iyi,10,100,AUTSL,AUTSL_OpenHands_pose_v1,signer33,dataset_license,train,AUTSL/train_poses/signer33_sample223_color.pkl,processed/autsl20/landmark46-v1/train/signer33_sample223.npz,approved,trainable,true,standard
signer33_sample240,nerede,13,138,AUTSL,AUTSL_OpenHands_pose_v1,signer33,dataset_license,train,AUTSL/train_poses/signer33_sample240_color.pkl,processed/autsl20/landmark46-v1/train/signer33_sample240.npz,approved,trainable,true,standard
signer33_sample248,hasta,4,82,AUTSL,AUTSL_OpenHands_pose_v1,signer33,dataset_license,train,AUTSL/train_poses/signer33_sample248_color.pkl,processed/autsl20/landmark46-v1/train/signer33_sample248.npz,approved,trainable,true,standard
signer33_sample270,igne,8,95,AUTSL,AUTSL_OpenHands_pose_v1,signer33,dataset_license,train,AUTSL/train_poses/signer33_sample270_color.pkl,processed/autsl20/landmark46-v1/train/signer33_sample270.npz,approved,trainable,true,standard
signer33_sample285,tuvalet,16,200,AUTSL,AUTSL_OpenHands_pose_v1,signer33,dataset_license,train,AUTSL/train_poses/signer33_sample285_color.pkl,processed/autsl20/landmark46-v1/train/signer33_sample285.npz,approved,trainable,true,standard
signer33_sample288,icmek,7,94,AUTSL,AUTSL_OpenHands_pose_v1,signer33,dataset_license,train,AUTSL/train_poses/signer33_sample288_color.pkl,processed/autsl20/landmark46-v1/train/signer33_sample288.npz,approved,trainable,true,standard
signer33_sample302,seker,14,172,AUTSL,AUTSL_OpenHands_pose_v1,signer33,dataset_license,train,AUTSL/train_poses/signer33_sample302_color.pkl,processed/autsl20/landmark46-v1/train/signer33_sample302.npz,approved,trainable,true,standard
signer33_sample316,eczane,1,58,AUTSL,AUTSL_OpenHands_pose_v1,signer33,dataset_license,train,AUTSL/train_poses/signer33_sample316_color.pkl,processed/autsl20/landmark46-v1/train/signer33_sample316.npz,approved,trainable,true,standard
signer33_sample322,seker,14,172,AUTSL,AUTSL_OpenHands_pose_v1,signer33,dataset_license,train,AUTSL/train_poses/signer33_sample322_color.pkl,processed/autsl20/landmark46-v1/train/signer33_sample322.npz,approved,trainable,true,standard
signer33_sample348,hastane,5,83,AUTSL,AUTSL_OpenHands_pose_v1,signer33,dataset_license,train,AUTSL/train_poses/signer33_sample348_color.pkl,processed/autsl20/landmark46-v1/train/signer33_sample348.npz,approved,trainable,true,standard
signer33_sample353,hastane,5,83,AUTSL,AUTSL_OpenHands_pose_v1,signer33,dataset_license,train,AUTSL/train_poses/signer33_sample353_color.pkl,processed/autsl20/landmark46-v1/train/signer33_sample353.npz,approved,trainable,true,standard
signer33_sample357,gostermek,3,77,AUTSL,AUTSL_OpenHands_pose_v1,signer33,dataset_license,train,AUTSL/train_poses/signer33_sample357_color.pkl,processed/autsl20/landmark46-v1/train/signer33_sample357.npz,approved,trainable,true,standard
signer33_sample371,iyi,10,100,AUTSL,AUTSL_OpenHands_pose_v1,signer33,dataset_license,train,AUTSL/train_poses/signer33_sample371_color.pkl,processed/autsl20/landmark46-v1/train/signer33_sample371.npz,approved,trainable,true,standard
signer33_sample381,eczane,1,58,AUTSL,AUTSL_OpenHands_pose_v1,signer33,dataset_license,train,AUTSL/train_poses/signer33_sample381_color.pkl,processed/autsl20/landmark46-v1/train/signer33_sample381.npz,approved,trainable,true,standard
signer33_sample429,nerede,13,138,AUTSL,AUTSL_OpenHands_pose_v1,signer33,dataset_license,train,AUTSL/train_poses/signer33_sample429_color.pkl,processed/autsl20/landmark46-v1/train/signer33_sample429.npz,approved,trainable,true,standard
signer33_sample430,yardim,18,211,AUTSL,AUTSL_OpenHands_pose_v1,signer33,dataset_license,train,AUTSL/train_poses/signer33_sample430_color.pkl,processed/autsl20/landmark46-v1/train/signer33_sample430.npz,approved,trainable,true,red_flag
signer33_sample439,hastane,5,83,AUTSL,AUTSL_OpenHands_pose_v1,signer33,dataset_license,train,AUTSL/train_poses/signer33_sample439_color.pkl,processed/autsl20/landmark46-v1/train/signer33_sample439.npz,approved,trainable,true,standard
signer33_sample447,hasta,4,82,AUTSL,AUTSL_OpenHands_pose_v1,signer33,dataset_license,train,AUTSL/train_poses/signer33_sample447_color.pkl,processed/autsl20/landmark46-v1/train/signer33_sample447.npz,approved,trainable,true,standard
signer33_sample454,evet,2,65,AUTSL,AUTSL_OpenHands_pose_v1,signer33,dataset_license,train,AUTSL/train_poses/signer33_sample454_color.pkl,processed/autsl20/landmark46-v1/train/signer33_sample454.npz,approved,trainable,true,standard
signer33_sample462,icmek,7,94,AUTSL,AUTSL_OpenHands_pose_v1,signer33,dataset_license,train,AUTSL/train_poses/signer33_sample462_color.pkl,processed/autsl20/landmark46-v1/train/signer33_sample462.npz,approved,trainable,true,standard
signer33_sample467,yorgun,19,222,AUTSL,AUTSL_OpenHands_pose_v1,signer33,dataset_license,train,AUTSL/train_poses/signer33_sample467_color.pkl,processed/autsl20/landmark46-v1/train/signer33_sample467.npz,approved,trainable,true,standard
signer33_sample470,hayir,6,86,AUTSL,AUTSL_OpenHands_pose_v1,signer33,dataset_license,train,AUTSL/train_poses/signer33_sample470_color.pkl,processed/autsl20/landmark46-v1/train/signer33_sample470.npz,approved,trainable,true,standard
signer33_sample474,yarabandi,17,210,AUTSL,AUTSL_OpenHands_pose_v1,signer33,dataset_license,train,AUTSL/train_poses/signer33_sample474_color.pkl,processed/autsl20/landmark46-v1/train/signer33_sample474.npz,approved,trainable,true,standard
signer33_sample481,evet,2,65,AUTSL,AUTSL_OpenHands_pose_v1,signer33,dataset_license,train,AUTSL/train_poses/signer33_sample481_color.pkl,processed/autsl20/landmark46-v1/train/signer33_sample481.npz,approved,trainable,true,standard
signer33_sample489,kotu,12,122,AUTSL,AUTSL_OpenHands_pose_v1,signer33,dataset_license,train,AUTSL/train_poses/signer33_sample489_color.pkl,processed/autsl20/landmark46-v1/train/signer33_sample489.npz,approved,trainable,true,standard
signer33_sample492,yarabandi,17,210,AUTSL,AUTSL_OpenHands_pose_v1,signer33,dataset_license,train,AUTSL/train_poses/signer33_sample492_color.pkl,processed/autsl20/landmark46-v1/train/signer33_sample492.npz,approved,trainable,true,standard
signer33_sample504,gostermek,3,77,AUTSL,AUTSL_OpenHands_pose_v1,signer33,dataset_license,train,AUTSL/train_poses/signer33_sample504_color.pkl,processed/autsl20/landmark46-v1/train/signer33_sample504.npz,approved,trainable,true,standard
signer33_sample513,tehlike,15,192,AUTSL,AUTSL_OpenHands_pose_v1,signer33,dataset_license,train,AUTSL/train_poses/signer33_sample513_color.pkl,processed/autsl20/landmark46-v1/train/signer33_sample513.npz,approved,trainable,true,red_flag
signer33_sample534,kotu,12,122,AUTSL,AUTSL_OpenHands_pose_v1,signer33,dataset_license,train,AUTSL/train_poses/signer33_sample534_color.pkl,processed/autsl20/landmark46-v1/train/signer33_sample534.npz,approved,trainable,true,standard
signer33_sample542,yardim,18,211,AUTSL,AUTSL_OpenHands_pose_v1,signer33,dataset_license,train,AUTSL/train_poses/signer33_sample542_color.pkl,processed/autsl20/landmark46-v1/train/signer33_sample542.npz,approved,trainable,true,red_flag
signer33_sample552,yarabandi,17,210,AUTSL,AUTSL_OpenHands_pose_v1,signer33,dataset_license,train,AUTSL/train_poses/signer33_sample552_color.pkl,processed/autsl20/landmark46-v1/train/signer33_sample552.npz,approved,trainable,true,standard
signer33_sample554,kaza,11,108,AUTSL,AUTSL_OpenHands_pose_v1,signer33,dataset_license,train,AUTSL/train_poses/signer33_sample554_color.pkl,processed/autsl20/landmark46-v1/train/signer33_sample554.npz,approved,trainable,true,standard
signer33_sample560,tehlike,15,192,AUTSL,AUTSL_OpenHands_pose_v1,signer33,dataset_license,train,AUTSL/train_poses/signer33_sample560_color.pkl,processed/autsl20/landmark46-v1/train/signer33_sample560.npz,approved,trainable,true,red_flag
signer33_sample561,ilac,9,96,AUTSL,AUTSL_OpenHands_pose_v1,signer33,dataset_license,train,AUTSL/train_poses/signer33_sample561_color.pkl,processed/autsl20/landmark46-v1/train/signer33_sample561.npz,approved,trainable,true,standard
signer33_sample570,igne,8,95,AUTSL,AUTSL_OpenHands_pose_v1,signer33,dataset_license,train,AUTSL/train_poses/signer33_sample570_color.pkl,processed/autsl20/landmark46-v1/train/signer33_sample570.npz,approved,trainable,true,standard
signer33_sample615,icmek,7,94,AUTSL,AUTSL_OpenHands_pose_v1,signer33,dataset_license,train,AUTSL/train_poses/signer33_sample615_color.pkl,processed/autsl20/landmark46-v1/train/signer33_sample615.npz,approved,trainable,true,standard
signer33_sample618,hasta,4,82,AUTSL,AUTSL_OpenHands_pose_v1,signer33,dataset_license,train,AUTSL/train_poses/signer33_sample618_color.pkl,processed/autsl20/landmark46-v1/train/signer33_sample618.npz,approved,trainable,true,standard
signer33_sample628,ilac,9,96,AUTSL,AUTSL_OpenHands_pose_v1,signer33,dataset_license,train,AUTSL/train_poses/signer33_sample628_color.pkl,processed/autsl20/landmark46-v1/train/signer33_sample628.npz,approved,trainable,true,standard
signer33_sample637,doktor,0,52,AUTSL,AUTSL_OpenHands_pose_v1,signer33,dataset_license,train,AUTSL/train_poses/signer33_sample637_color.pkl,processed/autsl20/landmark46-v1/train/signer33_sample637.npz,approved,trainable,true,standard
signer33_sample640,ilac,9,96,AUTSL,AUTSL_OpenHands_pose_v1,signer33,dataset_license,train,AUTSL/train_poses/signer33_sample640_color.pkl,processed/autsl20/landmark46-v1/train/signer33_sample640.npz,approved,trainable,true,standard
signer33_sample645,seker,14,172,AUTSL,AUTSL_OpenHands_pose_v1,signer33,dataset_license,train,AUTSL/train_poses/signer33_sample645_color.pkl,processed/autsl20/landmark46-v1/train/signer33_sample645.npz,approved,trainable,true,standard
signer33_sample650,kaza,11,108,AUTSL,AUTSL_OpenHands_pose_v1,signer33,dataset_license,train,AUTSL/train_poses/signer33_sample650_color.pkl,processed/autsl20/landmark46-v1/train/signer33_sample650.npz,approved,trainable,true,standard
signer33_sample660,hayir,6,86,AUTSL,AUTSL_OpenHands_pose_v1,signer33,dataset_license,train,AUTSL/train_poses/signer33_sample660_color.pkl,processed/autsl20/landmark46-v1/train/signer33_sample660.npz,approved,trainable,true,standard
signer36_sample10,kotu,12,122,AUTSL,AUTSL_OpenHands_pose_v1,signer36,dataset_license,train,AUTSL/train_poses/signer36_sample10_color.pkl,processed/autsl20/landmark46-v1/train/signer36_sample10.npz,approved,trainable,true,standard
signer36_sample11,yardim,18,211,AUTSL,AUTSL_OpenHands_pose_v1,signer36,dataset_license,train,AUTSL/train_poses/signer36_sample11_color.pkl,processed/autsl20/landmark46-v1/train/signer36_sample11.npz,approved,trainable,true,red_flag
signer36_sample23,hastane,5,83,AUTSL,AUTSL_OpenHands_pose_v1,signer36,dataset_license,train,AUTSL/train_poses/signer36_sample23_color.pkl,processed/autsl20/landmark46-v1/train/signer36_sample23.npz,approved,trainable,true,standard
signer36_sample69,doktor,0,52,AUTSL,AUTSL_OpenHands_pose_v1,signer36,dataset_license,train,AUTSL/train_poses/signer36_sample69_color.pkl,processed/autsl20/landmark46-v1/train/signer36_sample69.npz,approved,trainable,true,standard
signer36_sample73,iyi,10,100,AUTSL,AUTSL_OpenHands_pose_v1,signer36,dataset_license,train,AUTSL/train_poses/signer36_sample73_color.pkl,processed/autsl20/landmark46-v1/train/signer36_sample73.npz,approved,trainable,true,standard
signer36_sample75,hastane,5,83,AUTSL,AUTSL_OpenHands_pose_v1,signer36,dataset_license,train,AUTSL/train_poses/signer36_sample75_color.pkl,processed/autsl20/landmark46-v1/train/signer36_sample75.npz,approved,trainable,true,standard
signer36_sample81,hayir,6,86,AUTSL,AUTSL_OpenHands_pose_v1,signer36,dataset_license,train,AUTSL/train_poses/signer36_sample81_color.pkl,processed/autsl20/landmark46-v1/train/signer36_sample81.npz,approved,trainable,true,standard
signer36_sample82,yarabandi,17,210,AUTSL,AUTSL_OpenHands_pose_v1,signer36,dataset_license,train,AUTSL/train_poses/signer36_sample82_color.pkl,processed/autsl20/landmark46-v1/train/signer36_sample82.npz,approved,trainable,true,standard
signer36_sample111,ilac,9,96,AUTSL,AUTSL_OpenHands_pose_v1,signer36,dataset_license,train,AUTSL/train_poses/signer36_sample111_color.pkl,processed/autsl20/landmark46-v1/train/signer36_sample111.npz,approved,trainable,true,standard
signer36_sample119,iyi,10,100,AUTSL,AUTSL_OpenHands_pose_v1,signer36,dataset_license,train,AUTSL/train_poses/signer36_sample119_color.pkl,processed/autsl20/landmark46-v1/train/signer36_sample119.npz,approved,trainable,true,standard
signer36_sample135,icmek,7,94,AUTSL,AUTSL_OpenHands_pose_v1,signer36,dataset_license,train,AUTSL/train_poses/signer36_sample135_color.pkl,processed/autsl20/landmark46-v1/train/signer36_sample135.npz,approved,trainable,true,standard
signer36_sample141,evet,2,65,AUTSL,AUTSL_OpenHands_pose_v1,signer36,dataset_license,train,AUTSL/train_poses/signer36_sample141_color.pkl,processed/autsl20/landmark46-v1/train/signer36_sample141.npz,approved,trainable,true,standard
signer36_sample156,yardim,18,211,AUTSL,AUTSL_OpenHands_pose_v1,signer36,dataset_license,train,AUTSL/train_poses/signer36_sample156_color.pkl,processed/autsl20/landmark46-v1/train/signer36_sample156.npz,approved,trainable,true,red_flag
signer36_sample158,eczane,1,58,AUTSL,AUTSL_OpenHands_pose_v1,signer36,dataset_license,train,AUTSL/train_poses/signer36_sample158_color.pkl,processed/autsl20/landmark46-v1/train/signer36_sample158.npz,approved,trainable,true,standard
signer36_sample188,hasta,4,82,AUTSL,AUTSL_OpenHands_pose_v1,signer36,dataset_license,train,AUTSL/train_poses/signer36_sample188_color.pkl,processed/autsl20/landmark46-v1/train/signer36_sample188.npz,approved,trainable,true,standard
signer36_sample209,gostermek,3,77,AUTSL,AUTSL_OpenHands_pose_v1,signer36,dataset_license,train,AUTSL/train_poses/signer36_sample209_color.pkl,processed/autsl20/landmark46-v1/train/signer36_sample209.npz,approved,trainable,true,standard
signer36_sample221,hastane,5,83,AUTSL,AUTSL_OpenHands_pose_v1,signer36,dataset_license,train,AUTSL/train_poses/signer36_sample221_color.pkl,processed/autsl20/landmark46-v1/train/signer36_sample221.npz,approved,trainable,true,standard
signer36_sample227,kaza,11,108,AUTSL,AUTSL_OpenHands_pose_v1,signer36,dataset_license,train,AUTSL/train_poses/signer36_sample227_color.pkl,processed/autsl20/landmark46-v1/train/signer36_sample227.npz,approved,trainable,true,standard
signer36_sample250,hasta,4,82,AUTSL,AUTSL_OpenHands_pose_v1,signer36,dataset_license,train,AUTSL/train_poses/signer36_sample250_color.pkl,processed/autsl20/landmark46-v1/train/signer36_sample250.npz,approved,trainable,true,standard
signer36_sample254,yorgun,19,222,AUTSL,AUTSL_OpenHands_pose_v1,signer36,dataset_license,train,AUTSL/train_poses/signer36_sample254_color.pkl,processed/autsl20/landmark46-v1/train/signer36_sample254.npz,approved,trainable,true,standard
signer36_sample266,yorgun,19,222,AUTSL,AUTSL_OpenHands_pose_v1,signer36,dataset_license,train,AUTSL/train_poses/signer36_sample266_color.pkl,processed/autsl20/landmark46-v1/train/signer36_sample266.npz,approved,trainable,true,standard
signer36_sample270,iyi,10,100,AUTSL,AUTSL_OpenHands_pose_v1,signer36,dataset_license,train,AUTSL/train_poses/signer36_sample270_color.pkl,processed/autsl20/landmark46-v1/train/signer36_sample270.npz,approved,trainable,true,standard
signer36_sample272,yarabandi,17,210,AUTSL,AUTSL_OpenHands_pose_v1,signer36,dataset_license,train,AUTSL/train_poses/signer36_sample272_color.pkl,processed/autsl20/landmark46-v1/train/signer36_sample272.npz,approved,trainable,true,standard
signer36_sample274,tuvalet,16,200,AUTSL,AUTSL_OpenHands_pose_v1,signer36,dataset_license,train,AUTSL/train_poses/signer36_sample274_color.pkl,processed/autsl20/landmark46-v1/train/signer36_sample274.npz,approved,trainable,true,standard
signer36_sample278,kotu,12,122,AUTSL,AUTSL_OpenHands_pose_v1,signer36,dataset_license,train,AUTSL/train_poses/signer36_sample278_color.pkl,processed/autsl20/landmark46-v1/train/signer36_sample278.npz,approved,trainable,true,standard
signer36_sample290,hayir,6,86,AUTSL,AUTSL_OpenHands_pose_v1,signer36,dataset_license,train,AUTSL/train_poses/signer36_sample290_color.pkl,processed/autsl20/landmark46-v1/train/signer36_sample290.npz,approved,trainable,true,standard
signer36_sample291,igne,8,95,AUTSL,AUTSL_OpenHands_pose_v1,signer36,dataset_license,train,AUTSL/train_poses/signer36_sample291_color.pkl,processed/autsl20/landmark46-v1/train/signer36_sample291.npz,approved,trainable,true,standard
signer36_sample313,evet,2,65,AUTSL,AUTSL_OpenHands_pose_v1,signer36,dataset_license,train,AUTSL/train_poses/signer36_sample313_color.pkl,processed/autsl20/landmark46-v1/train/signer36_sample313.npz,approved,trainable,true,standard
signer36_sample315,icmek,7,94,AUTSL,AUTSL_OpenHands_pose_v1,signer36,dataset_license,train,AUTSL/train_poses/signer36_sample315_color.pkl,processed/autsl20/landmark46-v1/train/signer36_sample315.npz,approved,trainable,true,standard
signer36_sample317,hasta,4,82,AUTSL,AUTSL_OpenHands_pose_v1,signer36,dataset_license,train,AUTSL/train_poses/signer36_sample317_color.pkl,processed/autsl20/landmark46-v1/train/signer36_sample317.npz,approved,trainable,true,standard
signer36_sample327,gostermek,3,77,AUTSL,AUTSL_OpenHands_pose_v1,signer36,dataset_license,train,AUTSL/train_poses/signer36_sample327_color.pkl,processed/autsl20/landmark46-v1/train/signer36_sample327.npz,approved,trainable,true,standard
signer36_sample332,tehlike,15,192,AUTSL,AUTSL_OpenHands_pose_v1,signer36,dataset_license,train,AUTSL/train_poses/signer36_sample332_color.pkl,processed/autsl20/landmark46-v1/train/signer36_sample332.npz,approved,trainable,true,red_flag
signer36_sample396,tehlike,15,192,AUTSL,AUTSL_OpenHands_pose_v1,signer36,dataset_license,train,AUTSL/train_poses/signer36_sample396_color.pkl,processed/autsl20/landmark46-v1/train/signer36_sample396.npz,approved,trainable,true,red_flag
signer36_sample403,kaza,11,108,AUTSL,AUTSL_OpenHands_pose_v1,signer36,dataset_license,train,AUTSL/train_poses/signer36_sample403_color.pkl,processed/autsl20/landmark46-v1/train/signer36_sample403.npz,approved,trainable,true,standard
signer36_sample410,doktor,0,52,AUTSL,AUTSL_OpenHands_pose_v1,signer36,dataset_license,train,AUTSL/train_poses/signer36_sample410_color.pkl,processed/autsl20/landmark46-v1/train/signer36_sample410.npz,approved,trainable,true,standard
signer36_sample449,hayir,6,86,AUTSL,AUTSL_OpenHands_pose_v1,signer36,dataset_license,train,AUTSL/train_poses/signer36_sample449_color.pkl,processed/autsl20/landmark46-v1/train/signer36_sample449.npz,approved,trainable,true,standard
signer36_sample451,eczane,1,58,AUTSL,AUTSL_OpenHands_pose_v1,signer36,dataset_license,train,AUTSL/train_poses/signer36_sample451_color.pkl,processed/autsl20/landmark46-v1/train/signer36_sample451.npz,approved,trainable,true,standard
signer36_sample457,gostermek,3,77,AUTSL,AUTSL_OpenHands_pose_v1,signer36,dataset_license,train,AUTSL/train_poses/signer36_sample457_color.pkl,processed/autsl20/landmark46-v1/train/signer36_sample457.npz,approved,trainable,true,standard
signer36_sample467,yardim,18,211,AUTSL,AUTSL_OpenHands_pose_v1,signer36,dataset_license,train,AUTSL/train_poses/signer36_sample467_color.pkl,processed/autsl20/landmark46-v1/train/signer36_sample467.npz,approved,trainable,true,red_flag
signer36_sample475,nerede,13,138,AUTSL,AUTSL_OpenHands_pose_v1,signer36,dataset_license,train,AUTSL/train_poses/signer36_sample475_color.pkl,processed/autsl20/landmark46-v1/train/signer36_sample475.npz,approved,trainable,true,standard
signer36_sample476,tehlike,15,192,AUTSL,AUTSL_OpenHands_pose_v1,signer36,dataset_license,train,AUTSL/train_poses/signer36_sample476_color.pkl,processed/autsl20/landmark46-v1/train/signer36_sample476.npz,approved,trainable,true,red_flag
signer36_sample509,igne,8,95,AUTSL,AUTSL_OpenHands_pose_v1,signer36,dataset_license,train,AUTSL/train_poses/signer36_sample509_color.pkl,processed/autsl20/landmark46-v1/train/signer36_sample509.npz,approved,trainable,true,standard
signer36_sample513,kotu,12,122,AUTSL,AUTSL_OpenHands_pose_v1,signer36,dataset_license,train,AUTSL/train_poses/signer36_sample513_color.pkl,processed/autsl20/landmark46-v1/train/signer36_sample513.npz,approved,trainable,true,standard
signer36_sample535,igne,8,95,AUTSL,AUTSL_OpenHands_pose_v1,signer36,dataset_license,train,AUTSL/train_poses/signer36_sample535_color.pkl,processed/autsl20/landmark46-v1/train/signer36_sample535.npz,approved,trainable,true,standard
signer36_sample550,icmek,7,94,AUTSL,AUTSL_OpenHands_pose_v1,signer36,dataset_license,train,AUTSL/train_poses/signer36_sample550_color.pkl,processed/autsl20/landmark46-v1/train/signer36_sample550.npz,approved,trainable,true,standard
signer36_sample556,doktor,0,52,AUTSL,AUTSL_OpenHands_pose_v1,signer36,dataset_license,train,AUTSL/train_poses/signer36_sample556_color.pkl,processed/autsl20/landmark46-v1/train/signer36_sample556.npz,approved,trainable,true,standard
signer36_sample564,kaza,11,108,AUTSL,AUTSL_OpenHands_pose_v1,signer36,dataset_license,train,AUTSL/train_poses/signer36_sample564_color.pkl,processed/autsl20/landmark46-v1/train/signer36_sample564.npz,approved,trainable,true,standard
signer36_sample587,tuvalet,16,200,AUTSL,AUTSL_OpenHands_pose_v1,signer36,dataset_license,train,AUTSL/train_poses/signer36_sample587_color.pkl,processed/autsl20/landmark46-v1/train/signer36_sample587.npz,approved,trainable,true,standard
signer36_sample592,nerede,13,138,AUTSL,AUTSL_OpenHands_pose_v1,signer36,dataset_license,train,AUTSL/train_poses/signer36_sample592_color.pkl,processed/autsl20/landmark46-v1/train/signer36_sample592.npz,approved,trainable,true,standard
signer36_sample598,ilac,9,96,AUTSL,AUTSL_OpenHands_pose_v1,signer36,dataset_license,train,AUTSL/train_poses/signer36_sample598_color.pkl,processed/autsl20/landmark46-v1/train/signer36_sample598.npz,approved,trainable,true,standard
signer36_sample599,eczane,1,58,AUTSL,AUTSL_OpenHands_pose_v1,signer36,dataset_license,train,AUTSL/train_poses/signer36_sample599_color.pkl,processed/autsl20/landmark46-v1/train/signer36_sample599.npz,approved,trainable,true,standard
signer36_sample600,tuvalet,16,200,AUTSL,AUTSL_OpenHands_pose_v1,signer36,dataset_license,train,AUTSL/train_poses/signer36_sample600_color.pkl,processed/autsl20/landmark46-v1/train/signer36_sample600.npz,approved,trainable,true,standard
signer36_sample602,yorgun,19,222,AUTSL,AUTSL_OpenHands_pose_v1,signer36,dataset_license,train,AUTSL/train_poses/signer36_sample602_color.pkl,processed/autsl20/landmark46-v1/train/signer36_sample602.npz,approved,trainable,true,standard
signer36_sample603,ilac,9,96,AUTSL,AUTSL_OpenHands_pose_v1,signer36,dataset_license,train,AUTSL/train_poses/signer36_sample603_color.pkl,processed/autsl20/landmark46-v1/train/signer36_sample603.npz,approved,trainable,true,standard
signer36_sample639,yarabandi,17,210,AUTSL,AUTSL_OpenHands_pose_v1,signer36,dataset_license,train,AUTSL/train_poses/signer36_sample639_color.pkl,processed/autsl20/landmark46-v1/train/signer36_sample639.npz,approved,trainable,true,standard
signer36_sample649,nerede,13,138,AUTSL,AUTSL_OpenHands_pose_v1,signer36,dataset_license,train,AUTSL/train_poses/signer36_sample649_color.pkl,processed/autsl20/landmark46-v1/train/signer36_sample649.npz,approved,trainable,true,standard
signer37_sample3,iyi,10,100,AUTSL,AUTSL_OpenHands_pose_v1,signer37,dataset_license,train,AUTSL/train_poses/signer37_sample3_color.pkl,processed/autsl20/landmark46-v1/train/signer37_sample3.npz,approved,trainable,true,standard
signer37_sample5,yorgun,19,222,AUTSL,AUTSL_OpenHands_pose_v1,signer37,dataset_license,train,AUTSL/train_poses/signer37_sample5_color.pkl,processed/autsl20/landmark46-v1/train/signer37_sample5.npz,approved,trainable,true,standard
signer37_sample11,kaza,11,108,AUTSL,AUTSL_OpenHands_pose_v1,signer37,dataset_license,train,AUTSL/train_poses/signer37_sample11_color.pkl,processed/autsl20/landmark46-v1/train/signer37_sample11.npz,approved,trainable,true,standard
signer37_sample12,hastane,5,83,AUTSL,AUTSL_OpenHands_pose_v1,signer37,dataset_license,train,AUTSL/train_poses/signer37_sample12_color.pkl,processed/autsl20/landmark46-v1/train/signer37_sample12.npz,approved,trainable,true,standard
signer37_sample32,hastane,5,83,AUTSL,AUTSL_OpenHands_pose_v1,signer37,dataset_license,train,AUTSL/train_poses/signer37_sample32_color.pkl,processed/autsl20/landmark46-v1/train/signer37_sample32.npz,approved,trainable,true,standard
signer37_sample45,kaza,11,108,AUTSL,AUTSL_OpenHands_pose_v1,signer37,dataset_license,train,AUTSL/train_poses/signer37_sample45_color.pkl,processed/autsl20/landmark46-v1/train/signer37_sample45.npz,approved,trainable,true,standard
signer37_sample50,nerede,13,138,AUTSL,AUTSL_OpenHands_pose_v1,signer37,dataset_license,train,AUTSL/train_poses/signer37_sample50_color.pkl,processed/autsl20/landmark46-v1/train/signer37_sample50.npz,approved,trainable,true,standard
signer37_sample52,tuvalet,16,200,AUTSL,AUTSL_OpenHands_pose_v1,signer37,dataset_license,train,AUTSL/train_poses/signer37_sample52_color.pkl,processed/autsl20/landmark46-v1/train/signer37_sample52.npz,approved,trainable,true,standard
signer37_sample72,eczane,1,58,AUTSL,AUTSL_OpenHands_pose_v1,signer37,dataset_license,train,AUTSL/train_poses/signer37_sample72_color.pkl,processed/autsl20/landmark46-v1/train/signer37_sample72.npz,approved,trainable,true,standard
signer37_sample102,eczane,1,58,AUTSL,AUTSL_OpenHands_pose_v1,signer37,dataset_license,train,AUTSL/train_poses/signer37_sample102_color.pkl,processed/autsl20/landmark46-v1/train/signer37_sample102.npz,approved,trainable,true,standard
signer37_sample105,icmek,7,94,AUTSL,AUTSL_OpenHands_pose_v1,signer37,dataset_license,train,AUTSL/train_poses/signer37_sample105_color.pkl,processed/autsl20/landmark46-v1/train/signer37_sample105.npz,approved,trainable,true,standard
signer37_sample110,yardim,18,211,AUTSL,AUTSL_OpenHands_pose_v1,signer37,dataset_license,train,AUTSL/train_poses/signer37_sample110_color.pkl,processed/autsl20/landmark46-v1/train/signer37_sample110.npz,approved,trainable,true,red_flag
signer37_sample135,gostermek,3,77,AUTSL,AUTSL_OpenHands_pose_v1,signer37,dataset_license,train,AUTSL/train_poses/signer37_sample135_color.pkl,processed/autsl20/landmark46-v1/train/signer37_sample135.npz,approved,trainable,true,standard
signer37_sample158,kotu,12,122,AUTSL,AUTSL_OpenHands_pose_v1,signer37,dataset_license,train,AUTSL/train_poses/signer37_sample158_color.pkl,processed/autsl20/landmark46-v1/train/signer37_sample158.npz,approved,trainable,true,standard
signer37_sample171,igne,8,95,AUTSL,AUTSL_OpenHands_pose_v1,signer37,dataset_license,train,AUTSL/train_poses/signer37_sample171_color.pkl,processed/autsl20/landmark46-v1/train/signer37_sample171.npz,approved,trainable,true,standard
signer37_sample181,doktor,0,52,AUTSL,AUTSL_OpenHands_pose_v1,signer37,dataset_license,train,AUTSL/train_poses/signer37_sample181_color.pkl,processed/autsl20/landmark46-v1/train/signer37_sample181.npz,approved,trainable,true,standard
signer37_sample183,hayir,6,86,AUTSL,AUTSL_OpenHands_pose_v1,signer37,dataset_license,train,AUTSL/train_poses/signer37_sample183_color.pkl,processed/autsl20/landmark46-v1/train/signer37_sample183.npz,approved,trainable,true,standard
signer37_sample191,tehlike,15,192,AUTSL,AUTSL_OpenHands_pose_v1,signer37,dataset_license,train,AUTSL/train_poses/signer37_sample191_color.pkl,processed/autsl20/landmark46-v1/train/signer37_sample191.npz,approved,trainable,true,red_flag
signer37_sample195,tehlike,15,192,AUTSL,AUTSL_OpenHands_pose_v1,signer37,dataset_license,train,AUTSL/train_poses/signer37_sample195_color.pkl,processed/autsl20/landmark46-v1/train/signer37_sample195.npz,approved,trainable,true,red_flag
signer37_sample212,doktor,0,52,AUTSL,AUTSL_OpenHands_pose_v1,signer37,dataset_license,train,AUTSL/train_poses/signer37_sample212_color.pkl,processed/autsl20/landmark46-v1/train/signer37_sample212.npz,approved,trainable,true,standard
signer37_sample213,ilac,9,96,AUTSL,AUTSL_OpenHands_pose_v1,signer37,dataset_license,train,AUTSL/train_poses/signer37_sample213_color.pkl,processed/autsl20/landmark46-v1/train/signer37_sample213.npz,approved,trainable,true,standard
signer37_sample241,kotu,12,122,AUTSL,AUTSL_OpenHands_pose_v1,signer37,dataset_license,train,AUTSL/train_poses/signer37_sample241_color.pkl,processed/autsl20/landmark46-v1/train/signer37_sample241.npz,approved,trainable,true,standard
signer37_sample250,evet,2,65,AUTSL,AUTSL_OpenHands_pose_v1,signer37,dataset_license,train,AUTSL/train_poses/signer37_sample250_color.pkl,processed/autsl20/landmark46-v1/train/signer37_sample250.npz,approved,trainable,true,standard
signer37_sample253,nerede,13,138,AUTSL,AUTSL_OpenHands_pose_v1,signer37,dataset_license,train,AUTSL/train_poses/signer37_sample253_color.pkl,processed/autsl20/landmark46-v1/train/signer37_sample253.npz,approved,trainable,true,standard
signer37_sample276,ilac,9,96,AUTSL,AUTSL_OpenHands_pose_v1,signer37,dataset_license,train,AUTSL/train_poses/signer37_sample276_color.pkl,processed/autsl20/landmark46-v1/train/signer37_sample276.npz,approved,trainable,true,standard
signer37_sample287,seker,14,172,AUTSL,AUTSL_OpenHands_pose_v1,signer37,dataset_license,train,AUTSL/train_poses/signer37_sample287_color.pkl,processed/autsl20/landmark46-v1/train/signer37_sample287.npz,approved,trainable,true,standard
signer37_sample296,nerede,13,138,AUTSL,AUTSL_OpenHands_pose_v1,signer37,dataset_license,train,AUTSL/train_poses/signer37_sample296_color.pkl,processed/autsl20/landmark46-v1/train/signer37_sample296.npz,approved,trainable,true,standard
signer37_sample345,yarabandi,17,210,AUTSL,AUTSL_OpenHands_pose_v1,signer37,dataset_license,train,AUTSL/train_poses/signer37_sample345_color.pkl,processed/autsl20/landmark46-v1/train/signer37_sample345.npz,approved,trainable,true,standard
signer37_sample373,yorgun,19,222,AUTSL,AUTSL_OpenHands_pose_v1,signer37,dataset_license,train,AUTSL/train_poses/signer37_sample373_color.pkl,processed/autsl20/landmark46-v1/train/signer37_sample373.npz,approved,trainable,true,standard
signer37_sample395,hayir,6,86,AUTSL,AUTSL_OpenHands_pose_v1,signer37,dataset_license,train,AUTSL/train_poses/signer37_sample395_color.pkl,processed/autsl20/landmark46-v1/train/signer37_sample395.npz,approved,trainable,true,standard
signer37_sample404,gostermek,3,77,AUTSL,AUTSL_OpenHands_pose_v1,signer37,dataset_license,train,AUTSL/train_poses/signer37_sample404_color.pkl,processed/autsl20/landmark46-v1/train/signer37_sample404.npz,approved,trainable,true,standard
signer37_sample408,hasta,4,82,AUTSL,AUTSL_OpenHands_pose_v1,signer37,dataset_license,train,AUTSL/train_poses/signer37_sample408_color.pkl,processed/autsl20/landmark46-v1/train/signer37_sample408.npz,approved,trainable,true,standard
signer37_sample414,igne,8,95,AUTSL,AUTSL_OpenHands_pose_v1,signer37,dataset_license,train,AUTSL/train_poses/signer37_sample414_color.pkl,processed/autsl20/landmark46-v1/train/signer37_sample414.npz,approved,trainable,true,standard
signer37_sample456,hastane,5,83,AUTSL,AUTSL_OpenHands_pose_v1,signer37,dataset_license,train,AUTSL/train_poses/signer37_sample456_color.pkl,processed/autsl20/landmark46-v1/train/signer37_sample456.npz,approved,trainable,true,standard
signer37_sample458,kaza,11,108,AUTSL,AUTSL_OpenHands_pose_v1,signer37,dataset_license,train,AUTSL/train_poses/signer37_sample458_color.pkl,processed/autsl20/landmark46-v1/train/signer37_sample458.npz,approved,trainable,true,standard
signer37_sample462,yarabandi,17,210,AUTSL,AUTSL_OpenHands_pose_v1,signer37,dataset_license,train,AUTSL/train_poses/signer37_sample462_color.pkl,processed/autsl20/landmark46-v1/train/signer37_sample462.npz,approved,trainable,true,standard
signer37_sample463,iyi,10,100,AUTSL,AUTSL_OpenHands_pose_v1,signer37,dataset_license,train,AUTSL/train_poses/signer37_sample463_color.pkl,processed/autsl20/landmark46-v1/train/signer37_sample463.npz,approved,trainable,true,standard
signer37_sample477,yardim,18,211,AUTSL,AUTSL_OpenHands_pose_v1,signer37,dataset_license,train,AUTSL/train_poses/signer37_sample477_color.pkl,processed/autsl20/landmark46-v1/train/signer37_sample477.npz,approved,trainable,true,red_flag
signer37_sample486,hasta,4,82,AUTSL,AUTSL_OpenHands_pose_v1,signer37,dataset_license,train,AUTSL/train_poses/signer37_sample486_color.pkl,processed/autsl20/landmark46-v1/train/signer37_sample486.npz,approved,trainable,true,standard
signer37_sample489,evet,2,65,AUTSL,AUTSL_OpenHands_pose_v1,signer37,dataset_license,train,AUTSL/train_poses/signer37_sample489_color.pkl,processed/autsl20/landmark46-v1/train/signer37_sample489.npz,approved,trainable,true,standard
signer37_sample503,icmek,7,94,AUTSL,AUTSL_OpenHands_pose_v1,signer37,dataset_license,train,AUTSL/train_poses/signer37_sample503_color.pkl,processed/autsl20/landmark46-v1/train/signer37_sample503.npz,approved,trainable,true,standard
signer37_sample512,seker,14,172,AUTSL,AUTSL_OpenHands_pose_v1,signer37,dataset_license,train,AUTSL/train_poses/signer37_sample512_color.pkl,processed/autsl20/landmark46-v1/train/signer37_sample512.npz,approved,trainable,true,standard
signer37_sample520,iyi,10,100,AUTSL,AUTSL_OpenHands_pose_v1,signer37,dataset_license,train,AUTSL/train_poses/signer37_sample520_color.pkl,processed/autsl20/landmark46-v1/train/signer37_sample520.npz,approved,trainable,true,standard
signer37_sample532,tuvalet,16,200,AUTSL,AUTSL_OpenHands_pose_v1,signer37,dataset_license,train,AUTSL/train_poses/signer37_sample532_color.pkl,processed/autsl20/landmark46-v1/train/signer37_sample532.npz,approved,trainable,true,standard
signer37_sample544,evet,2,65,AUTSL,AUTSL_OpenHands_pose_v1,signer37,dataset_license,train,AUTSL/train_poses/signer37_sample544_color.pkl,processed/autsl20/landmark46-v1/train/signer37_sample544.npz,approved,trainable,true,standard
signer37_sample567,hayir,6,86,AUTSL,AUTSL_OpenHands_pose_v1,signer37,dataset_license,train,AUTSL/train_poses/signer37_sample567_color.pkl,processed/autsl20/landmark46-v1/train/signer37_sample567.npz,approved,trainable,true,standard
signer37_sample568,kotu,12,122,AUTSL,AUTSL_OpenHands_pose_v1,signer37,dataset_license,train,AUTSL/train_poses/signer37_sample568_color.pkl,processed/autsl20/landmark46-v1/train/signer37_sample568.npz,approved,trainable,true,standard
signer37_sample589,yorgun,19,222,AUTSL,AUTSL_OpenHands_pose_v1,signer37,dataset_license,train,AUTSL/train_poses/signer37_sample589_color.pkl,processed/autsl20/landmark46-v1/train/signer37_sample589.npz,approved,trainable,true,standard
signer37_sample592,tehlike,15,192,AUTSL,AUTSL_OpenHands_pose_v1,signer37,dataset_license,train,AUTSL/train_poses/signer37_sample592_color.pkl,processed/autsl20/landmark46-v1/train/signer37_sample592.npz,approved,trainable,true,red_flag
signer37_sample596,tuvalet,16,200,AUTSL,AUTSL_OpenHands_pose_v1,signer37,dataset_license,train,AUTSL/train_poses/signer37_sample596_color.pkl,processed/autsl20/landmark46-v1/train/signer37_sample596.npz,approved,trainable,true,standard
signer37_sample607,gostermek,3,77,AUTSL,AUTSL_OpenHands_pose_v1,signer37,dataset_license,train,AUTSL/train_poses/signer37_sample607_color.pkl,processed/autsl20/landmark46-v1/train/signer37_sample607.npz,approved,trainable,true,standard
signer37_sample611,ilac,9,96,AUTSL,AUTSL_OpenHands_pose_v1,signer37,dataset_license,train,AUTSL/train_poses/signer37_sample611_color.pkl,processed/autsl20/landmark46-v1/train/signer37_sample611.npz,approved,trainable,true,standard
signer37_sample630,igne,8,95,AUTSL,AUTSL_OpenHands_pose_v1,signer37,dataset_license,train,AUTSL/train_poses/signer37_sample630_color.pkl,processed/autsl20/landmark46-v1/train/signer37_sample630.npz,approved,trainable,true,standard
signer37_sample631,yardim,18,211,AUTSL,AUTSL_OpenHands_pose_v1,signer37,dataset_license,train,AUTSL/train_poses/signer37_sample631_color.pkl,processed/autsl20/landmark46-v1/train/signer37_sample631.npz,approved,trainable,true,red_flag
signer37_sample637,hasta,4,82,AUTSL,AUTSL_OpenHands_pose_v1,signer37,dataset_license,train,AUTSL/train_poses/signer37_sample637_color.pkl,processed/autsl20/landmark46-v1/train/signer37_sample637.npz,approved,trainable,true,standard
signer37_sample640,eczane,1,58,AUTSL,AUTSL_OpenHands_pose_v1,signer37,dataset_license,train,AUTSL/train_poses/signer37_sample640_color.pkl,processed/autsl20/landmark46-v1/train/signer37_sample640.npz,approved,trainable,true,standard
signer37_sample641,yarabandi,17,210,AUTSL,AUTSL_OpenHands_pose_v1,signer37,dataset_license,train,AUTSL/train_poses/signer37_sample641_color.pkl,processed/autsl20/landmark46-v1/train/signer37_sample641.npz,approved,trainable,true,standard
signer38_sample7,gostermek,3,77,AUTSL,AUTSL_OpenHands_pose_v1,signer38,dataset_license,train,AUTSL/train_poses/signer38_sample7_color.pkl,processed/autsl20/landmark46-v1/train/signer38_sample7.npz,approved,trainable,true,standard
signer38_sample14,iyi,10,100,AUTSL,AUTSL_OpenHands_pose_v1,signer38,dataset_license,train,AUTSL/train_poses/signer38_sample14_color.pkl,processed/autsl20/landmark46-v1/train/signer38_sample14.npz,approved,trainable,true,standard
signer38_sample25,tuvalet,16,200,AUTSL,AUTSL_OpenHands_pose_v1,signer38,dataset_license,train,AUTSL/train_poses/signer38_sample25_color.pkl,processed/autsl20/landmark46-v1/train/signer38_sample25.npz,approved,trainable,true,standard
signer38_sample27,icmek,7,94,AUTSL,AUTSL_OpenHands_pose_v1,signer38,dataset_license,train,AUTSL/train_poses/signer38_sample27_color.pkl,processed/autsl20/landmark46-v1/train/signer38_sample27.npz,approved,trainable,true,standard
signer38_sample42,doktor,0,52,AUTSL,AUTSL_OpenHands_pose_v1,signer38,dataset_license,train,AUTSL/train_poses/signer38_sample42_color.pkl,processed/autsl20/landmark46-v1/train/signer38_sample42.npz,approved,trainable,true,standard
signer38_sample49,ilac,9,96,AUTSL,AUTSL_OpenHands_pose_v1,signer38,dataset_license,train,AUTSL/train_poses/signer38_sample49_color.pkl,processed/autsl20/landmark46-v1/train/signer38_sample49.npz,approved,trainable,true,standard
signer38_sample56,hastane,5,83,AUTSL,AUTSL_OpenHands_pose_v1,signer38,dataset_license,train,AUTSL/train_poses/signer38_sample56_color.pkl,processed/autsl20/landmark46-v1/train/signer38_sample56.npz,approved,trainable,true,standard
signer38_sample70,iyi,10,100,AUTSL,AUTSL_OpenHands_pose_v1,signer38,dataset_license,train,AUTSL/train_poses/signer38_sample70_color.pkl,processed/autsl20/landmark46-v1/train/signer38_sample70.npz,approved,trainable,true,standard
signer38_sample78,yardim,18,211,AUTSL,AUTSL_OpenHands_pose_v1,signer38,dataset_license,train,AUTSL/train_poses/signer38_sample78_color.pkl,processed/autsl20/landmark46-v1/train/signer38_sample78.npz,approved,trainable,true,red_flag
signer38_sample90,hayir,6,86,AUTSL,AUTSL_OpenHands_pose_v1,signer38,dataset_license,train,AUTSL/train_poses/signer38_sample90_color.pkl,processed/autsl20/landmark46-v1/train/signer38_sample90.npz,approved,trainable,true,standard
signer38_sample92,yarabandi,17,210,AUTSL,AUTSL_OpenHands_pose_v1,signer38,dataset_license,train,AUTSL/train_poses/signer38_sample92_color.pkl,processed/autsl20/landmark46-v1/train/signer38_sample92.npz,approved,trainable,true,standard
signer38_sample116,seker,14,172,AUTSL,AUTSL_OpenHands_pose_v1,signer38,dataset_license,train,AUTSL/train_poses/signer38_sample116_color.pkl,processed/autsl20/landmark46-v1/train/signer38_sample116.npz,approved,trainable,true,standard
signer38_sample145,doktor,0,52,AUTSL,AUTSL_OpenHands_pose_v1,signer38,dataset_license,train,AUTSL/train_poses/signer38_sample145_color.pkl,processed/autsl20/landmark46-v1/train/signer38_sample145.npz,approved,trainable,true,standard
signer38_sample146,hastane,5,83,AUTSL,AUTSL_OpenHands_pose_v1,signer38,dataset_license,train,AUTSL/train_poses/signer38_sample146_color.pkl,processed/autsl20/landmark46-v1/train/signer38_sample146.npz,approved,trainable,true,standard
signer38_sample154,seker,14,172,AUTSL,AUTSL_OpenHands_pose_v1,signer38,dataset_license,train,AUTSL/train_poses/signer38_sample154_color.pkl,processed/autsl20/landmark46-v1/train/signer38_sample154.npz,approved,trainable,true,standard
signer38_sample157,evet,2,65,AUTSL,AUTSL_OpenHands_pose_v1,signer38,dataset_license,train,AUTSL/train_poses/signer38_sample157_color.pkl,processed/autsl20/landmark46-v1/train/signer38_sample157.npz,approved,trainable,true,standard
signer38_sample161,gostermek,3,77,AUTSL,AUTSL_OpenHands_pose_v1,signer38,dataset_license,train,AUTSL/train_poses/signer38_sample161_color.pkl,processed/autsl20/landmark46-v1/train/signer38_sample161.npz,approved,trainable,true,standard
signer38_sample162,icmek,7,94,AUTSL,AUTSL_OpenHands_pose_v1,signer38,dataset_license,train,AUTSL/train_poses/signer38_sample162_color.pkl,processed/autsl20/landmark46-v1/train/signer38_sample162.npz,approved,trainable,true,standard
signer38_sample174,gostermek,3,77,AUTSL,AUTSL_OpenHands_pose_v1,signer38,dataset_license,train,AUTSL/train_poses/signer38_sample174_color.pkl,processed/autsl20/landmark46-v1/train/signer38_sample174.npz,approved,trainable,true,standard
signer38_sample183,kotu,12,122,AUTSL,AUTSL_OpenHands_pose_v1,signer38,dataset_license,train,AUTSL/train_poses/signer38_sample183_color.pkl,processed/autsl20/landmark46-v1/train/signer38_sample183.npz,approved,trainable,true,standard
signer38_sample192,tuvalet,16,200,AUTSL,AUTSL_OpenHands_pose_v1,signer38,dataset_license,train,AUTSL/train_poses/signer38_sample192_color.pkl,processed/autsl20/landmark46-v1/train/signer38_sample192.npz,approved,trainable,true,standard
signer38_sample201,kotu,12,122,AUTSL,AUTSL_OpenHands_pose_v1,signer38,dataset_license,train,AUTSL/train_poses/signer38_sample201_color.pkl,processed/autsl20/landmark46-v1/train/signer38_sample201.npz,approved,trainable,true,standard
signer38_sample223,nerede,13,138,AUTSL,AUTSL_OpenHands_pose_v1,signer38,dataset_license,train,AUTSL/train_poses/signer38_sample223_color.pkl,processed/autsl20/landmark46-v1/train/signer38_sample223.npz,approved,trainable,true,standard
signer38_sample225,ilac,9,96,AUTSL,AUTSL_OpenHands_pose_v1,signer38,dataset_license,train,AUTSL/train_poses/signer38_sample225_color.pkl,processed/autsl20/landmark46-v1/train/signer38_sample225.npz,approved,trainable,true,standard
signer38_sample234,yorgun,19,222,AUTSL,AUTSL_OpenHands_pose_v1,signer38,dataset_license,train,AUTSL/train_poses/signer38_sample234_color.pkl,processed/autsl20/landmark46-v1/train/signer38_sample234.npz,approved,trainable,true,standard
signer38_sample253,yorgun,19,222,AUTSL,AUTSL_OpenHands_pose_v1,signer38,dataset_license,train,AUTSL/train_poses/signer38_sample253_color.pkl,processed/autsl20/landmark46-v1/train/signer38_sample253.npz,approved,trainable,true,standard
signer38_sample257,kotu,12,122,AUTSL,AUTSL_OpenHands_pose_v1,signer38,dataset_license,train,AUTSL/train_poses/signer38_sample257_color.pkl,processed/autsl20/landmark46-v1/train/signer38_sample257.npz,approved,trainable,true,standard
signer38_sample277,tehlike,15,192,AUTSL,AUTSL_OpenHands_pose_v1,signer38,dataset_license,train,AUTSL/train_poses/signer38_sample277_color.pkl,processed/autsl20/landmark46-v1/train/signer38_sample277.npz,approved,trainable,true,red_flag
signer38_sample285,kaza,11,108,AUTSL,AUTSL_OpenHands_pose_v1,signer38,dataset_license,train,AUTSL/train_poses/signer38_sample285_color.pkl,processed/autsl20/landmark46-v1/train/signer38_sample285.npz,approved,trainable,true,standard
signer38_sample323,yorgun,19,222,AUTSL,AUTSL_OpenHands_pose_v1,signer38,dataset_license,train,AUTSL/train_poses/signer38_sample323_color.pkl,processed/autsl20/landmark46-v1/train/signer38_sample323.npz,approved,trainable,true,standard
signer38_sample342,tehlike,15,192,AUTSL,AUTSL_OpenHands_pose_v1,signer38,dataset_license,train,AUTSL/train_poses/signer38_sample342_color.pkl,processed/autsl20/landmark46-v1/train/signer38_sample342.npz,approved,trainable,true,red_flag
signer38_sample352,hayir,6,86,AUTSL,AUTSL_OpenHands_pose_v1,signer38,dataset_license,train,AUTSL/train_poses/signer38_sample352_color.pkl,processed/autsl20/landmark46-v1/train/signer38_sample352.npz,approved,trainable,true,standard
signer38_sample370,yarabandi,17,210,AUTSL,AUTSL_OpenHands_pose_v1,signer38,dataset_license,train,AUTSL/train_poses/signer38_sample370_color.pkl,processed/autsl20/landmark46-v1/train/signer38_sample370.npz,approved,trainable,true,standard
signer38_sample392,evet,2,65,AUTSL,AUTSL_OpenHands_pose_v1,signer38,dataset_license,train,AUTSL/train_poses/signer38_sample392_color.pkl,processed/autsl20/landmark46-v1/train/signer38_sample392.npz,approved,trainable,true,standard
signer38_sample416,seker,14,172,AUTSL,AUTSL_OpenHands_pose_v1,signer38,dataset_license,train,AUTSL/train_poses/signer38_sample416_color.pkl,processed/autsl20/landmark46-v1/train/signer38_sample416.npz,approved,trainable,true,standard
signer38_sample428,kaza,11,108,AUTSL,AUTSL_OpenHands_pose_v1,signer38,dataset_license,train,AUTSL/train_poses/signer38_sample428_color.pkl,processed/autsl20/landmark46-v1/train/signer38_sample428.npz,approved,trainable,true,standard
signer38_sample493,hayir,6,86,AUTSL,AUTSL_OpenHands_pose_v1,signer38,dataset_license,train,AUTSL/train_poses/signer38_sample493_color.pkl,processed/autsl20/landmark46-v1/train/signer38_sample493.npz,approved,trainable,true,standard
signer38_sample494,hasta,4,82,AUTSL,AUTSL_OpenHands_pose_v1,signer38,dataset_license,train,AUTSL/train_poses/signer38_sample494_color.pkl,processed/autsl20/landmark46-v1/train/signer38_sample494.npz,approved,trainable,true,standard
signer38_sample499,yardim,18,211,AUTSL,AUTSL_OpenHands_pose_v1,signer38,dataset_license,train,AUTSL/train_poses/signer38_sample499_color.pkl,processed/autsl20/landmark46-v1/train/signer38_sample499.npz,approved,trainable,true,red_flag
signer38_sample513,hasta,4,82,AUTSL,AUTSL_OpenHands_pose_v1,signer38,dataset_license,train,AUTSL/train_poses/signer38_sample513_color.pkl,processed/autsl20/landmark46-v1/train/signer38_sample513.npz,approved,trainable,true,standard
signer38_sample516,hastane,5,83,AUTSL,AUTSL_OpenHands_pose_v1,signer38,dataset_license,train,AUTSL/train_poses/signer38_sample516_color.pkl,processed/autsl20/landmark46-v1/train/signer38_sample516.npz,approved,trainable,true,standard
signer38_sample520,nerede,13,138,AUTSL,AUTSL_OpenHands_pose_v1,signer38,dataset_license,train,AUTSL/train_poses/signer38_sample520_color.pkl,processed/autsl20/landmark46-v1/train/signer38_sample520.npz,approved,trainable,true,standard
signer38_sample526,hasta,4,82,AUTSL,AUTSL_OpenHands_pose_v1,signer38,dataset_license,train,AUTSL/train_poses/signer38_sample526_color.pkl,processed/autsl20/landmark46-v1/train/signer38_sample526.npz,approved,trainable,true,standard
signer38_sample544,tehlike,15,192,AUTSL,AUTSL_OpenHands_pose_v1,signer38,dataset_license,train,AUTSL/train_poses/signer38_sample544_color.pkl,processed/autsl20/landmark46-v1/train/signer38_sample544.npz,approved,trainable,true,red_flag
signer38_sample546,iyi,10,100,AUTSL,AUTSL_OpenHands_pose_v1,signer38,dataset_license,train,AUTSL/train_poses/signer38_sample546_color.pkl,processed/autsl20/landmark46-v1/train/signer38_sample546.npz,approved,trainable,true,standard
signer38_sample550,icmek,7,94,AUTSL,AUTSL_OpenHands_pose_v1,signer38,dataset_license,train,AUTSL/train_poses/signer38_sample550_color.pkl,processed/autsl20/landmark46-v1/train/signer38_sample550.npz,approved,trainable,true,standard
signer38_sample571,tuvalet,16,200,AUTSL,AUTSL_OpenHands_pose_v1,signer38,dataset_license,train,AUTSL/train_poses/signer38_sample571_color.pkl,processed/autsl20/landmark46-v1/train/signer38_sample571.npz,approved,trainable,true,standard
signer38_sample580,ilac,9,96,AUTSL,AUTSL_OpenHands_pose_v1,signer38,dataset_license,train,AUTSL/train_poses/signer38_sample580_color.pkl,processed/autsl20/landmark46-v1/train/signer38_sample580.npz,approved,trainable,true,standard
signer38_sample589,doktor,0,52,AUTSL,AUTSL_OpenHands_pose_v1,signer38,dataset_license,train,AUTSL/train_poses/signer38_sample589_color.pkl,processed/autsl20/landmark46-v1/train/signer38_sample589.npz,approved,trainable,true,standard
signer38_sample600,kaza,11,108,AUTSL,AUTSL_OpenHands_pose_v1,signer38,dataset_license,train,AUTSL/train_poses/signer38_sample600_color.pkl,processed/autsl20/landmark46-v1/train/signer38_sample600.npz,approved,trainable,true,standard
signer38_sample607,yardim,18,211,AUTSL,AUTSL_OpenHands_pose_v1,signer38,dataset_license,train,AUTSL/train_poses/signer38_sample607_color.pkl,processed/autsl20/landmark46-v1/train/signer38_sample607.npz,approved,trainable,true,red_flag
signer38_sample625,nerede,13,138,AUTSL,AUTSL_OpenHands_pose_v1,signer38,dataset_license,train,AUTSL/train_poses/signer38_sample625_color.pkl,processed/autsl20/landmark46-v1/train/signer38_sample625.npz,approved,trainable,true,standard
signer38_sample634,yarabandi,17,210,AUTSL,AUTSL_OpenHands_pose_v1,signer38,dataset_license,train,AUTSL/train_poses/signer38_sample634_color.pkl,processed/autsl20/landmark46-v1/train/signer38_sample634.npz,approved,trainable,true,standard
signer38_sample636,evet,2,65,AUTSL,AUTSL_OpenHands_pose_v1,signer38,dataset_license,train,AUTSL/train_poses/signer38_sample636_color.pkl,processed/autsl20/landmark46-v1/train/signer38_sample636.npz,approved,trainable,true,standard
signer40_sample10,kotu,12,122,AUTSL,AUTSL_OpenHands_pose_v1,signer40,dataset_license,train,AUTSL/train_poses/signer40_sample10_color.pkl,processed/autsl20/landmark46-v1/train/signer40_sample10.npz,approved,trainable,true,standard
signer40_sample13,yarabandi,17,210,AUTSL,AUTSL_OpenHands_pose_v1,signer40,dataset_license,train,AUTSL/train_poses/signer40_sample13_color.pkl,processed/autsl20/landmark46-v1/train/signer40_sample13.npz,approved,trainable,true,standard
signer40_sample17,yorgun,19,222,AUTSL,AUTSL_OpenHands_pose_v1,signer40,dataset_license,train,AUTSL/train_poses/signer40_sample17_color.pkl,processed/autsl20/landmark46-v1/train/signer40_sample17.npz,approved,trainable,true,standard
signer40_sample32,tuvalet,16,200,AUTSL,AUTSL_OpenHands_pose_v1,signer40,dataset_license,train,AUTSL/train_poses/signer40_sample32_color.pkl,processed/autsl20/landmark46-v1/train/signer40_sample32.npz,approved,trainable,true,standard
signer40_sample45,seker,14,172,AUTSL,AUTSL_OpenHands_pose_v1,signer40,dataset_license,train,AUTSL/train_poses/signer40_sample45_color.pkl,processed/autsl20/landmark46-v1/train/signer40_sample45.npz,approved,trainable,true,standard
signer40_sample48,igne,8,95,AUTSL,AUTSL_OpenHands_pose_v1,signer40,dataset_license,train,AUTSL/train_poses/signer40_sample48_color.pkl,processed/autsl20/landmark46-v1/train/signer40_sample48.npz,approved,trainable,true,standard
signer40_sample88,hastane,5,83,AUTSL,AUTSL_OpenHands_pose_v1,signer40,dataset_license,train,AUTSL/train_poses/signer40_sample88_color.pkl,processed/autsl20/landmark46-v1/train/signer40_sample88.npz,approved,trainable,true,standard
signer40_sample110,ilac,9,96,AUTSL,AUTSL_OpenHands_pose_v1,signer40,dataset_license,train,AUTSL/train_poses/signer40_sample110_color.pkl,processed/autsl20/landmark46-v1/train/signer40_sample110.npz,approved,trainable,true,standard
signer40_sample115,eczane,1,58,AUTSL,AUTSL_OpenHands_pose_v1,signer40,dataset_license,train,AUTSL/train_poses/signer40_sample115_color.pkl,processed/autsl20/landmark46-v1/train/signer40_sample115.npz,approved,trainable,true,standard
signer40_sample118,eczane,1,58,AUTSL,AUTSL_OpenHands_pose_v1,signer40,dataset_license,train,AUTSL/train_poses/signer40_sample118_color.pkl,processed/autsl20/landmark46-v1/train/signer40_sample118.npz,approved,trainable,true,standard
signer40_sample123,yardim,18,211,AUTSL,AUTSL_OpenHands_pose_v1,signer40,dataset_license,train,AUTSL/train_poses/signer40_sample123_color.pkl,processed/autsl20/landmark46-v1/train/signer40_sample123.npz,approved,trainable,true,red_flag
signer40_sample134,evet,2,65,AUTSL,AUTSL_OpenHands_pose_v1,signer40,dataset_license,train,AUTSL/train_poses/signer40_sample134_color.pkl,processed/autsl20/landmark46-v1/train/signer40_sample134.npz,approved,trainable,true,standard
signer40_sample135,tehlike,15,192,AUTSL,AUTSL_OpenHands_pose_v1,signer40,dataset_license,train,AUTSL/train_poses/signer40_sample135_color.pkl,processed/autsl20/landmark46-v1/train/signer40_sample135.npz,approved,trainable,true,red_flag
signer40_sample143,seker,14,172,AUTSL,AUTSL_OpenHands_pose_v1,signer40,dataset_license,train,AUTSL/train_poses/signer40_sample143_color.pkl,processed/autsl20/landmark46-v1/train/signer40_sample143.npz,approved,trainable,true,standard
signer40_sample175,kaza,11,108,AUTSL,AUTSL_OpenHands_pose_v1,signer40,dataset_license,train,AUTSL/train_poses/signer40_sample175_color.pkl,processed/autsl20/landmark46-v1/train/signer40_sample175.npz,approved,trainable,true,standard
signer40_sample181,iyi,10,100,AUTSL,AUTSL_OpenHands_pose_v1,signer40,dataset_license,train,AUTSL/train_poses/signer40_sample181_color.pkl,processed/autsl20/landmark46-v1/train/signer40_sample181.npz,approved,trainable,true,standard
signer40_sample186,tuvalet,16,200,AUTSL,AUTSL_OpenHands_pose_v1,signer40,dataset_license,train,AUTSL/train_poses/signer40_sample186_color.pkl,processed/autsl20/landmark46-v1/train/signer40_sample186.npz,approved,trainable,true,standard
signer40_sample223,nerede,13,138,AUTSL,AUTSL_OpenHands_pose_v1,signer40,dataset_license,train,AUTSL/train_poses/signer40_sample223_color.pkl,processed/autsl20/landmark46-v1/train/signer40_sample223.npz,approved,trainable,true,standard
signer40_sample257,tehlike,15,192,AUTSL,AUTSL_OpenHands_pose_v1,signer40,dataset_license,train,AUTSL/train_poses/signer40_sample257_color.pkl,processed/autsl20/landmark46-v1/train/signer40_sample257.npz,approved,trainable,true,red_flag
signer40_sample276,tehlike,15,192,AUTSL,AUTSL_OpenHands_pose_v1,signer40,dataset_license,train,AUTSL/train_poses/signer40_sample276_color.pkl,processed/autsl20/landmark46-v1/train/signer40_sample276.npz,approved,trainable,true,red_flag
signer40_sample301,nerede,13,138,AUTSL,AUTSL_OpenHands_pose_v1,signer40,dataset_license,train,AUTSL/train_poses/signer40_sample301_color.pkl,processed/autsl20/landmark46-v1/train/signer40_sample301.npz,approved,trainable,true,standard
signer40_sample316,gostermek,3,77,AUTSL,AUTSL_OpenHands_pose_v1,signer40,dataset_license,train,AUTSL/train_poses/signer40_sample316_color.pkl,processed/autsl20/landmark46-v1/train/signer40_sample316.npz,approved,trainable,true,standard
signer40_sample347,seker,14,172,AUTSL,AUTSL_OpenHands_pose_v1,signer40,dataset_license,train,AUTSL/train_poses/signer40_sample347_color.pkl,processed/autsl20/landmark46-v1/train/signer40_sample347.npz,approved,trainable,true,standard
signer40_sample349,igne,8,95,AUTSL,AUTSL_OpenHands_pose_v1,signer40,dataset_license,train,AUTSL/train_poses/signer40_sample349_color.pkl,processed/autsl20/landmark46-v1/train/signer40_sample349.npz,approved,trainable,true,standard
signer40_sample357,yorgun,19,222,AUTSL,AUTSL_OpenHands_pose_v1,signer40,dataset_license,train,AUTSL/train_poses/signer40_sample357_color.pkl,processed/autsl20/landmark46-v1/train/signer40_sample357.npz,approved,trainable,true,standard
signer40_sample374,tuvalet,16,200,AUTSL,AUTSL_OpenHands_pose_v1,signer40,dataset_license,train,AUTSL/train_poses/signer40_sample374_color.pkl,processed/autsl20/landmark46-v1/train/signer40_sample374.npz,approved,trainable,true,standard
signer40_sample378,hastane,5,83,AUTSL,AUTSL_OpenHands_pose_v1,signer40,dataset_license,train,AUTSL/train_poses/signer40_sample378_color.pkl,processed/autsl20/landmark46-v1/train/signer40_sample378.npz,approved,trainable,true,standard
signer40_sample381,hasta,4,82,AUTSL,AUTSL_OpenHands_pose_v1,signer40,dataset_license,train,AUTSL/train_poses/signer40_sample381_color.pkl,processed/autsl20/landmark46-v1/train/signer40_sample381.npz,approved,trainable,true,standard
signer40_sample389,kotu,12,122,AUTSL,AUTSL_OpenHands_pose_v1,signer40,dataset_license,train,AUTSL/train_poses/signer40_sample389_color.pkl,processed/autsl20/landmark46-v1/train/signer40_sample389.npz,approved,trainable,true,standard
signer40_sample390,hayir,6,86,AUTSL,AUTSL_OpenHands_pose_v1,signer40,dataset_license,train,AUTSL/train_poses/signer40_sample390_color.pkl,processed/autsl20/landmark46-v1/train/signer40_sample390.npz,approved,trainable,true,standard
signer40_sample394,kotu,12,122,AUTSL,AUTSL_OpenHands_pose_v1,signer40,dataset_license,train,AUTSL/train_poses/signer40_sample394_color.pkl,processed/autsl20/landmark46-v1/train/signer40_sample394.npz,approved,trainable,true,standard
signer40_sample408,gostermek,3,77,AUTSL,AUTSL_OpenHands_pose_v1,signer40,dataset_license,train,AUTSL/train_poses/signer40_sample408_color.pkl,processed/autsl20/landmark46-v1/train/signer40_sample408.npz,approved,trainable,true,standard
signer40_sample421,gostermek,3,77,AUTSL,AUTSL_OpenHands_pose_v1,signer40,dataset_license,train,AUTSL/train_poses/signer40_sample421_color.pkl,processed/autsl20/landmark46-v1/train/signer40_sample421.npz,approved,trainable,true,standard
signer40_sample422,yorgun,19,222,AUTSL,AUTSL_OpenHands_pose_v1,signer40,dataset_license,train,AUTSL/train_poses/signer40_sample422_color.pkl,processed/autsl20/landmark46-v1/train/signer40_sample422.npz,approved,trainable,true,standard
signer40_sample424,ilac,9,96,AUTSL,AUTSL_OpenHands_pose_v1,signer40,dataset_license,train,AUTSL/train_poses/signer40_sample424_color.pkl,processed/autsl20/landmark46-v1/train/signer40_sample424.npz,approved,trainable,true,standard
signer40_sample444,hastane,5,83,AUTSL,AUTSL_OpenHands_pose_v1,signer40,dataset_license,train,AUTSL/train_poses/signer40_sample444_color.pkl,processed/autsl20/landmark46-v1/train/signer40_sample444.npz,approved,trainable,true,standard
signer40_sample453,hayir,6,86,AUTSL,AUTSL_OpenHands_pose_v1,signer40,dataset_license,train,AUTSL/train_poses/signer40_sample453_color.pkl,processed/autsl20/landmark46-v1/train/signer40_sample453.npz,approved,trainable,true,standard
signer40_sample464,iyi,10,100,AUTSL,AUTSL_OpenHands_pose_v1,signer40,dataset_license,train,AUTSL/train_poses/signer40_sample464_color.pkl,processed/autsl20/landmark46-v1/train/signer40_sample464.npz,approved,trainable,true,standard
signer40_sample471,nerede,13,138,AUTSL,AUTSL_OpenHands_pose_v1,signer40,dataset_license,train,AUTSL/train_poses/signer40_sample471_color.pkl,processed/autsl20/landmark46-v1/train/signer40_sample471.npz,approved,trainable,true,standard
signer40_sample484,hayir,6,86,AUTSL,AUTSL_OpenHands_pose_v1,signer40,dataset_license,train,AUTSL/train_poses/signer40_sample484_color.pkl,processed/autsl20/landmark46-v1/train/signer40_sample484.npz,approved,trainable,true,standard
signer40_sample512,yardim,18,211,AUTSL,AUTSL_OpenHands_pose_v1,signer40,dataset_license,train,AUTSL/train_poses/signer40_sample512_color.pkl,processed/autsl20/landmark46-v1/train/signer40_sample512.npz,approved,trainable,true,red_flag
signer40_sample516,kaza,11,108,AUTSL,AUTSL_OpenHands_pose_v1,signer40,dataset_license,train,AUTSL/train_poses/signer40_sample516_color.pkl,processed/autsl20/landmark46-v1/train/signer40_sample516.npz,approved,trainable,true,standard
signer40_sample518,evet,2,65,AUTSL,AUTSL_OpenHands_pose_v1,signer40,dataset_license,train,AUTSL/train_poses/signer40_sample518_color.pkl,processed/autsl20/landmark46-v1/train/signer40_sample518.npz,approved,trainable,true,standard
signer40_sample522,evet,2,65,AUTSL,AUTSL_OpenHands_pose_v1,signer40,dataset_license,train,AUTSL/train_poses/signer40_sample522_color.pkl,processed/autsl20/landmark46-v1/train/signer40_sample522.npz,approved,trainable,true,standard
signer40_sample524,ilac,9,96,AUTSL,AUTSL_OpenHands_pose_v1,signer40,dataset_license,train,AUTSL/train_poses/signer40_sample524_color.pkl,processed/autsl20/landmark46-v1/train/signer40_sample524.npz,approved,trainable,true,standard
signer40_sample534,yarabandi,17,210,AUTSL,AUTSL_OpenHands_pose_v1,signer40,dataset_license,train,AUTSL/train_poses/signer40_sample534_color.pkl,processed/autsl20/landmark46-v1/train/signer40_sample534.npz,approved,trainable,true,standard
signer40_sample546,eczane,1,58,AUTSL,AUTSL_OpenHands_pose_v1,signer40,dataset_license,train,AUTSL/train_poses/signer40_sample546_color.pkl,processed/autsl20/landmark46-v1/train/signer40_sample546.npz,approved,trainable,true,standard
signer40_sample571,kaza,11,108,AUTSL,AUTSL_OpenHands_pose_v1,signer40,dataset_license,train,AUTSL/train_poses/signer40_sample571_color.pkl,processed/autsl20/landmark46-v1/train/signer40_sample571.npz,approved,trainable,true,standard
signer40_sample578,yardim,18,211,AUTSL,AUTSL_OpenHands_pose_v1,signer40,dataset_license,train,AUTSL/train_poses/signer40_sample578_color.pkl,processed/autsl20/landmark46-v1/train/signer40_sample578.npz,approved,trainable,true,red_flag
signer40_sample605,iyi,10,100,AUTSL,AUTSL_OpenHands_pose_v1,signer40,dataset_license,train,AUTSL/train_poses/signer40_sample605_color.pkl,processed/autsl20/landmark46-v1/train/signer40_sample605.npz,approved,trainable,true,standard
signer40_sample621,icmek,7,94,AUTSL,AUTSL_OpenHands_pose_v1,signer40,dataset_license,train,AUTSL/train_poses/signer40_sample621_color.pkl,processed/autsl20/landmark46-v1/train/signer40_sample621.npz,approved,trainable,true,standard
signer40_sample627,hasta,4,82,AUTSL,AUTSL_OpenHands_pose_v1,signer40,dataset_license,train,AUTSL/train_poses/signer40_sample627_color.pkl,processed/autsl20/landmark46-v1/train/signer40_sample627.npz,approved,trainable,true,standard
signer40_sample632,icmek,7,94,AUTSL,AUTSL_OpenHands_pose_v1,signer40,dataset_license,train,AUTSL/train_poses/signer40_sample632_color.pkl,processed/autsl20/landmark46-v1/train/signer40_sample632.npz,approved,trainable,true,standard
signer40_sample636,igne,8,95,AUTSL,AUTSL_OpenHands_pose_v1,signer40,dataset_license,train,AUTSL/train_poses/signer40_sample636_color.pkl,processed/autsl20/landmark46-v1/train/signer40_sample636.npz,approved,trainable,true,standard
signer40_sample652,hasta,4,82,AUTSL,AUTSL_OpenHands_pose_v1,signer40,dataset_license,train,AUTSL/train_poses/signer40_sample652_color.pkl,processed/autsl20/landmark46-v1/train/signer40_sample652.npz,approved,trainable,true,standard
signer40_sample657,icmek,7,94,AUTSL,AUTSL_OpenHands_pose_v1,signer40,dataset_license,train,AUTSL/train_poses/signer40_sample657_color.pkl,processed/autsl20/landmark46-v1/train/signer40_sample657.npz,approved,trainable,true,standard
signer40_sample659,yarabandi,17,210,AUTSL,AUTSL_OpenHands_pose_v1,signer40,dataset_license,train,AUTSL/train_poses/signer40_sample659_color.pkl,processed/autsl20/landmark46-v1/train/signer40_sample659.npz,approved,trainable,true,standard
signer41_sample4,ilac,9,96,AUTSL,AUTSL_OpenHands_pose_v1,signer41,dataset_license,train,AUTSL/train_poses/signer41_sample4_color.pkl,processed/autsl20/landmark46-v1/train/signer41_sample4.npz,approved,trainable,true,standard
signer41_sample21,tuvalet,16,200,AUTSL,AUTSL_OpenHands_pose_v1,signer41,dataset_license,train,AUTSL/train_poses/signer41_sample21_color.pkl,processed/autsl20/landmark46-v1/train/signer41_sample21.npz,approved,trainable,true,standard
signer41_sample34,hasta,4,82,AUTSL,AUTSL_OpenHands_pose_v1,signer41,dataset_license,train,AUTSL/train_poses/signer41_sample34_color.pkl,processed/autsl20/landmark46-v1/train/signer41_sample34.npz,approved,trainable,true,standard
signer41_sample47,kaza,11,108,AUTSL,AUTSL_OpenHands_pose_v1,signer41,dataset_license,train,AUTSL/train_poses/signer41_sample47_color.pkl,processed/autsl20/landmark46-v1/train/signer41_sample47.npz,approved,trainable,true,standard
signer41_sample64,doktor,0,52,AUTSL,AUTSL_OpenHands_pose_v1,signer41,dataset_license,train,AUTSL/train_poses/signer41_sample64_color.pkl,processed/autsl20/landmark46-v1/train/signer41_sample64.npz,approved,trainable,true,standard
signer41_sample95,yardim,18,211,AUTSL,AUTSL_OpenHands_pose_v1,signer41,dataset_license,train,AUTSL/train_poses/signer41_sample95_color.pkl,processed/autsl20/landmark46-v1/train/signer41_sample95.npz,approved,trainable,true,red_flag
signer41_sample122,gostermek,3,77,AUTSL,AUTSL_OpenHands_pose_v1,signer41,dataset_license,train,AUTSL/train_poses/signer41_sample122_color.pkl,processed/autsl20/landmark46-v1/train/signer41_sample122.npz,approved,trainable,true,standard
signer41_sample130,igne,8,95,AUTSL,AUTSL_OpenHands_pose_v1,signer41,dataset_license,train,AUTSL/train_poses/signer41_sample130_color.pkl,processed/autsl20/landmark46-v1/train/signer41_sample130.npz,approved,trainable,true,standard
signer41_sample137,ilac,9,96,AUTSL,AUTSL_OpenHands_pose_v1,signer41,dataset_license,train,AUTSL/train_poses/signer41_sample137_color.pkl,processed/autsl20/landmark46-v1/train/signer41_sample137.npz,approved,trainable,true,standard
signer41_sample143,nerede,13,138,AUTSL,AUTSL_OpenHands_pose_v1,signer41,dataset_license,train,AUTSL/train_poses/signer41_sample143_color.pkl,processed/autsl20/landmark46-v1/train/signer41_sample143.npz,approved,trainable,true,standard
signer41_sample148,tuvalet,16,200,AUTSL,AUTSL_OpenHands_pose_v1,signer41,dataset_license,train,AUTSL/train_poses/signer41_sample148_color.pkl,processed/autsl20/landmark46-v1/train/signer41_sample148.npz,approved,trainable,true,standard
signer41_sample152,doktor,0,52,AUTSL,AUTSL_OpenHands_pose_v1,signer41,dataset_license,train,AUTSL/train_poses/signer41_sample152_color.pkl,processed/autsl20/landmark46-v1/train/signer41_sample152.npz,approved,trainable,true,standard
signer41_sample155,igne,8,95,AUTSL,AUTSL_OpenHands_pose_v1,signer41,dataset_license,train,AUTSL/train_poses/signer41_sample155_color.pkl,processed/autsl20/landmark46-v1/train/signer41_sample155.npz,approved,trainable,true,standard
signer41_sample156,icmek,7,94,AUTSL,AUTSL_OpenHands_pose_v1,signer41,dataset_license,train,AUTSL/train_poses/signer41_sample156_color.pkl,processed/autsl20/landmark46-v1/train/signer41_sample156.npz,approved,trainable,true,standard
signer41_sample159,yarabandi,17,210,AUTSL,AUTSL_OpenHands_pose_v1,signer41,dataset_license,train,AUTSL/train_poses/signer41_sample159_color.pkl,processed/autsl20/landmark46-v1/train/signer41_sample159.npz,approved,trainable,true,standard
signer41_sample174,nerede,13,138,AUTSL,AUTSL_OpenHands_pose_v1,signer41,dataset_license,train,AUTSL/train_poses/signer41_sample174_color.pkl,processed/autsl20/landmark46-v1/train/signer41_sample174.npz,approved,trainable,true,standard
signer41_sample185,ilac,9,96,AUTSL,AUTSL_OpenHands_pose_v1,signer41,dataset_license,train,AUTSL/train_poses/signer41_sample185_color.pkl,processed/autsl20/landmark46-v1/train/signer41_sample185.npz,approved,trainable,true,standard
signer41_sample187,seker,14,172,AUTSL,AUTSL_OpenHands_pose_v1,signer41,dataset_license,train,AUTSL/train_poses/signer41_sample187_color.pkl,processed/autsl20/landmark46-v1/train/signer41_sample187.npz,approved,trainable,true,standard
signer41_sample193,kotu,12,122,AUTSL,AUTSL_OpenHands_pose_v1,signer41,dataset_license,train,AUTSL/train_poses/signer41_sample193_color.pkl,processed/autsl20/landmark46-v1/train/signer41_sample193.npz,approved,trainable,true,standard
signer41_sample194,hastane,5,83,AUTSL,AUTSL_OpenHands_pose_v1,signer41,dataset_license,train,AUTSL/train_poses/signer41_sample194_color.pkl,processed/autsl20/landmark46-v1/train/signer41_sample194.npz,approved,trainable,true,standard
signer41_sample196,doktor,0,52,AUTSL,AUTSL_OpenHands_pose_v1,signer41,dataset_license,train,AUTSL/train_poses/signer41_sample196_color.pkl,processed/autsl20/landmark46-v1/train/signer41_sample196.npz,approved,trainable,true,standard
signer41_sample204,evet,2,65,AUTSL,AUTSL_OpenHands_pose_v1,signer41,dataset_license,train,AUTSL/train_poses/signer41_sample204_color.pkl,processed/autsl20/landmark46-v1/train/signer41_sample204.npz,approved,trainable,true,standard
signer41_sample208,tehlike,15,192,AUTSL,AUTSL_OpenHands_pose_v1,signer41,dataset_license,train,AUTSL/train_poses/signer41_sample208_color.pkl,processed/autsl20/landmark46-v1/train/signer41_sample208.npz,approved,trainable,true,red_flag
signer41_sample214,yardim,18,211,AUTSL,AUTSL_OpenHands_pose_v1,signer41,dataset_license,train,AUTSL/train_poses/signer41_sample214_color.pkl,processed/autsl20/landmark46-v1/train/signer41_sample214.npz,approved,trainable,true,red_flag
signer41_sample252,hasta,4,82,AUTSL,AUTSL_OpenHands_pose_v1,signer41,dataset_license,train,AUTSL/train_poses/signer41_sample252_color.pkl,processed/autsl20/landmark46-v1/train/signer41_sample252.npz,approved,trainable,true,standard
signer41_sample267,tehlike,15,192,AUTSL,AUTSL_OpenHands_pose_v1,signer41,dataset_license,train,AUTSL/train_poses/signer41_sample267_color.pkl,processed/autsl20/landmark46-v1/train/signer41_sample267.npz,approved,trainable,true,red_flag
signer41_sample274,yarabandi,17,210,AUTSL,AUTSL_OpenHands_pose_v1,signer41,dataset_license,train,AUTSL/train_poses/signer41_sample274_color.pkl,processed/autsl20/landmark46-v1/train/signer41_sample274.npz,approved,trainable,true,standard
signer41_sample285,gostermek,3,77,AUTSL,AUTSL_OpenHands_pose_v1,signer41,dataset_license,train,AUTSL/train_poses/signer41_sample285_color.pkl,processed/autsl20/landmark46-v1/train/signer41_sample285.npz,approved,trainable,true,standard
signer41_sample309,icmek,7,94,AUTSL,AUTSL_OpenHands_pose_v1,signer41,dataset_license,train,AUTSL/train_poses/signer41_sample309_color.pkl,processed/autsl20/landmark46-v1/train/signer41_sample309.npz,approved,trainable,true,standard
signer41_sample313,evet,2,65,AUTSL,AUTSL_OpenHands_pose_v1,signer41,dataset_license,train,AUTSL/train_poses/signer41_sample313_color.pkl,processed/autsl20/landmark46-v1/train/signer41_sample313.npz,approved,trainable,true,standard
signer41_sample325,igne,8,95,AUTSL,AUTSL_OpenHands_pose_v1,signer41,dataset_license,train,AUTSL/train_poses/signer41_sample325_color.pkl,processed/autsl20/landmark46-v1/train/signer41_sample325.npz,approved,trainable,true,standard
signer41_sample357,hastane,5,83,AUTSL,AUTSL_OpenHands_pose_v1,signer41,dataset_license,train,AUTSL/train_poses/signer41_sample357_color.pkl,processed/autsl20/landmark46-v1/train/signer41_sample357.npz,approved,trainable,true,standard
signer41_sample360,eczane,1,58,AUTSL,AUTSL_OpenHands_pose_v1,signer41,dataset_license,train,AUTSL/train_poses/signer41_sample360_color.pkl,processed/autsl20/landmark46-v1/train/signer41_sample360.npz,approved,trainable,true,standard
signer41_sample370,iyi,10,100,AUTSL,AUTSL_OpenHands_pose_v1,signer41,dataset_license,train,AUTSL/train_poses/signer41_sample370_color.pkl,processed/autsl20/landmark46-v1/train/signer41_sample370.npz,approved,trainable,true,standard
signer41_sample375,seker,14,172,AUTSL,AUTSL_OpenHands_pose_v1,signer41,dataset_license,train,AUTSL/train_poses/signer41_sample375_color.pkl,processed/autsl20/landmark46-v1/train/signer41_sample375.npz,approved,trainable,true,standard
signer41_sample401,eczane,1,58,AUTSL,AUTSL_OpenHands_pose_v1,signer41,dataset_license,train,AUTSL/train_poses/signer41_sample401_color.pkl,processed/autsl20/landmark46-v1/train/signer41_sample401.npz,approved,trainable,true,standard
signer41_sample404,tuvalet,16,200,AUTSL,AUTSL_OpenHands_pose_v1,signer41,dataset_license,train,AUTSL/train_poses/signer41_sample404_color.pkl,processed/autsl20/landmark46-v1/train/signer41_sample404.npz,approved,trainable,true,standard
signer41_sample408,tehlike,15,192,AUTSL,AUTSL_OpenHands_pose_v1,signer41,dataset_license,train,AUTSL/train_poses/signer41_sample408_color.pkl,processed/autsl20/landmark46-v1/train/signer41_sample408.npz,approved,trainable,true,red_flag
signer41_sample424,nerede,13,138,AUTSL,AUTSL_OpenHands_pose_v1,signer41,dataset_license,train,AUTSL/train_poses/signer41_sample424_color.pkl,processed/autsl20/landmark46-v1/train/signer41_sample424.npz,approved,trainable,true,standard
signer41_sample427,yardim,18,211,AUTSL,AUTSL_OpenHands_pose_v1,signer41,dataset_license,train,AUTSL/train_poses/signer41_sample427_color.pkl,processed/autsl20/landmark46-v1/train/signer41_sample427.npz,approved,trainable,true,red_flag
signer41_sample449,hastane,5,83,AUTSL,AUTSL_OpenHands_pose_v1,signer41,dataset_license,train,AUTSL/train_poses/signer41_sample449_color.pkl,processed/autsl20/landmark46-v1/train/signer41_sample449.npz,approved,trainable,true,standard
signer41_sample475,iyi,10,100,AUTSL,AUTSL_OpenHands_pose_v1,signer41,dataset_license,train,AUTSL/train_poses/signer41_sample475_color.pkl,processed/autsl20/landmark46-v1/train/signer41_sample475.npz,approved,trainable,true,standard
signer41_sample514,kotu,12,122,AUTSL,AUTSL_OpenHands_pose_v1,signer41,dataset_license,train,AUTSL/train_poses/signer41_sample514_color.pkl,processed/autsl20/landmark46-v1/train/signer41_sample514.npz,approved,trainable,true,standard
signer41_sample536,gostermek,3,77,AUTSL,AUTSL_OpenHands_pose_v1,signer41,dataset_license,train,AUTSL/train_poses/signer41_sample536_color.pkl,processed/autsl20/landmark46-v1/train/signer41_sample536.npz,approved,trainable,true,standard
signer41_sample542,evet,2,65,AUTSL,AUTSL_OpenHands_pose_v1,signer41,dataset_license,train,AUTSL/train_poses/signer41_sample542_color.pkl,processed/autsl20/landmark46-v1/train/signer41_sample542.npz,approved,trainable,true,standard
signer41_sample544,kotu,12,122,AUTSL,AUTSL_OpenHands_pose_v1,signer41,dataset_license,train,AUTSL/train_poses/signer41_sample544_color.pkl,processed/autsl20/landmark46-v1/train/signer41_sample544.npz,approved,trainable,true,standard
signer41_sample551,iyi,10,100,AUTSL,AUTSL_OpenHands_pose_v1,signer41,dataset_license,train,AUTSL/train_poses/signer41_sample551_color.pkl,processed/autsl20/landmark46-v1/train/signer41_sample551.npz,approved,trainable,true,standard
signer41_sample562,yarabandi,17,210,AUTSL,AUTSL_OpenHands_pose_v1,signer41,dataset_license,train,AUTSL/train_poses/signer41_sample562_color.pkl,processed/autsl20/landmark46-v1/train/signer41_sample562.npz,approved,trainable,true,standard
signer41_sample584,yorgun,19,222,AUTSL,AUTSL_OpenHands_pose_v1,signer41,dataset_license,train,AUTSL/train_poses/signer41_sample584_color.pkl,processed/autsl20/landmark46-v1/train/signer41_sample584.npz,approved,trainable,true,standard
signer41_sample593,icmek,7,94,AUTSL,AUTSL_OpenHands_pose_v1,signer41,dataset_license,train,AUTSL/train_poses/signer41_sample593_color.pkl,processed/autsl20/landmark46-v1/train/signer41_sample593.npz,approved,trainable,true,standard
signer41_sample603,hasta,4,82,AUTSL,AUTSL_OpenHands_pose_v1,signer41,dataset_license,train,AUTSL/train_poses/signer41_sample603_color.pkl,processed/autsl20/landmark46-v1/train/signer41_sample603.npz,approved,trainable,true,standard
signer41_sample605,kaza,11,108,AUTSL,AUTSL_OpenHands_pose_v1,signer41,dataset_license,train,AUTSL/train_poses/signer41_sample605_color.pkl,processed/autsl20/landmark46-v1/train/signer41_sample605.npz,approved,trainable,true,standard
signer41_sample623,eczane,1,58,AUTSL,AUTSL_OpenHands_pose_v1,signer41,dataset_license,train,AUTSL/train_poses/signer41_sample623_color.pkl,processed/autsl20/landmark46-v1/train/signer41_sample623.npz,approved,trainable,true,standard
signer41_sample633,seker,14,172,AUTSL,AUTSL_OpenHands_pose_v1,signer41,dataset_license,train,AUTSL/train_poses/signer41_sample633_color.pkl,processed/autsl20/landmark46-v1/train/signer41_sample633.npz,approved,trainable,true,standard
signer41_sample634,yorgun,19,222,AUTSL,AUTSL_OpenHands_pose_v1,signer41,dataset_license,train,AUTSL/train_poses/signer41_sample634_color.pkl,processed/autsl20/landmark46-v1/train/signer41_sample634.npz,approved,trainable,true,standard
signer41_sample637,kaza,11,108,AUTSL,AUTSL_OpenHands_pose_v1,signer41,dataset_license,train,AUTSL/train_poses/signer41_sample637_color.pkl,processed/autsl20/landmark46-v1/train/signer41_sample637.npz,approved,trainable,true,standard
signer41_sample660,yorgun,19,222,AUTSL,AUTSL_OpenHands_pose_v1,signer41,dataset_license,train,AUTSL/train_poses/signer41_sample660_color.pkl,processed/autsl20/landmark46-v1/train/signer41_sample660.npz,approved,trainable,true,standard
signer42_sample13,eczane,1,58,AUTSL,AUTSL_OpenHands_pose_v1,signer42,dataset_license,train,AUTSL/train_poses/signer42_sample13_color.pkl,processed/autsl20/landmark46-v1/train/signer42_sample13.npz,approved,trainable,true,standard
signer42_sample25,nerede,13,138,AUTSL,AUTSL_OpenHands_pose_v1,signer42,dataset_license,train,AUTSL/train_poses/signer42_sample25_color.pkl,processed/autsl20/landmark46-v1/train/signer42_sample25.npz,approved,trainable,true,standard
signer42_sample61,icmek,7,94,AUTSL,AUTSL_OpenHands_pose_v1,signer42,dataset_license,train,AUTSL/train_poses/signer42_sample61_color.pkl,processed/autsl20/landmark46-v1/train/signer42_sample61.npz,approved,trainable,true,standard
signer42_sample64,seker,14,172,AUTSL,AUTSL_OpenHands_pose_v1,signer42,dataset_license,train,AUTSL/train_poses/signer42_sample64_color.pkl,processed/autsl20/landmark46-v1/train/signer42_sample64.npz,approved,trainable,true,standard
signer42_sample74,kaza,11,108,AUTSL,AUTSL_OpenHands_pose_v1,signer42,dataset_license,train,AUTSL/train_poses/signer42_sample74_color.pkl,processed/autsl20/landmark46-v1/train/signer42_sample74.npz,approved,trainable,true,standard
signer42_sample77,nerede,13,138,AUTSL,AUTSL_OpenHands_pose_v1,signer42,dataset_license,train,AUTSL/train_poses/signer42_sample77_color.pkl,processed/autsl20/landmark46-v1/train/signer42_sample77.npz,approved,trainable,true,standard
signer42_sample90,eczane,1,58,AUTSL,AUTSL_OpenHands_pose_v1,signer42,dataset_license,train,AUTSL/train_poses/signer42_sample90_color.pkl,processed/autsl20/landmark46-v1/train/signer42_sample90.npz,approved,trainable,true,standard
signer42_sample100,hastane,5,83,AUTSL,AUTSL_OpenHands_pose_v1,signer42,dataset_license,train,AUTSL/train_poses/signer42_sample100_color.pkl,processed/autsl20/landmark46-v1/train/signer42_sample100.npz,approved,trainable,true,standard
signer42_sample123,yorgun,19,222,AUTSL,AUTSL_OpenHands_pose_v1,signer42,dataset_license,train,AUTSL/train_poses/signer42_sample123_color.pkl,processed/autsl20/landmark46-v1/train/signer42_sample123.npz,approved,trainable,true,standard
signer42_sample129,tehlike,15,192,AUTSL,AUTSL_OpenHands_pose_v1,signer42,dataset_license,train,AUTSL/train_poses/signer42_sample129_color.pkl,processed/autsl20/landmark46-v1/train/signer42_sample129.npz,approved,trainable,true,red_flag
signer42_sample132,seker,14,172,AUTSL,AUTSL_OpenHands_pose_v1,signer42,dataset_license,train,AUTSL/train_poses/signer42_sample132_color.pkl,processed/autsl20/landmark46-v1/train/signer42_sample132.npz,approved,trainable,true,standard
signer42_sample141,tuvalet,16,200,AUTSL,AUTSL_OpenHands_pose_v1,signer42,dataset_license,train,AUTSL/train_poses/signer42_sample141_color.pkl,processed/autsl20/landmark46-v1/train/signer42_sample141.npz,approved,trainable,true,standard
signer42_sample146,evet,2,65,AUTSL,AUTSL_OpenHands_pose_v1,signer42,dataset_license,train,AUTSL/train_poses/signer42_sample146_color.pkl,processed/autsl20/landmark46-v1/train/signer42_sample146.npz,approved,trainable,true,standard
signer42_sample151,ilac,9,96,AUTSL,AUTSL_OpenHands_pose_v1,signer42,dataset_license,train,AUTSL/train_poses/signer42_sample151_color.pkl,processed/autsl20/landmark46-v1/train/signer42_sample151.npz,approved,trainable,true,standard
signer42_sample176,doktor,0,52,AUTSL,AUTSL_OpenHands_pose_v1,signer42,dataset_license,train,AUTSL/train_poses/signer42_sample176_color.pkl,processed/autsl20/landmark46-v1/train/signer42_sample176.npz,approved,trainable,true,standard
signer42_sample181,yarabandi,17,210,AUTSL,AUTSL_OpenHands_pose_v1,signer42,dataset_license,train,AUTSL/train_poses/signer42_sample181_color.pkl,processed/autsl20/landmark46-v1/train/signer42_sample181.npz,approved,trainable,true,standard
signer42_sample187,kotu,12,122,AUTSL,AUTSL_OpenHands_pose_v1,signer42,dataset_license,train,AUTSL/train_poses/signer42_sample187_color.pkl,processed/autsl20/landmark46-v1/train/signer42_sample187.npz,approved,trainable,true,standard
signer42_sample190,yardim,18,211,AUTSL,AUTSL_OpenHands_pose_v1,signer42,dataset_license,train,AUTSL/train_poses/signer42_sample190_color.pkl,processed/autsl20/landmark46-v1/train/signer42_sample190.npz,approved,trainable,true,red_flag
signer42_sample200,ilac,9,96,AUTSL,AUTSL_OpenHands_pose_v1,signer42,dataset_license,train,AUTSL/train_poses/signer42_sample200_color.pkl,processed/autsl20/landmark46-v1/train/signer42_sample200.npz,approved,trainable,true,standard
signer42_sample211,tuvalet,16,200,AUTSL,AUTSL_OpenHands_pose_v1,signer42,dataset_license,train,AUTSL/train_poses/signer42_sample211_color.pkl,processed/autsl20/landmark46-v1/train/signer42_sample211.npz,approved,trainable,true,standard
signer42_sample267,eczane,1,58,AUTSL,AUTSL_OpenHands_pose_v1,signer42,dataset_license,train,AUTSL/train_poses/signer42_sample267_color.pkl,processed/autsl20/landmark46-v1/train/signer42_sample267.npz,approved,trainable,true,standard
signer42_sample268,seker,14,172,AUTSL,AUTSL_OpenHands_pose_v1,signer42,dataset_license,train,AUTSL/train_poses/signer42_sample268_color.pkl,processed/autsl20/landmark46-v1/train/signer42_sample268.npz,approved,trainable,true,standard
signer42_sample279,doktor,0,52,AUTSL,AUTSL_OpenHands_pose_v1,signer42,dataset_license,train,AUTSL/train_poses/signer42_sample279_color.pkl,processed/autsl20/landmark46-v1/train/signer42_sample279.npz,approved,trainable,true,standard
signer42_sample291,hasta,4,82,AUTSL,AUTSL_OpenHands_pose_v1,signer42,dataset_license,train,AUTSL/train_poses/signer42_sample291_color.pkl,processed/autsl20/landmark46-v1/train/signer42_sample291.npz,approved,trainable,true,standard
signer42_sample300,gostermek,3,77,AUTSL,AUTSL_OpenHands_pose_v1,signer42,dataset_license,train,AUTSL/train_poses/signer42_sample300_color.pkl,processed/autsl20/landmark46-v1/train/signer42_sample300.npz,approved,trainable,true,standard
signer42_sample319,icmek,7,94,AUTSL,AUTSL_OpenHands_pose_v1,signer42,dataset_license,train,AUTSL/train_poses/signer42_sample319_color.pkl,processed/autsl20/landmark46-v1/train/signer42_sample319.npz,approved,trainable,true,standard
signer42_sample334,gostermek,3,77,AUTSL,AUTSL_OpenHands_pose_v1,signer42,dataset_license,train,AUTSL/train_poses/signer42_sample334_color.pkl,processed/autsl20/landmark46-v1/train/signer42_sample334.npz,approved,trainable,true,standard
signer42_sample343,igne,8,95,AUTSL,AUTSL_OpenHands_pose_v1,signer42,dataset_license,train,AUTSL/train_poses/signer42_sample343_color.pkl,processed/autsl20/landmark46-v1/train/signer42_sample343.npz,approved,trainable,true,standard
signer42_sample344,tuvalet,16,200,AUTSL,AUTSL_OpenHands_pose_v1,signer42,dataset_license,train,AUTSL/train_poses/signer42_sample344_color.pkl,processed/autsl20/landmark46-v1/train/signer42_sample344.npz,approved,trainable,true,standard
signer42_sample355,yarabandi,17,210,AUTSL,AUTSL_OpenHands_pose_v1,signer42,dataset_license,train,AUTSL/train_poses/signer42_sample355_color.pkl,processed/autsl20/landmark46-v1/train/signer42_sample355.npz,approved,trainable,true,standard
signer42_sample367,kaza,11,108,AUTSL,AUTSL_OpenHands_pose_v1,signer42,dataset_license,train,AUTSL/train_poses/signer42_sample367_color.pkl,processed/autsl20/landmark46-v1/train/signer42_sample367.npz,approved,trainable,true,standard
signer42_sample373,hayir,6,86,AUTSL,AUTSL_OpenHands_pose_v1,signer42,dataset_license,train,AUTSL/train_poses/signer42_sample373_color.pkl,processed/autsl20/landmark46-v1/train/signer42_sample373.npz,approved,trainable,true,standard
signer42_sample385,yardim,18,211,AUTSL,AUTSL_OpenHands_pose_v1,signer42,dataset_license,train,AUTSL/train_poses/signer42_sample385_color.pkl,processed/autsl20/landmark46-v1/train/signer42_sample385.npz,approved,trainable,true,red_flag
signer42_sample434,yorgun,19,222,AUTSL,AUTSL_OpenHands_pose_v1,signer42,dataset_license,train,AUTSL/train_poses/signer42_sample434_color.pkl,processed/autsl20/landmark46-v1/train/signer42_sample434.npz,approved,trainable,true,standard
signer42_sample441,kotu,12,122,AUTSL,AUTSL_OpenHands_pose_v1,signer42,dataset_license,train,AUTSL/train_poses/signer42_sample441_color.pkl,processed/autsl20/landmark46-v1/train/signer42_sample441.npz,approved,trainable,true,standard
signer42_sample444,hastane,5,83,AUTSL,AUTSL_OpenHands_pose_v1,signer42,dataset_license,train,AUTSL/train_poses/signer42_sample444_color.pkl,processed/autsl20/landmark46-v1/train/signer42_sample444.npz,approved,trainable,true,standard
signer42_sample451,icmek,7,94,AUTSL,AUTSL_OpenHands_pose_v1,signer42,dataset_license,train,AUTSL/train_poses/signer42_sample451_color.pkl,processed/autsl20/landmark46-v1/train/signer42_sample451.npz,approved,trainable,true,standard
signer42_sample466,gostermek,3,77,AUTSL,AUTSL_OpenHands_pose_v1,signer42,dataset_license,train,AUTSL/train_poses/signer42_sample466_color.pkl,processed/autsl20/landmark46-v1/train/signer42_sample466.npz,approved,trainable,true,standard
signer42_sample468,hayir,6,86,AUTSL,AUTSL_OpenHands_pose_v1,signer42,dataset_license,train,AUTSL/train_poses/signer42_sample468_color.pkl,processed/autsl20/landmark46-v1/train/signer42_sample468.npz,approved,trainable,true,standard
signer42_sample479,tehlike,15,192,AUTSL,AUTSL_OpenHands_pose_v1,signer42,dataset_license,train,AUTSL/train_poses/signer42_sample479_color.pkl,processed/autsl20/landmark46-v1/train/signer42_sample479.npz,approved,trainable,true,red_flag
signer42_sample484,iyi,10,100,AUTSL,AUTSL_OpenHands_pose_v1,signer42,dataset_license,train,AUTSL/train_poses/signer42_sample484_color.pkl,processed/autsl20/landmark46-v1/train/signer42_sample484.npz,approved,trainable,true,standard
signer42_sample503,evet,2,65,AUTSL,AUTSL_OpenHands_pose_v1,signer42,dataset_license,train,AUTSL/train_poses/signer42_sample503_color.pkl,processed/autsl20/landmark46-v1/train/signer42_sample503.npz,approved,trainable,true,standard
signer42_sample525,evet,2,65,AUTSL,AUTSL_OpenHands_pose_v1,signer42,dataset_license,train,AUTSL/train_poses/signer42_sample525_color.pkl,processed/autsl20/landmark46-v1/train/signer42_sample525.npz,approved,trainable,true,standard
signer42_sample528,nerede,13,138,AUTSL,AUTSL_OpenHands_pose_v1,signer42,dataset_license,train,AUTSL/train_poses/signer42_sample528_color.pkl,processed/autsl20/landmark46-v1/train/signer42_sample528.npz,approved,trainable,true,standard
signer42_sample529,iyi,10,100,AUTSL,AUTSL_OpenHands_pose_v1,signer42,dataset_license,train,AUTSL/train_poses/signer42_sample529_color.pkl,processed/autsl20/landmark46-v1/train/signer42_sample529.npz,approved,trainable,true,standard
signer42_sample531,hasta,4,82,AUTSL,AUTSL_OpenHands_pose_v1,signer42,dataset_license,train,AUTSL/train_poses/signer42_sample531_color.pkl,processed/autsl20/landmark46-v1/train/signer42_sample531.npz,approved,trainable,true,standard
signer42_sample540,igne,8,95,AUTSL,AUTSL_OpenHands_pose_v1,signer42,dataset_license,train,AUTSL/train_poses/signer42_sample540_color.pkl,processed/autsl20/landmark46-v1/train/signer42_sample540.npz,approved,trainable,true,standard
signer42_sample544,igne,8,95,AUTSL,AUTSL_OpenHands_pose_v1,signer42,dataset_license,train,AUTSL/train_poses/signer42_sample544_color.pkl,processed/autsl20/landmark46-v1/train/signer42_sample544.npz,approved,trainable,true,standard
signer42_sample557,tehlike,15,192,AUTSL,AUTSL_OpenHands_pose_v1,signer42,dataset_license,train,AUTSL/train_poses/signer42_sample557_color.pkl,processed/autsl20/landmark46-v1/train/signer42_sample557.npz,approved,trainable,true,red_flag
signer42_sample586,yorgun,19,222,AUTSL,AUTSL_OpenHands_pose_v1,signer42,dataset_license,train,AUTSL/train_poses/signer42_sample586_color.pkl,processed/autsl20/landmark46-v1/train/signer42_sample586.npz,approved,trainable,true,standard
signer42_sample588,yarabandi,17,210,AUTSL,AUTSL_OpenHands_pose_v1,signer42,dataset_license,train,AUTSL/train_poses/signer42_sample588_color.pkl,processed/autsl20/landmark46-v1/train/signer42_sample588.npz,approved,trainable,true,standard
signer42_sample599,iyi,10,100,AUTSL,AUTSL_OpenHands_pose_v1,signer42,dataset_license,train,AUTSL/train_poses/signer42_sample599_color.pkl,processed/autsl20/landmark46-v1/train/signer42_sample599.npz,approved,trainable,true,standard
signer42_sample602,yardim,18,211,AUTSL,AUTSL_OpenHands_pose_v1,signer42,dataset_license,train,AUTSL/train_poses/signer42_sample602_color.pkl,processed/autsl20/landmark46-v1/train/signer42_sample602.npz,approved,trainable,true,red_flag
signer42_sample603,kotu,12,122,AUTSL,AUTSL_OpenHands_pose_v1,signer42,dataset_license,train,AUTSL/train_poses/signer42_sample603_color.pkl,processed/autsl20/landmark46-v1/train/signer42_sample603.npz,approved,trainable,true,standard
signer42_sample625,hayir,6,86,AUTSL,AUTSL_OpenHands_pose_v1,signer42,dataset_license,train,AUTSL/train_poses/signer42_sample625_color.pkl,processed/autsl20/landmark46-v1/train/signer42_sample625.npz,approved,trainable,true,standard
signer42_sample633,doktor,0,52,AUTSL,AUTSL_OpenHands_pose_v1,signer42,dataset_license,train,AUTSL/train_poses/signer42_sample633_color.pkl,processed/autsl20/landmark46-v1/train/signer42_sample633.npz,approved,trainable,true,standard
signer42_sample661,hastane,5,83,AUTSL,AUTSL_OpenHands_pose_v1,signer42,dataset_license,train,AUTSL/train_poses/signer42_sample661_color.pkl,processed/autsl20/landmark46-v1/train/signer42_sample661.npz,approved,trainable,true,standard
signer42_sample664,kaza,11,108,AUTSL,AUTSL_OpenHands_pose_v1,signer42,dataset_license,train,AUTSL/train_poses/signer42_sample664_color.pkl,processed/autsl20/landmark46-v1/train/signer42_sample664.npz,approved,trainable,true,standard
signer42_sample668,hasta,4,82,AUTSL,AUTSL_OpenHands_pose_v1,signer42,dataset_license,train,AUTSL/train_poses/signer42_sample668_color.pkl,processed/autsl20/landmark46-v1/train/signer42_sample668.npz,approved,trainable,true,standard
