sample_id,class_id,model_index,original_class_id,source,source_version,signer_id,consent_id,split,raw_path,landmark_path,quality_status,training_status,manual_selectable,risk_tier,source_quality_status,quality_reason,avatar_id,source_sha256,extractor,view,source_fps,source_frames,trim_start,trim_end,used_frames,active_hand,interpolated_hand_frames,raw_hand_frame_ratio,hand_frame_ratio,motion_score
ext_asthma_ahmet_tombul_1_legacy,asthma,23,,EXTERNAL,ahmet-tombul,ext_ahmet-tombul,user_reported_permission,train,harici/asthma/ahmet-tombul_1.mp4,processed/external_health/landmark46-v1/ext_asthma_ahmet_tombul_1_legacy.npz,approved,trainable,true,standard,approved,ok,asthma,ebc791aa5f155bfa1ec30ba6e2f4c80bd60fd94b4388770ba80d1064c8ff329d,mediapipe-holistic-legacy,legacy,30.0,93,1,90,89,right,0,0.8925,0.9326,3.8987
ext_asthma_ahmet_tombul_1_web_10fps_p0,asthma,23,,EXTERNAL,ahmet-tombul,ext_ahmet-tombul,user_reported_permission,train,harici/asthma/ahmet-tombul_1.mp4,processed/external_health/landmark46-v1/ext_asthma_ahmet_tombul_1_web_10fps_p0.npz,approved,trainable,true,standard,approved,ok,asthma,ebc791aa5f155bfa1ec30ba6e2f4c80bd60fd94b4388770ba80d1064c8ff329d,mediapipe-tasks-web,web-10fps-p0,10.0,31,0,31,31,right,0,0.871,0.871,3.2186
ext_asthma_ahmet_tombul_1_web_10fps_p50,asthma,23,,EXTERNAL,ahmet-tombul,ext_ahmet-tombul,user_reported_permission,train,harici/asthma/ahmet-tombul_1.mp4,processed/external_health/landmark46-v1/ext_asthma_ahmet_tombul_1_web_10fps_p50.npz,approved,trainable,true,standard,approved,ok,asthma,ebc791aa5f155bfa1ec30ba6e2f4c80bd60fd94b4388770ba80d1064c8ff329d,mediapipe-tasks-web,web-10fps-p50,10.0,31,0,31,31,right,0,0.9032,0.9032,3.7268
ext_asthma_ahmet_tombul_1_web_25fps_p0,asthma,23,,EXTERNAL,ahmet-tombul,ext_ahmet-tombul,user_reported_permission,train,harici/asthma/ahmet-tombul_1.mp4,processed/external_health/landmark46-v1/ext_asthma_ahmet_tombul_1_web_25fps_p0.npz,approved,trainable,true,standard,approved,ok,asthma,ebc791aa5f155bfa1ec30ba6e2f4c80bd60fd94b4388770ba80d1064c8ff329d,mediapipe-tasks-web,web-25fps-p0,25.0,78,1,76,75,right,0,0.8846,0.92,3.7609
ext_asthma_filiz_caglar_1_legacy,asthma,23,,EXTERNAL,filiz-caglar,ext_filiz-caglar,user_reported_permission,train,harici/asthma/filiz-caglar_1.mp4,processed/external_health/landmark46-v1/ext_asthma_filiz_caglar_1_legacy.npz,approved,trainable,true,standard,approved,ok,asthma,38ab667f0dd3466cd3d8590d14f02e339be1c8c1958288779cdda0c2d6fd0034,mediapipe-holistic-legacy,legacy,29.949,132,0,132,132,right,0,1.0,1.0,5.6549
ext_asthma_filiz_caglar_1_web_10fps_p0,asthma,23,,EXTERNAL,filiz-caglar,ext_filiz-caglar,user_reported_permission,train,harici/asthma/filiz-caglar_1.mp4,processed/external_health/landmark46-v1/ext_asthma_filiz_caglar_1_web_10fps_p0.npz,approved,trainable,true,standard,approved,ok,asthma,38ab667f0dd3466cd3d8590d14f02e339be1c8c1958288779cdda0c2d6fd0034,mediapipe-tasks-web,web-10fps-p0,10.0,45,0,45,45,right,0,1.0,1.0,5.3511
ext_asthma_filiz_caglar_1_web_10fps_p50,asthma,23,,EXTERNAL,filiz-caglar,ext_filiz-caglar,user_reported_permission,train,harici/asthma/filiz-caglar_1.mp4,processed/external_health/landmark46-v1/ext_asthma_filiz_caglar_1_web_10fps_p50.npz,approved,trainable,true,standard,approved,ok,asthma,38ab667f0dd3466cd3d8590d14f02e339be1c8c1958288779cdda0c2d6fd0034,mediapipe-tasks-web,web-10fps-p50,10.0,44,0,44,44,right,0,1.0,1.0,4.9921
ext_asthma_filiz_caglar_1_web_25fps_p0,asthma,23,,EXTERNAL,filiz-caglar,ext_filiz-caglar,user_reported_permission,train,harici/asthma/filiz-caglar_1.mp4,processed/external_health/landmark46-v1/ext_asthma_filiz_caglar_1_web_25fps_p0.npz,approved,trainable,true,standard,approved,ok,asthma,38ab667f0dd3466cd3d8590d14f02e339be1c8c1958288779cdda0c2d6fd0034,mediapipe-tasks-web,web-25fps-p0,25.0,111,0,111,111,right,0,1.0,1.0,5.716
ext_asthma_serpil_avci_1_legacy,asthma,23,,EXTERNAL,serpil-avci,ext_serpil-avci,user_reported_permission,train,harici/asthma/serpil-avci_1.mp4,processed/external_health/landmark46-v1/ext_asthma_serpil_avci_1_legacy.npz,approved,trainable,true,standard,approved,ok,asthma,57093b3e5c592be954a21c9705cd55979e9cf0cff5f6a5f3feb22537e0b9c7af,mediapipe-holistic-legacy,legacy,30.0,162,0,162,162,right,1,1.0,1.0,6.4567
ext_asthma_serpil_avci_1_web_10fps_p0,asthma,23,,EXTERNAL,serpil-avci,ext_serpil-avci,user_reported_permission,train,harici/asthma/serpil-avci_1.mp4,processed/external_health/landmark46-v1/ext_asthma_serpil_avci_1_web_10fps_p0.npz,approved,trainable,true,standard,approved,ok,asthma,57093b3e5c592be954a21c9705cd55979e9cf0cff5f6a5f3feb22537e0b9c7af,mediapipe-tasks-web,web-10fps-p0,10.0,55,0,55,55,right,6,1.0,1.0,5.9695
ext_asthma_serpil_avci_1_web_10fps_p50,asthma,23,,EXTERNAL,serpil-avci,ext_serpil-avci,user_reported_permission,train,harici/asthma/serpil-avci_1.mp4,processed/external_health/landmark46-v1/ext_asthma_serpil_avci_1_web_10fps_p50.npz,approved,trainable,true,standard,approved,ok,asthma,57093b3e5c592be954a21c9705cd55979e9cf0cff5f6a5f3feb22537e0b9c7af,mediapipe-tasks-web,web-10fps-p50,10.0,54,0,54,54,left,4,1.0,1.0,6.1307
ext_asthma_serpil_avci_1_web_25fps_p0,asthma,23,,EXTERNAL,serpil-avci,ext_serpil-avci,user_reported_permission,train,harici/asthma/serpil-avci_1.mp4,processed/external_health/landmark46-v1/ext_asthma_serpil_avci_1_web_25fps_p0.npz,approved,trainable,true,standard,approved,ok,asthma,57093b3e5c592be954a21c9705cd55979e9cf0cff5f6a5f3feb22537e0b9c7af,mediapipe-tasks-web,web-25fps-p0,25.0,135,0,135,135,right,0,1.0,1.0,6.6059
ext_asthma_spreadthesign_1_legacy,asthma,23,,EXTERNAL,spreadthesign,ext_spreadthesign,user_reported_permission,train,harici/asthma/spreadthesign_1.mp4,processed/external_health/landmark46-v1/ext_asthma_spreadthesign_1_legacy.npz,approved,trainable,true,standard,approved,ok,asthma,ea4a40e613bb75fd94e42b97da3e18b84c1bb514848207e754fe45b287760358,mediapipe-holistic-legacy,legacy,29.97,65,11,60,49,left,0,0.6615,0.8776,3.5521
ext_asthma_spreadthesign_1_web_10fps_p0,asthma,23,,EXTERNAL,spreadthesign,ext_spreadthesign,user_reported_permission,train,harici/asthma/spreadthesign_1.mp4,processed/external_health/landmark46-v1/ext_asthma_spreadthesign_1_web_10fps_p0.npz,approved,trainable,true,standard,approved,ok,asthma,ea4a40e613bb75fd94e42b97da3e18b84c1bb514848207e754fe45b287760358,mediapipe-tasks-web,web-10fps-p0,10.0,22,2,22,20,left,0,0.6364,0.7,2.8143
ext_asthma_spreadthesign_1_web_10fps_p50,asthma,23,,EXTERNAL,spreadthesign,ext_spreadthesign,user_reported_permission,train,harici/asthma/spreadthesign_1.mp4,processed/external_health/landmark46-v1/ext_asthma_spreadthesign_1_web_10fps_p50.npz,approved,trainable,true,standard,approved,ok,asthma,ea4a40e613bb75fd94e42b97da3e18b84c1bb514848207e754fe45b287760358,mediapipe-tasks-web,web-10fps-p50,10.0,22,2,22,20,left,0,0.6364,0.7,2.5415
ext_asthma_spreadthesign_1_web_25fps_p0,asthma,23,,EXTERNAL,spreadthesign,ext_spreadthesign,user_reported_permission,train,harici/asthma/spreadthesign_1.mp4,processed/external_health/landmark46-v1/ext_asthma_spreadthesign_1_web_25fps_p0.npz,approved,trainable,true,standard,approved,ok,asthma,ea4a40e613bb75fd94e42b97da3e18b84c1bb514848207e754fe45b287760358,mediapipe-tasks-web,web-25fps-p0,25.0,55,9,51,42,left,0,0.6545,0.8571,3.6012
ext_bleeding_ahmet_tombul_1_legacy,bleeding,27,,EXTERNAL,ahmet-tombul,ext_ahmet-tombul,user_reported_permission,train,harici/bleeding/ahmet-tombul_1.mp4,processed/external_health/landmark46-v1/ext_bleeding_ahmet_tombul_1_legacy.npz,approved,trainable,true,red_flag,approved,ok,bleeding,a261e9b204572da00f558cf7939db33c0a66d2c9164f66450e8ad7e3498f1ac5,mediapipe-holistic-legacy,legacy,30.0,90,12,80,68,right,0,0.6889,0.9118,4.5316
ext_bleeding_ahmet_tombul_1_web_10fps_p0,bleeding,27,,EXTERNAL,ahmet-tombul,ext_ahmet-tombul,user_reported_permission,train,harici/bleeding/ahmet-tombul_1.mp4,processed/external_health/landmark46-v1/ext_bleeding_ahmet_tombul_1_web_10fps_p0.npz,approved,trainable,true,red_flag,approved,ok,bleeding,a261e9b204572da00f558cf7939db33c0a66d2c9164f66450e8ad7e3498f1ac5,mediapipe-tasks-web,web-10fps-p0,10.0,30,2,29,27,right,4,0.5667,0.7778,4.4092
ext_bleeding_ahmet_tombul_1_web_10fps_p50,bleeding,27,,EXTERNAL,ahmet-tombul,ext_ahmet-tombul,user_reported_permission,train,harici/bleeding/ahmet-tombul_1.mp4,processed/external_health/landmark46-v1/ext_bleeding_ahmet_tombul_1_web_10fps_p50.npz,needs_review,trainable,true,red_flag,needs_review,low_hand_visibility,bleeding,a261e9b204572da00f558cf7939db33c0a66d2c9164f66450e8ad7e3498f1ac5,mediapipe-tasks-web,web-10fps-p50,10.0,30,2,28,26,right,2,0.3333,0.4615,3.5692
ext_bleeding_ahmet_tombul_1_web_25fps_p0,bleeding,27,,EXTERNAL,ahmet-tombul,ext_ahmet-tombul,user_reported_permission,train,harici/bleeding/ahmet-tombul_1.mp4,processed/external_health/landmark46-v1/ext_bleeding_ahmet_tombul_1_web_25fps_p0.npz,approved,trainable,true,red_flag,needs_review,ok,bleeding,a261e9b204572da00f558cf7939db33c0a66d2c9164f66450e8ad7e3498f1ac5,mediapipe-tasks-web,web-25fps-p0,25.0,75,10,67,57,right,2,0.4667,0.6491,4.2067
ext_bleeding_emrah_uresin_1_legacy,bleeding,27,,EXTERNAL,emrah-uresin,ext_emrah-uresin,user_reported_permission,train,harici/bleeding/emrah-uresin_1.mp4,processed/external_health/landmark46-v1/ext_bleeding_emrah_uresin_1_legacy.npz,approved,trainable,true,red_flag,approved,ok,bleeding,a4569a7050fefd7bd04cfc252e368819972276bf561607e6296ae364353c80cb,mediapipe-holistic-legacy,legacy,29.97,132,11,132,121,right,2,0.8788,0.9752,3.0365
ext_bleeding_emrah_uresin_1_web_10fps_p0,bleeding,27,,EXTERNAL,emrah-uresin,ext_emrah-uresin,user_reported_permission,train,harici/bleeding/emrah-uresin_1.mp4,processed/external_health/landmark46-v1/ext_bleeding_emrah_uresin_1_web_10fps_p0.npz,approved,trainable,true,red_flag,approved,ok,bleeding,a4569a7050fefd7bd04cfc252e368819972276bf561607e6296ae364353c80cb,mediapipe-tasks-web,web-10fps-p0,10.0,45,2,45,43,right,3,0.8,0.907,3.4468
ext_bleeding_emrah_uresin_1_web_10fps_p50,bleeding,27,,EXTERNAL,emrah-uresin,ext_emrah-uresin,user_reported_permission,train,harici/bleeding/emrah-uresin_1.mp4,processed/external_health/landmark46-v1/ext_bleeding_emrah_uresin_1_web_10fps_p50.npz,approved,trainable,true,red_flag,approved,ok,bleeding,a4569a7050fefd7bd04cfc252e368819972276bf561607e6296ae364353c80cb,mediapipe-tasks-web,web-10fps-p50,10.0,44,2,44,42,right,0,0.8636,0.9048,3.3433
ext_bleeding_emrah_uresin_1_web_25fps_p0,bleeding,27,,EXTERNAL,emrah-uresin,ext_emrah-uresin,user_reported_permission,train,harici/bleeding/emrah-uresin_1.mp4,processed/external_health/landmark46-v1/ext_bleeding_emrah_uresin_1_web_25fps_p0.npz,approved,trainable,true,red_flag,approved,ok,bleeding,a4569a7050fefd7bd04cfc252e368819972276bf561607e6296ae364353c80cb,mediapipe-tasks-web,web-25fps-p0,25.0,111,10,111,101,right,3,0.8378,0.9505,4.3398
ext_bleeding_emrah_uresin_2_legacy,bleeding,27,,EXTERNAL,emrah-uresin,ext_emrah-uresin,user_reported_permission,train,harici/bleeding/emrah-uresin_2.mp4,processed/external_health/landmark46-v1/ext_bleeding_emrah_uresin_2_legacy.npz,approved,trainable,true,red_flag,approved,ok,bleeding,9f0ed774c71c92f6c92e4c6df66ae9c2a0586dce940ae37889dd7fc8a0843014,mediapipe-holistic-legacy,legacy,29.97,135,0,135,135,right,0,0.9481,0.9481,1.8771
ext_bleeding_emrah_uresin_2_web_10fps_p0,bleeding,27,,EXTERNAL,emrah-uresin,ext_emrah-uresin,user_reported_permission,train,harici/bleeding/emrah-uresin_2.mp4,processed/external_health/landmark46-v1/ext_bleeding_emrah_uresin_2_web_10fps_p0.npz,approved,trainable,true,red_flag,approved,ok,bleeding,9f0ed774c71c92f6c92e4c6df66ae9c2a0586dce940ae37889dd7fc8a0843014,mediapipe-tasks-web,web-10fps-p0,10.0,46,0,46,46,right,1,0.9783,1.0,1.5216
ext_bleeding_emrah_uresin_2_web_10fps_p50,bleeding,27,,EXTERNAL,emrah-uresin,ext_emrah-uresin,user_reported_permission,train,harici/bleeding/emrah-uresin_2.mp4,processed/external_health/landmark46-v1/ext_bleeding_emrah_uresin_2_web_10fps_p50.npz,approved,trainable,true,red_flag,approved,ok,bleeding,9f0ed774c71c92f6c92e4c6df66ae9c2a0586dce940ae37889dd7fc8a0843014,mediapipe-tasks-web,web-10fps-p50,10.0,45,0,45,45,right,0,1.0,1.0,1.5276
ext_bleeding_emrah_uresin_2_web_25fps_p0,bleeding,27,,EXTERNAL,emrah-uresin,ext_emrah-uresin,user_reported_permission,train,harici/bleeding/emrah-uresin_2.mp4,processed/external_health/landmark46-v1/ext_bleeding_emrah_uresin_2_web_25fps_p0.npz,approved,trainable,true,red_flag,approved,ok,bleeding,9f0ed774c71c92f6c92e4c6df66ae9c2a0586dce940ae37889dd7fc8a0843014,mediapipe-tasks-web,web-25fps-p0,25.0,113,0,113,113,right,5,0.9558,1.0,2.4886
ext_bleeding_ezgi_tutkun_1_legacy,bleeding,27,,EXTERNAL,ezgi-tutkun,ext_ezgi-tutkun,user_reported_permission,train,harici/bleeding/ezgi-tutkun_1.mp4,processed/external_health/landmark46-v1/ext_bleeding_ezgi_tutkun_1_legacy.npz,approved,trainable,true,red_flag,approved,ok,bleeding,fe6385ccf2f884a771a8ae2d42fde078e6832580e8818b93920e7dda99308eaa,mediapipe-holistic-legacy,legacy,29.97,135,0,135,135,right,0,1.0,1.0,4.8956
ext_bleeding_ezgi_tutkun_1_web_10fps_p0,bleeding,27,,EXTERNAL,ezgi-tutkun,ext_ezgi-tutkun,user_reported_permission,train,harici/bleeding/ezgi-tutkun_1.mp4,processed/external_health/landmark46-v1/ext_bleeding_ezgi_tutkun_1_web_10fps_p0.npz,approved,trainable,true,red_flag,approved,ok,bleeding,fe6385ccf2f884a771a8ae2d42fde078e6832580e8818b93920e7dda99308eaa,mediapipe-tasks-web,web-10fps-p0,10.0,46,0,46,46,right,0,1.0,1.0,2.7678
ext_bleeding_ezgi_tutkun_1_web_10fps_p50,bleeding,27,,EXTERNAL,ezgi-tutkun,ext_ezgi-tutkun,user_reported_permission,train,harici/bleeding/ezgi-tutkun_1.mp4,processed/external_health/landmark46-v1/ext_bleeding_ezgi_tutkun_1_web_10fps_p50.npz,approved,trainable,true,red_flag,approved,ok,bleeding,fe6385ccf2f884a771a8ae2d42fde078e6832580e8818b93920e7dda99308eaa,mediapipe-tasks-web,web-10fps-p50,10.0,45,0,45,45,right,0,0.9778,0.9778,2.4573
ext_bleeding_ezgi_tutkun_1_web_25fps_p0,bleeding,27,,EXTERNAL,ezgi-tutkun,ext_ezgi-tutkun,user_reported_permission,train,harici/bleeding/ezgi-tutkun_1.mp4,processed/external_health/landmark46-v1/ext_bleeding_ezgi_tutkun_1_web_25fps_p0.npz,approved,trainable,true,red_flag,approved,ok,bleeding,fe6385ccf2f884a771a8ae2d42fde078e6832580e8818b93920e7dda99308eaa,mediapipe-tasks-web,web-25fps-p0,25.0,113,0,113,113,right,0,1.0,1.0,4.4344
ext_bleeding_serpil_avci_1_legacy,bleeding,27,,EXTERNAL,serpil-avci,ext_serpil-avci,user_reported_permission,train,harici/bleeding/serpil-avci_1.mp4,processed/external_health/landmark46-v1/ext_bleeding_serpil_avci_1_legacy.npz,approved,trainable,true,red_flag,approved,ok,bleeding,80862d946e26f2d8fce0cfcacf7e7b2525142a61a3df9373791176c37579157b,mediapipe-holistic-legacy,legacy,30.0,135,0,126,126,right,7,0.8296,0.8968,4.615
ext_bleeding_serpil_avci_1_web_10fps_p0,bleeding,27,,EXTERNAL,serpil-avci,ext_serpil-avci,user_reported_permission,train,harici/bleeding/serpil-avci_1.mp4,processed/external_health/landmark46-v1/ext_bleeding_serpil_avci_1_web_10fps_p0.npz,approved,trainable,true,red_flag,approved,ok,bleeding,80862d946e26f2d8fce0cfcacf7e7b2525142a61a3df9373791176c37579157b,mediapipe-tasks-web,web-10fps-p0,10.0,45,0,45,45,right,2,0.9556,1.0,4.8359
ext_bleeding_serpil_avci_1_web_10fps_p50,bleeding,27,,EXTERNAL,serpil-avci,ext_serpil-avci,user_reported_permission,train,harici/bleeding/serpil-avci_1.mp4,processed/external_health/landmark46-v1/ext_bleeding_serpil_avci_1_web_10fps_p50.npz,approved,trainable,true,red_flag,approved,ok,bleeding,80862d946e26f2d8fce0cfcacf7e7b2525142a61a3df9373791176c37579157b,mediapipe-tasks-web,web-10fps-p50,10.0,45,0,45,45,right,0,1.0,1.0,5.0352
ext_bleeding_serpil_avci_1_web_25fps_p0,bleeding,27,,EXTERNAL,serpil-avci,ext_serpil-avci,user_reported_permission,train,harici/bleeding/serpil-avci_1.mp4,processed/external_health/landmark46-v1/ext_bleeding_serpil_avci_1_web_25fps_p0.npz,approved,trainable,true,red_flag,approved,ok,bleeding,80862d946e26f2d8fce0cfcacf7e7b2525142a61a3df9373791176c37579157b,mediapipe-tasks-web,web-25fps-p0,25.0,113,0,113,113,right,0,1.0,1.0,8.1395
ext_bleeding_sozluk_a_1_legacy,bleeding,27,,EXTERNAL,sozluk-a,ext_sozluk-a,user_reported_permission,train,harici/bleeding/sozluk-a_1.mp4,processed/external_health/landmark46-v1/ext_bleeding_sozluk_a_1_legacy.npz,approved,trainable,true,red_flag,approved,ok,bleeding,c4ee401b77ef20106f5521695c0ba99ff4434503056d88c3b478af7f7ebd6f3d,mediapipe-holistic-legacy,legacy,25.0,55,0,51,51,right,8,0.7273,0.9412,8.5316
ext_bleeding_sozluk_a_1_web_10fps_p0,bleeding,27,,EXTERNAL,sozluk-a,ext_sozluk-a,user_reported_permission,train,harici/bleeding/sozluk-a_1.mp4,processed/external_health/landmark46-v1/ext_bleeding_sozluk_a_1_web_10fps_p0.npz,approved,trainable,true,red_flag,approved,ok,bleeding,c4ee401b77ef20106f5521695c0ba99ff4434503056d88c3b478af7f7ebd6f3d,mediapipe-tasks-web,web-10fps-p0,10.0,22,0,22,22,right,3,0.7273,0.8636,7.2219
ext_bleeding_sozluk_a_1_web_10fps_p50,bleeding,27,,EXTERNAL,sozluk-a,ext_sozluk-a,user_reported_permission,train,harici/bleeding/sozluk-a_1.mp4,processed/external_health/landmark46-v1/ext_bleeding_sozluk_a_1_web_10fps_p50.npz,approved,trainable,true,red_flag,approved,ok,bleeding,c4ee401b77ef20106f5521695c0ba99ff4434503056d88c3b478af7f7ebd6f3d,mediapipe-tasks-web,web-10fps-p50,10.0,22,0,22,22,right,2,0.7727,0.8636,7.5307
ext_bleeding_sozluk_a_1_web_25fps_p0,bleeding,27,,EXTERNAL,sozluk-a,ext_sozluk-a,user_reported_permission,train,harici/bleeding/sozluk-a_1.mp4,processed/external_health/landmark46-v1/ext_bleeding_sozluk_a_1_web_25fps_p0.npz,approved,trainable,true,red_flag,approved,ok,bleeding,c4ee401b77ef20106f5521695c0ba99ff4434503056d88c3b478af7f7ebd6f3d,mediapipe-tasks-web,web-25fps-p0,25.0,55,0,51,51,right,6,0.7636,0.9412,8.6422
ext_bleeding_sozluk_a_2_legacy,bleeding,27,,EXTERNAL,sozluk-a,ext_sozluk-a,user_reported_permission,train,harici/bleeding/sozluk-a_2.mp4,processed/external_health/landmark46-v1/ext_bleeding_sozluk_a_2_legacy.npz,approved,trainable,true,red_flag,approved,ok,bleeding,eec5edba40c58e90f48ac57cb3ca61c8ecd1ee0f3f111b76f4f652e8e0efed38,mediapipe-holistic-legacy,legacy,25.0,58,11,55,44,right,2,0.6207,0.8636,7.36
ext_bleeding_sozluk_a_2_web_10fps_p0,bleeding,27,,EXTERNAL,sozluk-a,ext_sozluk-a,user_reported_permission,train,harici/bleeding/sozluk-a_2.mp4,processed/external_health/landmark46-v1/ext_bleeding_sozluk_a_2_web_10fps_p0.npz,approved,trainable,true,red_flag,approved,ok,bleeding,eec5edba40c58e90f48ac57cb3ca61c8ecd1ee0f3f111b76f4f652e8e0efed38,mediapipe-tasks-web,web-10fps-p0,10.0,24,3,24,21,right,1,0.5833,0.7143,5.9858
ext_bleeding_sozluk_a_2_web_10fps_p50,bleeding,27,,EXTERNAL,sozluk-a,ext_sozluk-a,user_reported_permission,train,harici/bleeding/sozluk-a_2.mp4,processed/external_health/landmark46-v1/ext_bleeding_sozluk_a_2_web_10fps_p50.npz,approved,trainable,true,red_flag,approved,ok,bleeding,eec5edba40c58e90f48ac57cb3ca61c8ecd1ee0f3f111b76f4f652e8e0efed38,mediapipe-tasks-web,web-10fps-p50,10.0,23,2,23,21,right,2,0.6087,0.7619,7.4248
ext_bleeding_sozluk_a_2_web_25fps_p0,bleeding,27,,EXTERNAL,sozluk-a,ext_sozluk-a,user_reported_permission,train,harici/bleeding/sozluk-a_2.mp4,processed/external_health/landmark46-v1/ext_bleeding_sozluk_a_2_web_25fps_p0.npz,approved,trainable,true,red_flag,approved,ok,bleeding,eec5edba40c58e90f48ac57cb3ca61c8ecd1ee0f3f111b76f4f652e8e0efed38,mediapipe-tasks-web,web-25fps-p0,25.0,58,11,55,44,right,2,0.6207,0.8636,7.5591
ext_bleeding_spreadthesign_1_legacy,bleeding,27,,EXTERNAL,spreadthesign,ext_spreadthesign,user_reported_permission,train,harici/bleeding/spreadthesign_1.mp4,processed/external_health/landmark46-v1/ext_bleeding_spreadthesign_1_legacy.npz,approved,trainable,true,red_flag,needs_review,ok,bleeding,74b3f10d7d97b76508581396f1956b3807f5d4d8572a2e47a35ab819157c616e,mediapipe-holistic-legacy,legacy,25.0,85,36,61,25,right,0,0.2235,0.76,0.3267
ext_bleeding_spreadthesign_1_web_10fps_p0,bleeding,27,,EXTERNAL,spreadthesign,ext_spreadthesign,user_reported_permission,train,harici/bleeding/spreadthesign_1.mp4,processed/external_health/landmark46-v1/ext_bleeding_spreadthesign_1_web_10fps_p0.npz,approved,trainable,true,red_flag,needs_review,ok,bleeding,74b3f10d7d97b76508581396f1956b3807f5d4d8572a2e47a35ab819157c616e,mediapipe-tasks-web,web-10fps-p0,10.0,34,14,26,12,right,0,0.1765,0.5,0.1402
ext_bleeding_spreadthesign_1_web_10fps_p50,bleeding,27,,EXTERNAL,spreadthesign,ext_spreadthesign,user_reported_permission,train,harici/bleeding/spreadthesign_1.mp4,processed/external_health/landmark46-v1/ext_bleeding_spreadthesign_1_web_10fps_p50.npz,approved,trainable,true,red_flag,needs_review,ok,bleeding,74b3f10d7d97b76508581396f1956b3807f5d4d8572a2e47a35ab819157c616e,mediapipe-tasks-web,web-10fps-p50,10.0,34,12,28,16,right,0,0.2941,0.625,1.0572
ext_bleeding_spreadthesign_1_web_25fps_p0,bleeding,27,,EXTERNAL,spreadthesign,ext_spreadthesign,user_reported_permission,train,harici/bleeding/spreadthesign_1.mp4,processed/external_health/landmark46-v1/ext_bleeding_spreadthesign_1_web_25fps_p0.npz,approved,trainable,true,red_flag,needs_review,ok,bleeding,74b3f10d7d97b76508581396f1956b3807f5d4d8572a2e47a35ab819157c616e,mediapipe-tasks-web,web-25fps-p0,25.0,85,38,65,27,right,1,0.2353,0.7778,1.0708
ext_burn_sozluk_a_1_legacy,burn,29,,EXTERNAL,sozluk-a,ext_sozluk-a,user_reported_permission,train,harici/burn/sozluk-a_1.mp4,processed/external_health/landmark46-v1/ext_burn_sozluk_a_1_legacy.npz,approved,trainable,true,red_flag,approved,ok,burn,8be7f1d013b0a957538def3af106353affd120149559439243e82b1a6ec76876,mediapipe-holistic-legacy,legacy,25.0,55,0,55,55,right,5,0.9091,0.9636,13.5395
ext_burn_sozluk_a_1_web_10fps_p0,burn,29,,EXTERNAL,sozluk-a,ext_sozluk-a,user_reported_permission,train,harici/burn/sozluk-a_1.mp4,processed/external_health/landmark46-v1/ext_burn_sozluk_a_1_web_10fps_p0.npz,approved,trainable,true,red_flag,approved,ok,burn,8be7f1d013b0a957538def3af106353affd120149559439243e82b1a6ec76876,mediapipe-tasks-web,web-10fps-p0,10.0,22,0,22,22,right,2,0.9091,0.9545,10.3178
ext_burn_sozluk_a_1_web_10fps_p50,burn,29,,EXTERNAL,sozluk-a,ext_sozluk-a,user_reported_permission,train,harici/burn/sozluk-a_1.mp4,processed/external_health/landmark46-v1/ext_burn_sozluk_a_1_web_10fps_p50.npz,approved,trainable,true,red_flag,approved,ok,burn,8be7f1d013b0a957538def3af106353affd120149559439243e82b1a6ec76876,mediapipe-tasks-web,web-10fps-p50,10.0,22,0,22,22,right,1,0.9091,0.9545,11.2395
ext_burn_sozluk_a_1_web_25fps_p0,burn,29,,EXTERNAL,sozluk-a,ext_sozluk-a,user_reported_permission,train,harici/burn/sozluk-a_1.mp4,processed/external_health/landmark46-v1/ext_burn_sozluk_a_1_web_25fps_p0.npz,approved,trainable,true,red_flag,approved,ok,burn,8be7f1d013b0a957538def3af106353affd120149559439243e82b1a6ec76876,mediapipe-tasks-web,web-25fps-p0,25.0,55,0,55,55,right,4,0.9455,0.9636,14.1293
ext_burn_sozluk_a_2_legacy,burn,29,,EXTERNAL,sozluk-a,ext_sozluk-a,user_reported_permission,train,harici/burn/sozluk-a_2.mp4,processed/external_health/landmark46-v1/ext_burn_sozluk_a_2_legacy.npz,approved,trainable,true,red_flag,approved,ok,burn,ef4d0bee9512d005f7d46d6089f5cac0529cea9aba3664ef23c1910b6e1e590c,mediapipe-holistic-legacy,legacy,25.0,55,0,55,55,right,2,0.7091,0.7091,11.0921
ext_burn_sozluk_a_2_web_10fps_p0,burn,29,,EXTERNAL,sozluk-a,ext_sozluk-a,user_reported_permission,train,harici/burn/sozluk-a_2.mp4,processed/external_health/landmark46-v1/ext_burn_sozluk_a_2_web_10fps_p0.npz,approved,trainable,true,red_flag,approved,ok,burn,ef4d0bee9512d005f7d46d6089f5cac0529cea9aba3664ef23c1910b6e1e590c,mediapipe-tasks-web,web-10fps-p0,10.0,22,0,22,22,right,2,0.6818,0.6818,9.0919
ext_burn_sozluk_a_2_web_10fps_p50,burn,29,,EXTERNAL,sozluk-a,ext_sozluk-a,user_reported_permission,train,harici/burn/sozluk-a_2.mp4,processed/external_health/landmark46-v1/ext_burn_sozluk_a_2_web_10fps_p50.npz,approved,trainable,true,red_flag,approved,ok,burn,ef4d0bee9512d005f7d46d6089f5cac0529cea9aba3664ef23c1910b6e1e590c,mediapipe-tasks-web,web-10fps-p50,10.0,22,0,22,22,right,2,0.6818,0.6818,9.4867
ext_burn_sozluk_a_2_web_25fps_p0,burn,29,,EXTERNAL,sozluk-a,ext_sozluk-a,user_reported_permission,train,harici/burn/sozluk-a_2.mp4,processed/external_health/landmark46-v1/ext_burn_sozluk_a_2_web_25fps_p0.npz,approved,trainable,true,red_flag,approved,ok,burn,ef4d0bee9512d005f7d46d6089f5cac0529cea9aba3664ef23c1910b6e1e590c,mediapipe-tasks-web,web-25fps-p0,25.0,55,0,55,55,right,1,0.7091,0.7091,11.9385
ext_burn_spreadthesign_1_legacy,burn,29,,EXTERNAL,spreadthesign,ext_spreadthesign,user_reported_permission,train,harici/burn/spreadthesign_1.mp4,processed/external_health/landmark46-v1/ext_burn_spreadthesign_1_legacy.npz,approved,trainable,true,red_flag,approved,ok,burn,0d8fa731e4668e99c568e1381c9631ce5ec0036b95d2d16d087a56717bbf0539,mediapipe-holistic-legacy,legacy,29.97,116,8,76,68,right,2,0.5086,0.8676,3.7064
ext_burn_spreadthesign_1_web_10fps_p0,burn,29,,EXTERNAL,spreadthesign,ext_spreadthesign,user_reported_permission,train,harici/burn/spreadthesign_1.mp4,processed/external_health/landmark46-v1/ext_burn_spreadthesign_1_web_10fps_p0.npz,approved,trainable,true,red_flag,approved,ok,burn,0d8fa731e4668e99c568e1381c9631ce5ec0036b95d2d16d087a56717bbf0539,mediapipe-tasks-web,web-10fps-p0,10.0,39,2,28,26,right,1,0.5128,0.7692,3.0707
ext_burn_spreadthesign_1_web_10fps_p50,burn,29,,EXTERNAL,spreadthesign,ext_spreadthesign,user_reported_permission,train,harici/burn/spreadthesign_1.mp4,processed/external_health/landmark46-v1/ext_burn_spreadthesign_1_web_10fps_p50.npz,approved,trainable,true,red_flag,approved,ok,burn,0d8fa731e4668e99c568e1381c9631ce5ec0036b95d2d16d087a56717bbf0539,mediapipe-tasks-web,web-10fps-p50,10.0,39,2,28,26,right,0,0.5128,0.7692,2.7683
ext_burn_spreadthesign_1_web_25fps_p0,burn,29,,EXTERNAL,spreadthesign,ext_spreadthesign,user_reported_permission,train,harici/burn/spreadthesign_1.mp4,processed/external_health/landmark46-v1/ext_burn_spreadthesign_1_web_25fps_p0.npz,approved,trainable,true,red_flag,approved,ok,burn,0d8fa731e4668e99c568e1381c9631ce5ec0036b95d2d16d087a56717bbf0539,mediapipe-tasks-web,web-25fps-p0,25.0,97,10,65,55,right,3,0.5052,0.8909,3.4606
ext_diabetes_ahmet_tombul_1_legacy,seker,14,172,EXTERNAL,ahmet-tombul,ext_ahmet-tombul,user_reported_permission,train,harici/diabetes/ahmet-tombul_1.mp4,processed/external_health/landmark46-v1/ext_diabetes_ahmet_tombul_1_legacy.npz,approved,trainable,true,standard,approved,ok,diabetes,646299737632d59beccd2af61f0a79f8622b9baf309aa80d9cfbb79a9abfc177,mediapipe-holistic-legacy,legacy,30.0,123,0,113,113,right,5,0.8537,0.9735,7.8486
ext_diabetes_ahmet_tombul_1_web_10fps_p0,seker,14,172,EXTERNAL,ahmet-tombul,ext_ahmet-tombul,user_reported_permission,train,harici/diabetes/ahmet-tombul_1.mp4,processed/external_health/landmark46-v1/ext_diabetes_ahmet_tombul_1_web_10fps_p0.npz,approved,trainable,true,standard,approved,ok,diabetes,646299737632d59beccd2af61f0a79f8622b9baf309aa80d9cfbb79a9abfc177,mediapipe-tasks-web,web-10fps-p0,10.0,41,0,40,40,right,3,0.8293,0.925,7.5766
ext_diabetes_ahmet_tombul_1_web_10fps_p50,seker,14,172,EXTERNAL,ahmet-tombul,ext_ahmet-tombul,user_reported_permission,train,harici/diabetes/ahmet-tombul_1.mp4,processed/external_health/landmark46-v1/ext_diabetes_ahmet_tombul_1_web_10fps_p50.npz,approved,trainable,true,standard,approved,ok,diabetes,646299737632d59beccd2af61f0a79f8622b9baf309aa80d9cfbb79a9abfc177,mediapipe-tasks-web,web-10fps-p50,10.0,41,0,39,39,right,1,0.8293,0.8974,6.1904
ext_diabetes_ahmet_tombul_1_web_25fps_p0,seker,14,172,EXTERNAL,ahmet-tombul,ext_ahmet-tombul,user_reported_permission,train,harici/diabetes/ahmet-tombul_1.mp4,processed/external_health/landmark46-v1/ext_diabetes_ahmet_tombul_1_web_25fps_p0.npz,approved,trainable,true,standard,approved,ok,diabetes,646299737632d59beccd2af61f0a79f8622b9baf309aa80d9cfbb79a9abfc177,mediapipe-tasks-web,web-25fps-p0,25.0,103,0,94,94,right,5,0.7961,0.9255,7.9595
ext_diabetes_filiz_caglar_1_legacy,seker,14,172,EXTERNAL,filiz-caglar,ext_filiz-caglar,user_reported_permission,train,harici/diabetes/filiz-caglar_1.mp4,processed/external_health/landmark46-v1/ext_diabetes_filiz_caglar_1_legacy.npz,approved,trainable,true,standard,approved,ok,diabetes,60b2558c3ba082cb0f818a03e7034487323b6e307f0fe8d65941899b2b741bb2,mediapipe-holistic-legacy,legacy,29.949,105,0,105,105,right,4,1.0,1.0,6.0905
ext_diabetes_filiz_caglar_1_web_10fps_p0,seker,14,172,EXTERNAL,filiz-caglar,ext_filiz-caglar,user_reported_permission,train,harici/diabetes/filiz-caglar_1.mp4,processed/external_health/landmark46-v1/ext_diabetes_filiz_caglar_1_web_10fps_p0.npz,approved,trainable,true,standard,approved,ok,diabetes,60b2558c3ba082cb0f818a03e7034487323b6e307f0fe8d65941899b2b741bb2,mediapipe-tasks-web,web-10fps-p0,10.0,36,0,36,36,right,2,1.0,1.0,4.8766
ext_diabetes_filiz_caglar_1_web_10fps_p50,seker,14,172,EXTERNAL,filiz-caglar,ext_filiz-caglar,user_reported_permission,train,harici/diabetes/filiz-caglar_1.mp4,processed/external_health/landmark46-v1/ext_diabetes_filiz_caglar_1_web_10fps_p50.npz,approved,trainable,true,standard,approved,ok,diabetes,60b2558c3ba082cb0f818a03e7034487323b6e307f0fe8d65941899b2b741bb2,mediapipe-tasks-web,web-10fps-p50,10.0,35,0,35,35,right,6,1.0,1.0,4.5787
ext_diabetes_filiz_caglar_1_web_25fps_p0,seker,14,172,EXTERNAL,filiz-caglar,ext_filiz-caglar,user_reported_permission,train,harici/diabetes/filiz-caglar_1.mp4,processed/external_health/landmark46-v1/ext_diabetes_filiz_caglar_1_web_25fps_p0.npz,approved,trainable,true,standard,approved,ok,diabetes,60b2558c3ba082cb0f818a03e7034487323b6e307f0fe8d65941899b2b741bb2,mediapipe-tasks-web,web-25fps-p0,25.0,88,0,88,88,right,8,1.0,1.0,6.1455
ext_diabetes_filiz_caglar_2_legacy,seker,14,172,EXTERNAL,filiz-caglar,ext_filiz-caglar,user_reported_permission,train,harici/diabetes/filiz-caglar_2.mp4,processed/external_health/landmark46-v1/ext_diabetes_filiz_caglar_2_legacy.npz,approved,trainable,true,standard,approved,ok,diabetes,522e999f1824f869411f2f3f4a0ccaf02c7bc0cb996cbcf62c3c36c6637f1c9e,mediapipe-holistic-legacy,legacy,29.949,105,0,105,105,left,0,1.0,1.0,1.5758
ext_diabetes_filiz_caglar_2_web_10fps_p0,seker,14,172,EXTERNAL,filiz-caglar,ext_filiz-caglar,user_reported_permission,train,harici/diabetes/filiz-caglar_2.mp4,processed/external_health/landmark46-v1/ext_diabetes_filiz_caglar_2_web_10fps_p0.npz,approved,trainable,true,standard,approved,ok,diabetes,522e999f1824f869411f2f3f4a0ccaf02c7bc0cb996cbcf62c3c36c6637f1c9e,mediapipe-tasks-web,web-10fps-p0,10.0,36,0,36,36,left,2,1.0,1.0,2.0719
ext_diabetes_filiz_caglar_2_web_10fps_p50,seker,14,172,EXTERNAL,filiz-caglar,ext_filiz-caglar,user_reported_permission,train,harici/diabetes/filiz-caglar_2.mp4,processed/external_health/landmark46-v1/ext_diabetes_filiz_caglar_2_web_10fps_p50.npz,approved,trainable,true,standard,approved,ok,diabetes,522e999f1824f869411f2f3f4a0ccaf02c7bc0cb996cbcf62c3c36c6637f1c9e,mediapipe-tasks-web,web-10fps-p50,10.0,35,0,35,35,left,4,1.0,1.0,1.7241
ext_diabetes_filiz_caglar_2_web_25fps_p0,seker,14,172,EXTERNAL,filiz-caglar,ext_filiz-caglar,user_reported_permission,train,harici/diabetes/filiz-caglar_2.mp4,processed/external_health/landmark46-v1/ext_diabetes_filiz_caglar_2_web_25fps_p0.npz,approved,trainable,true,standard,approved,ok,diabetes,522e999f1824f869411f2f3f4a0ccaf02c7bc0cb996cbcf62c3c36c6637f1c9e,mediapipe-tasks-web,web-25fps-p0,25.0,88,0,88,88,left,4,1.0,1.0,3.8606
ext_dizziness_emrah_uresin_1_legacy,dizziness,20,,EXTERNAL,emrah-uresin,ext_emrah-uresin,user_reported_permission,train,harici/dizziness/emrah-uresin_1.mp4,processed/external_health/landmark46-v1/ext_dizziness_emrah_uresin_1_legacy.npz,approved,trainable,true,standard,approved,ok,dizziness,2e134c703baeab676ddf83a918993475b9ca2796f76350c2e0e4d3a67811d2e4,mediapipe-holistic-legacy,legacy,29.97,87,11,74,63,right,4,0.6092,0.9048,4.6083
ext_dizziness_emrah_uresin_1_web_10fps_p0,dizziness,20,,EXTERNAL,emrah-uresin,ext_emrah-uresin,user_reported_permission,train,harici/dizziness/emrah-uresin_1.mp4,processed/external_health/landmark46-v1/ext_dizziness_emrah_uresin_1_web_10fps_p0.npz,approved,trainable,true,standard,approved,ok,dizziness,2e134c703baeab676ddf83a918993475b9ca2796f76350c2e0e4d3a67811d2e4,mediapipe-tasks-web,web-10fps-p0,10.0,30,2,26,24,right,2,0.5333,0.75,2.381
ext_dizziness_emrah_uresin_1_web_10fps_p50,dizziness,20,,EXTERNAL,emrah-uresin,ext_emrah-uresin,user_reported_permission,train,harici/dizziness/emrah-uresin_1.mp4,processed/external_health/landmark46-v1/ext_dizziness_emrah_uresin_1_web_10fps_p50.npz,approved,trainable,true,standard,approved,ok,dizziness,2e134c703baeab676ddf83a918993475b9ca2796f76350c2e0e4d3a67811d2e4,mediapipe-tasks-web,web-10fps-p50,10.0,29,2,26,24,right,1,0.5862,0.75,2.5568
ext_dizziness_emrah_uresin_1_web_25fps_p0,dizziness,20,,EXTERNAL,emrah-uresin,ext_emrah-uresin,user_reported_permission,train,harici/dizziness/emrah-uresin_1.mp4,processed/external_health/landmark46-v1/ext_dizziness_emrah_uresin_1_web_25fps_p0.npz,approved,trainable,true,standard,approved,ok,dizziness,2e134c703baeab676ddf83a918993475b9ca2796f76350c2e0e4d3a67811d2e4,mediapipe-tasks-web,web-25fps-p0,25.0,73,9,61,52,right,2,0.6027,0.8846,3.8017
ext_dizziness_emrah_uresin_2_legacy,dizziness,20,,EXTERNAL,emrah-uresin,ext_emrah-uresin,user_reported_permission,train,harici/dizziness/emrah-uresin_2.mp4,processed/external_health/landmark46-v1/ext_dizziness_emrah_uresin_2_legacy.npz,approved,trainable,true,standard,approved,ok,dizziness,6c2414c0a3cc5792e1a9fa34a01389a3f1df8389e79a1b982eafe3fc422adc42,mediapipe-holistic-legacy,legacy,29.97,96,10,92,82,right,6,0.7292,0.9268,7.2022
ext_dizziness_emrah_uresin_2_web_10fps_p0,dizziness,20,,EXTERNAL,emrah-uresin,ext_emrah-uresin,user_reported_permission,train,harici/dizziness/emrah-uresin_2.mp4,processed/external_health/landmark46-v1/ext_dizziness_emrah_uresin_2_web_10fps_p0.npz,approved,trainable,true,standard,approved,ok,dizziness,6c2414c0a3cc5792e1a9fa34a01389a3f1df8389e79a1b982eafe3fc422adc42,mediapipe-tasks-web,web-10fps-p0,10.0,33,3,31,28,right,3,0.5758,0.7857,2.5493
ext_dizziness_emrah_uresin_2_web_10fps_p50,dizziness,20,,EXTERNAL,emrah-uresin,ext_emrah-uresin,user_reported_permission,train,harici/dizziness/emrah-uresin_2.mp4,processed/external_health/landmark46-v1/ext_dizziness_emrah_uresin_2_web_10fps_p50.npz,approved,trainable,true,standard,approved,ok,dizziness,6c2414c0a3cc5792e1a9fa34a01389a3f1df8389e79a1b982eafe3fc422adc42,mediapipe-tasks-web,web-10fps-p50,10.0,32,2,32,30,right,2,0.6875,0.8,4.4924
ext_dizziness_emrah_uresin_2_web_25fps_p0,dizziness,20,,EXTERNAL,emrah-uresin,ext_emrah-uresin,user_reported_permission,train,harici/dizziness/emrah-uresin_2.mp4,processed/external_health/landmark46-v1/ext_dizziness_emrah_uresin_2_web_25fps_p0.npz,approved,trainable,true,standard,approved,ok,dizziness,6c2414c0a3cc5792e1a9fa34a01389a3f1df8389e79a1b982eafe3fc422adc42,mediapipe-tasks-web,web-25fps-p0,25.0,81,9,76,67,right,4,0.7037,0.9104,6.9708
ext_dizziness_ezgi_tutkun_1_legacy,dizziness,20,,EXTERNAL,ezgi-tutkun,ext_ezgi-tutkun,user_reported_permission,train,harici/dizziness/ezgi-tutkun_1.mp4,processed/external_health/landmark46-v1/ext_dizziness_ezgi_tutkun_1_legacy.npz,approved,trainable,true,standard,approved,ok,dizziness,7dd865e68fccfb686412b5a33b64e232deb27d45152ef25ceb07b8fe667770e2,mediapipe-holistic-legacy,legacy,29.97,108,0,108,108,right,3,1.0,1.0,7.5399
ext_dizziness_ezgi_tutkun_1_web_10fps_p0,dizziness,20,,EXTERNAL,ezgi-tutkun,ext_ezgi-tutkun,user_reported_permission,train,harici/dizziness/ezgi-tutkun_1.mp4,processed/external_health/landmark46-v1/ext_dizziness_ezgi_tutkun_1_web_10fps_p0.npz,approved,trainable,true,standard,approved,ok,dizziness,7dd865e68fccfb686412b5a33b64e232deb27d45152ef25ceb07b8fe667770e2,mediapipe-tasks-web,web-10fps-p0,10.0,37,0,37,37,right,3,0.9459,1.0,6.7378
ext_dizziness_ezgi_tutkun_1_web_10fps_p50,dizziness,20,,EXTERNAL,ezgi-tutkun,ext_ezgi-tutkun,user_reported_permission,train,harici/dizziness/ezgi-tutkun_1.mp4,processed/external_health/landmark46-v1/ext_dizziness_ezgi_tutkun_1_web_10fps_p50.npz,approved,trainable,true,standard,approved,ok,dizziness,7dd865e68fccfb686412b5a33b64e232deb27d45152ef25ceb07b8fe667770e2,mediapipe-tasks-web,web-10fps-p50,10.0,36,0,36,36,right,0,1.0,1.0,6.97
ext_dizziness_ezgi_tutkun_1_web_25fps_p0,dizziness,20,,EXTERNAL,ezgi-tutkun,ext_ezgi-tutkun,user_reported_permission,train,harici/dizziness/ezgi-tutkun_1.mp4,processed/external_health/landmark46-v1/ext_dizziness_ezgi_tutkun_1_web_25fps_p0.npz,approved,trainable,true,standard,approved,ok,dizziness,7dd865e68fccfb686412b5a33b64e232deb27d45152ef25ceb07b8fe667770e2,mediapipe-tasks-web,web-25fps-p0,25.0,91,0,91,91,right,0,1.0,1.0,7.6352
ext_dizziness_sozluk_b_1_legacy,dizziness,20,,EXTERNAL,sozluk-b,ext_sozluk-b,user_reported_permission,train,harici/dizziness/sozluk-b_1.mp4,processed/external_health/landmark46-v1/ext_dizziness_sozluk_b_1_legacy.npz,approved,trainable,true,standard,approved,ok,dizziness,8008fcf738a8b59726bef0b9176433b4ba253af7ae3eaefee6c6c5e4f921fc3d,mediapipe-holistic-legacy,legacy,25.0,68,3,62,59,right,1,0.7647,0.8983,8.1223
ext_dizziness_sozluk_b_1_web_10fps_p0,dizziness,20,,EXTERNAL,sozluk-b,ext_sozluk-b,user_reported_permission,train,harici/dizziness/sozluk-b_1.mp4,processed/external_health/landmark46-v1/ext_dizziness_sozluk_b_1_web_10fps_p0.npz,approved,trainable,true,standard,approved,ok,dizziness,8008fcf738a8b59726bef0b9176433b4ba253af7ae3eaefee6c6c5e4f921fc3d,mediapipe-tasks-web,web-10fps-p0,10.0,28,0,27,27,right,0,0.75,0.7778,7.4817
ext_dizziness_sozluk_b_1_web_10fps_p50,dizziness,20,,EXTERNAL,sozluk-b,ext_sozluk-b,user_reported_permission,train,harici/dizziness/sozluk-b_1.mp4,processed/external_health/landmark46-v1/ext_dizziness_sozluk_b_1_web_10fps_p50.npz,approved,trainable,true,standard,approved,ok,dizziness,8008fcf738a8b59726bef0b9176433b4ba253af7ae3eaefee6c6c5e4f921fc3d,mediapipe-tasks-web,web-10fps-p50,10.0,27,0,26,26,right,0,0.7778,0.8077,6.1312
ext_dizziness_sozluk_b_1_web_25fps_p0,dizziness,20,,EXTERNAL,sozluk-b,ext_sozluk-b,user_reported_permission,train,harici/dizziness/sozluk-b_1.mp4,processed/external_health/landmark46-v1/ext_dizziness_sozluk_b_1_web_25fps_p0.npz,approved,trainable,true,standard,approved,ok,dizziness,8008fcf738a8b59726bef0b9176433b4ba253af7ae3eaefee6c6c5e4f921fc3d,mediapipe-tasks-web,web-25fps-p0,25.0,68,3,62,59,right,1,0.7647,0.8983,8.0876
ext_dizziness_sozluk_b_2_legacy,dizziness,20,,EXTERNAL,sozluk-b,ext_sozluk-b,user_reported_permission,train,harici/dizziness/sozluk-b_2.mp4,processed/external_health/landmark46-v1/ext_dizziness_sozluk_b_2_legacy.npz,approved,trainable,true,standard,approved,ok,dizziness,3681bedb87fcb871400e84bc7fed364a0cef12ff9c48eeb416ae4a4c2b2b5c71,mediapipe-holistic-legacy,legacy,25.0,73,0,71,71,right,1,0.7397,0.7746,11.3955
ext_dizziness_sozluk_b_2_web_10fps_p0,dizziness,20,,EXTERNAL,sozluk-b,ext_sozluk-b,user_reported_permission,train,harici/dizziness/sozluk-b_2.mp4,processed/external_health/landmark46-v1/ext_dizziness_sozluk_b_2_web_10fps_p0.npz,approved,trainable,true,standard,approved,ok,dizziness,3681bedb87fcb871400e84bc7fed364a0cef12ff9c48eeb416ae4a4c2b2b5c71,mediapipe-tasks-web,web-10fps-p0,10.0,30,0,29,29,right,5,0.7,0.8966,9.3367
ext_dizziness_sozluk_b_2_web_10fps_p50,dizziness,20,,EXTERNAL,sozluk-b,ext_sozluk-b,user_reported_permission,train,harici/dizziness/sozluk-b_2.mp4,processed/external_health/landmark46-v1/ext_dizziness_sozluk_b_2_web_10fps_p50.npz,approved,trainable,true,standard,approved,ok,dizziness,3681bedb87fcb871400e84bc7fed364a0cef12ff9c48eeb416ae4a4c2b2b5c71,mediapipe-tasks-web,web-10fps-p50,10.0,29,0,29,29,right,5,0.7586,0.931,10.6859
ext_dizziness_sozluk_b_2_web_25fps_p0,dizziness,20,,EXTERNAL,sozluk-b,ext_sozluk-b,user_reported_permission,train,harici/dizziness/sozluk-b_2.mp4,processed/external_health/landmark46-v1/ext_dizziness_sozluk_b_2_web_25fps_p0.npz,approved,trainable,true,standard,approved,ok,dizziness,3681bedb87fcb871400e84bc7fed364a0cef12ff9c48eeb416ae4a4c2b2b5c71,mediapipe-tasks-web,web-25fps-p0,25.0,73,0,71,71,right,1,0.7397,0.7746,11.5888
ext_fever_emrah_uresin_1_legacy,fever,21,,EXTERNAL,emrah-uresin,ext_emrah-uresin,user_reported_permission,train,harici/fever/emrah-uresin_1.mp4,processed/external_health/landmark46-v1/ext_fever_emrah_uresin_1_legacy.npz,approved,trainable,true,standard,approved,ok,fever,beb4a067f6c17f1438a7d6a2e2ac80ac09b76f341b0558d6d03692fff91e383e,mediapipe-holistic-legacy,legacy,29.97,87,0,87,87,right,13,0.908,1.0,6.5846
ext_fever_emrah_uresin_1_web_10fps_p0,fever,21,,EXTERNAL,emrah-uresin,ext_emrah-uresin,user_reported_permission,train,harici/fever/emrah-uresin_1.mp4,processed/external_health/landmark46-v1/ext_fever_emrah_uresin_1_web_10fps_p0.npz,approved,trainable,true,standard,approved,ok,fever,beb4a067f6c17f1438a7d6a2e2ac80ac09b76f341b0558d6d03692fff91e383e,mediapipe-tasks-web,web-10fps-p0,10.0,30,0,30,30,right,3,0.9667,1.0,6.9472
ext_fever_emrah_uresin_1_web_10fps_p50,fever,21,,EXTERNAL,emrah-uresin,ext_emrah-uresin,user_reported_permission,train,harici/fever/emrah-uresin_1.mp4,processed/external_health/landmark46-v1/ext_fever_emrah_uresin_1_web_10fps_p50.npz,approved,trainable,true,standard,approved,ok,fever,beb4a067f6c17f1438a7d6a2e2ac80ac09b76f341b0558d6d03692fff91e383e,mediapipe-tasks-web,web-10fps-p50,10.0,29,0,29,29,right,1,0.9655,1.0,6.4544
ext_fever_emrah_uresin_1_web_25fps_p0,fever,21,,EXTERNAL,emrah-uresin,ext_emrah-uresin,user_reported_permission,train,harici/fever/emrah-uresin_1.mp4,processed/external_health/landmark46-v1/ext_fever_emrah_uresin_1_web_25fps_p0.npz,approved,trainable,true,standard,approved,ok,fever,beb4a067f6c17f1438a7d6a2e2ac80ac09b76f341b0558d6d03692fff91e383e,mediapipe-tasks-web,web-25fps-p0,25.0,73,0,73,73,right,5,0.9726,1.0,7.521
ext_fever_emrah_uresin_2_legacy,fever,21,,EXTERNAL,emrah-uresin,ext_emrah-uresin,user_reported_permission,train,harici/fever/emrah-uresin_2.mp4,processed/external_health/landmark46-v1/ext_fever_emrah_uresin_2_legacy.npz,approved,trainable,true,standard,approved,ok,fever,df99390a1c076d1062f48c690520e4e1b0f21a91207089fd9c1bbc0141632263,mediapipe-holistic-legacy,legacy,29.97,87,0,81,81,right,5,0.8621,0.963,5.6744
ext_fever_emrah_uresin_2_web_10fps_p0,fever,21,,EXTERNAL,emrah-uresin,ext_emrah-uresin,user_reported_permission,train,harici/fever/emrah-uresin_2.mp4,processed/external_health/landmark46-v1/ext_fever_emrah_uresin_2_web_10fps_p0.npz,approved,trainable,true,standard,approved,ok,fever,df99390a1c076d1062f48c690520e4e1b0f21a91207089fd9c1bbc0141632263,mediapipe-tasks-web,web-10fps-p0,10.0,30,0,30,30,right,5,0.7333,0.9,5.7602
ext_fever_emrah_uresin_2_web_10fps_p50,fever,21,,EXTERNAL,emrah-uresin,ext_emrah-uresin,user_reported_permission,train,harici/fever/emrah-uresin_2.mp4,processed/external_health/landmark46-v1/ext_fever_emrah_uresin_2_web_10fps_p50.npz,approved,trainable,true,standard,approved,ok,fever,df99390a1c076d1062f48c690520e4e1b0f21a91207089fd9c1bbc0141632263,mediapipe-tasks-web,web-10fps-p50,10.0,29,0,29,29,right,5,0.7586,0.8966,5.337
ext_fever_emrah_uresin_2_web_25fps_p0,fever,21,,EXTERNAL,emrah-uresin,ext_emrah-uresin,user_reported_permission,train,harici/fever/emrah-uresin_2.mp4,processed/external_health/landmark46-v1/ext_fever_emrah_uresin_2_web_25fps_p0.npz,approved,trainable,true,standard,approved,ok,fever,df99390a1c076d1062f48c690520e4e1b0f21a91207089fd9c1bbc0141632263,mediapipe-tasks-web,web-25fps-p0,25.0,73,0,68,68,right,7,0.8082,0.9559,5.8729
ext_fever_serpil_avci_1_legacy,fever,21,,EXTERNAL,serpil-avci,ext_serpil-avci,user_reported_permission,train,harici/fever/serpil-avci_1.mp4,processed/external_health/landmark46-v1/ext_fever_serpil_avci_1_legacy.npz,approved,trainable,true,standard,approved,ok,fever,1904fbc79e93e2ef2b2d8e88d88cdf6e4b72cc51fa83de89419f56f4946d4410,mediapipe-holistic-legacy,legacy,30.0,144,3,144,141,right,23,0.9375,0.9787,22.1343
ext_fever_serpil_avci_1_web_10fps_p0,fever,21,,EXTERNAL,serpil-avci,ext_serpil-avci,user_reported_permission,train,harici/fever/serpil-avci_1.mp4,processed/external_health/landmark46-v1/ext_fever_serpil_avci_1_web_10fps_p0.npz,approved,trainable,true,standard,approved,ok,fever,1904fbc79e93e2ef2b2d8e88d88cdf6e4b72cc51fa83de89419f56f4946d4410,mediapipe-tasks-web,web-10fps-p0,10.0,49,0,49,49,right,6,0.9184,0.9388,19.5006
ext_fever_serpil_avci_1_web_10fps_p50,fever,21,,EXTERNAL,serpil-avci,ext_serpil-avci,user_reported_permission,train,harici/fever/serpil-avci_1.mp4,processed/external_health/landmark46-v1/ext_fever_serpil_avci_1_web_10fps_p50.npz,approved,trainable,true,standard,approved,ok,fever,1904fbc79e93e2ef2b2d8e88d88cdf6e4b72cc51fa83de89419f56f4946d4410,mediapipe-tasks-web,web-10fps-p50,10.0,48,0,48,48,right,6,0.9167,0.9583,21.0298
ext_fever_serpil_avci_1_web_25fps_p0,fever,21,,EXTERNAL,serpil-avci,ext_serpil-avci,user_reported_permission,train,harici/fever/serpil-avci_1.mp4,processed/external_health/landmark46-v1/ext_fever_serpil_avci_1_web_25fps_p0.npz,approved,trainable,true,standard,approved,ok,fever,1904fbc79e93e2ef2b2d8e88d88cdf6e4b72cc51fa83de89419f56f4946d4410,mediapipe-tasks-web,web-25fps-p0,25.0,120,2,120,118,right,14,0.9333,0.9746,21.8504
ext_fever_serpil_avci_2_legacy,fever,21,,EXTERNAL,serpil-avci,ext_serpil-avci,user_reported_permission,train,harici/fever/serpil-avci_2.mp4,processed/external_health/landmark46-v1/ext_fever_serpil_avci_2_legacy.npz,approved,trainable,true,standard,approved,ok,fever,eb80e1bcd7bfb0f42c01056541a321fa4d7d394c3b37c94cf1c119a04fb67119,mediapipe-holistic-legacy,legacy,30.0,108,0,108,108,right,13,0.9815,1.0,18.8797
ext_fever_serpil_avci_2_web_10fps_p0,fever,21,,EXTERNAL,serpil-avci,ext_serpil-avci,user_reported_permission,train,harici/fever/serpil-avci_2.mp4,processed/external_health/landmark46-v1/ext_fever_serpil_avci_2_web_10fps_p0.npz,approved,trainable,true,standard,approved,ok,fever,eb80e1bcd7bfb0f42c01056541a321fa4d7d394c3b37c94cf1c119a04fb67119,mediapipe-tasks-web,web-10fps-p0,10.0,36,0,36,36,right,14,0.9722,1.0,16.7892
ext_fever_serpil_avci_2_web_10fps_p50,fever,21,,EXTERNAL,serpil-avci,ext_serpil-avci,user_reported_permission,train,harici/fever/serpil-avci_2.mp4,processed/external_health/landmark46-v1/ext_fever_serpil_avci_2_web_10fps_p50.npz,approved,trainable,true,standard,approved,ok,fever,eb80e1bcd7bfb0f42c01056541a321fa4d7d394c3b37c94cf1c119a04fb67119,mediapipe-tasks-web,web-10fps-p50,10.0,36,0,36,36,right,10,1.0,1.0,17.3797
ext_fever_serpil_avci_2_web_25fps_p0,fever,21,,EXTERNAL,serpil-avci,ext_serpil-avci,user_reported_permission,train,harici/fever/serpil-avci_2.mp4,processed/external_health/landmark46-v1/ext_fever_serpil_avci_2_web_25fps_p0.npz,approved,trainable,true,standard,approved,ok,fever,eb80e1bcd7bfb0f42c01056541a321fa4d7d394c3b37c94cf1c119a04fb67119,mediapipe-tasks-web,web-25fps-p0,25.0,90,0,90,90,right,12,0.9889,1.0,18.155
ext_headache_ezgi_tutkun_1_legacy,headache,30,,EXTERNAL,ezgi-tutkun,ext_ezgi-tutkun,user_reported_permission,train,harici/headache/ezgi-tutkun_1.mp4,processed/external_health/landmark46-v1/ext_headache_ezgi_tutkun_1_legacy.npz,approved,trainable,true,standard,approved,ok,headache,798b269d6460e371caf495968cc90e5f54c14eb5dbe9cc98d5971e5c744bc9b9,mediapipe-holistic-legacy,legacy,29.97,99,0,99,99,right,0,1.0,1.0,4.3205
ext_headache_ezgi_tutkun_1_web_10fps_p0,headache,30,,EXTERNAL,ezgi-tutkun,ext_ezgi-tutkun,user_reported_permission,train,harici/headache/ezgi-tutkun_1.mp4,processed/external_health/landmark46-v1/ext_headache_ezgi_tutkun_1_web_10fps_p0.npz,approved,trainable,true,standard,approved,ok,headache,798b269d6460e371caf495968cc90e5f54c14eb5dbe9cc98d5971e5c744bc9b9,mediapipe-tasks-web,web-10fps-p0,10.0,34,0,34,34,right,0,1.0,1.0,3.8665
ext_headache_ezgi_tutkun_1_web_10fps_p50,headache,30,,EXTERNAL,ezgi-tutkun,ext_ezgi-tutkun,user_reported_permission,train,harici/headache/ezgi-tutkun_1.mp4,processed/external_health/landmark46-v1/ext_headache_ezgi_tutkun_1_web_10fps_p50.npz,approved,trainable,true,standard,approved,ok,headache,798b269d6460e371caf495968cc90e5f54c14eb5dbe9cc98d5971e5c744bc9b9,mediapipe-tasks-web,web-10fps-p50,10.0,33,0,33,33,right,0,1.0,1.0,3.7394
ext_headache_ezgi_tutkun_1_web_25fps_p0,headache,30,,EXTERNAL,ezgi-tutkun,ext_ezgi-tutkun,user_reported_permission,train,harici/headache/ezgi-tutkun_1.mp4,processed/external_health/landmark46-v1/ext_headache_ezgi_tutkun_1_web_25fps_p0.npz,approved,trainable,true,standard,approved,ok,headache,798b269d6460e371caf495968cc90e5f54c14eb5dbe9cc98d5971e5c744bc9b9,mediapipe-tasks-web,web-25fps-p0,25.0,83,0,83,83,right,0,1.0,1.0,4.2081
ext_headache_serpil_avci_1_legacy,headache,30,,EXTERNAL,serpil-avci,ext_serpil-avci,user_reported_permission,train,harici/headache/serpil-avci_1.mp4,processed/external_health/landmark46-v1/ext_headache_serpil_avci_1_legacy.npz,approved,trainable,true,standard,approved,ok,headache,7ab1ad9071922429fc588618396e0183447a6e0a7ac5607a148a0b29b88e65fd,mediapipe-holistic-legacy,legacy,30.0,132,4,132,128,right,6,0.9015,0.9766,10.6627
ext_headache_serpil_avci_1_web_10fps_p0,headache,30,,EXTERNAL,serpil-avci,ext_serpil-avci,user_reported_permission,train,harici/headache/serpil-avci_1.mp4,processed/external_health/landmark46-v1/ext_headache_serpil_avci_1_web_10fps_p0.npz,approved,trainable,true,standard,approved,ok,headache,7ab1ad9071922429fc588618396e0183447a6e0a7ac5607a148a0b29b88e65fd,mediapipe-tasks-web,web-10fps-p0,10.0,44,0,44,44,right,3,0.8636,0.9318,8.77
ext_headache_serpil_avci_1_web_10fps_p50,headache,30,,EXTERNAL,serpil-avci,ext_serpil-avci,user_reported_permission,train,harici/headache/serpil-avci_1.mp4,processed/external_health/landmark46-v1/ext_headache_serpil_avci_1_web_10fps_p50.npz,approved,trainable,true,standard,approved,ok,headache,7ab1ad9071922429fc588618396e0183447a6e0a7ac5607a148a0b29b88e65fd,mediapipe-tasks-web,web-10fps-p50,10.0,44,0,44,44,right,5,0.8409,0.9545,9.0933
ext_headache_serpil_avci_1_web_25fps_p0,headache,30,,EXTERNAL,serpil-avci,ext_serpil-avci,user_reported_permission,train,harici/headache/serpil-avci_1.mp4,processed/external_health/landmark46-v1/ext_headache_serpil_avci_1_web_25fps_p0.npz,approved,trainable,true,standard,approved,ok,headache,7ab1ad9071922429fc588618396e0183447a6e0a7ac5607a148a0b29b88e65fd,mediapipe-tasks-web,web-25fps-p0,25.0,110,3,110,107,right,4,0.9091,0.972,9.8787
ext_headache_serpil_avci_2_legacy,headache,30,,EXTERNAL,serpil-avci,ext_serpil-avci,user_reported_permission,train,harici/headache/serpil-avci_2.mp4,processed/external_health/landmark46-v1/ext_headache_serpil_avci_2_legacy.npz,approved,trainable,true,standard,approved,ok,headache,35f24adad527d67de3e4be777285f29796d985e00e4c545dafd1cb4bcde5d54e,mediapipe-holistic-legacy,legacy,30.0,84,0,72,72,right,6,0.75,0.9583,5.5222
ext_headache_serpil_avci_2_web_10fps_p0,headache,30,,EXTERNAL,serpil-avci,ext_serpil-avci,user_reported_permission,train,harici/headache/serpil-avci_2.mp4,processed/external_health/landmark46-v1/ext_headache_serpil_avci_2_web_10fps_p0.npz,approved,trainable,true,standard,approved,ok,headache,35f24adad527d67de3e4be777285f29796d985e00e4c545dafd1cb4bcde5d54e,mediapipe-tasks-web,web-10fps-p0,10.0,28,0,26,26,right,1,0.7857,0.8846,4.7251
ext_headache_serpil_avci_2_web_10fps_p50,headache,30,,EXTERNAL,serpil-avci,ext_serpil-avci,user_reported_permission,train,harici/headache/serpil-avci_2.mp4,processed/external_health/landmark46-v1/ext_headache_serpil_avci_2_web_10fps_p50.npz,approved,trainable,true,standard,approved,ok,headache,35f24adad527d67de3e4be777285f29796d985e00e4c545dafd1cb4bcde5d54e,mediapipe-tasks-web,web-10fps-p50,10.0,28,0,25,25,right,1,0.75,0.88,4.5769
ext_headache_serpil_avci_2_web_25fps_p0,headache,30,,EXTERNAL,serpil-avci,ext_serpil-avci,user_reported_permission,train,harici/headache/serpil-avci_2.mp4,processed/external_health/landmark46-v1/ext_headache_serpil_avci_2_web_25fps_p0.npz,approved,trainable,true,standard,approved,ok,headache,35f24adad527d67de3e4be777285f29796d985e00e4c545dafd1cb4bcde5d54e,mediapipe-tasks-web,web-25fps-p0,25.0,70,0,61,61,right,2,0.8,0.9508,5.529
ext_headache_sozluk_b_1_legacy,headache,30,,EXTERNAL,sozluk-b,ext_sozluk-b,user_reported_permission,train,harici/headache/sozluk-b_1.mp4,processed/external_health/landmark46-v1/ext_headache_sozluk_b_1_legacy.npz,approved,trainable,true,standard,approved,ok,headache,21d4ebbe7824109207e0f8e2cc1b8881cf695953e82cb96d2848725982b3a607,mediapipe-holistic-legacy,legacy,25.0,68,0,68,68,right,6,0.6618,0.75,11.9242
ext_headache_sozluk_b_1_web_10fps_p0,headache,30,,EXTERNAL,sozluk-b,ext_sozluk-b,user_reported_permission,train,harici/headache/sozluk-b_1.mp4,processed/external_health/landmark46-v1/ext_headache_sozluk_b_1_web_10fps_p0.npz,approved,trainable,true,standard,approved,ok,headache,21d4ebbe7824109207e0f8e2cc1b8881cf695953e82cb96d2848725982b3a607,mediapipe-tasks-web,web-10fps-p0,10.0,28,0,28,28,right,3,0.6429,0.75,5.8728
ext_headache_sozluk_b_1_web_10fps_p50,headache,30,,EXTERNAL,sozluk-b,ext_sozluk-b,user_reported_permission,train,harici/headache/sozluk-b_1.mp4,processed/external_health/landmark46-v1/ext_headache_sozluk_b_1_web_10fps_p50.npz,approved,trainable,true,standard,approved,ok,headache,21d4ebbe7824109207e0f8e2cc1b8881cf695953e82cb96d2848725982b3a607,mediapipe-tasks-web,web-10fps-p50,10.0,27,0,23,23,right,2,0.6667,0.8696,11.5278
ext_headache_sozluk_b_1_web_25fps_p0,headache,30,,EXTERNAL,sozluk-b,ext_sozluk-b,user_reported_permission,train,harici/headache/sozluk-b_1.mp4,processed/external_health/landmark46-v1/ext_headache_sozluk_b_1_web_25fps_p0.npz,approved,trainable,true,standard,approved,ok,headache,21d4ebbe7824109207e0f8e2cc1b8881cf695953e82cb96d2848725982b3a607,mediapipe-tasks-web,web-25fps-p0,25.0,68,0,68,68,right,6,0.6618,0.75,12.1303
ext_headache_sozluk_b_2_legacy,headache,30,,EXTERNAL,sozluk-b,ext_sozluk-b,user_reported_permission,train,harici/headache/sozluk-b_2.mp4,processed/external_health/landmark46-v1/ext_headache_sozluk_b_2_legacy.npz,approved,trainable,true,standard,approved,ok,headache,3813f7597952e6e38d182f583bdd698ed4044d4d58310861e2fe19bfa7bc62b2,mediapipe-holistic-legacy,legacy,25.0,60,4,58,54,right,0,0.8,0.8889,9.1727
ext_headache_sozluk_b_2_web_10fps_p0,headache,30,,EXTERNAL,sozluk-b,ext_sozluk-b,user_reported_permission,train,harici/headache/sozluk-b_2.mp4,processed/external_health/landmark46-v1/ext_headache_sozluk_b_2_web_10fps_p0.npz,approved,trainable,true,standard,approved,ok,headache,3813f7597952e6e38d182f583bdd698ed4044d4d58310861e2fe19bfa7bc62b2,mediapipe-tasks-web,web-10fps-p0,10.0,24,1,24,23,right,0,0.75,0.7826,5.9635
ext_headache_sozluk_b_2_web_10fps_p50,headache,30,,EXTERNAL,sozluk-b,ext_sozluk-b,user_reported_permission,train,harici/headache/sozluk-b_2.mp4,processed/external_health/landmark46-v1/ext_headache_sozluk_b_2_web_10fps_p50.npz,approved,trainable,true,standard,approved,ok,headache,3813f7597952e6e38d182f583bdd698ed4044d4d58310861e2fe19bfa7bc62b2,mediapipe-tasks-web,web-10fps-p50,10.0,24,0,24,24,right,0,0.7917,0.7917,7.0596
ext_headache_sozluk_b_2_web_25fps_p0,headache,30,,EXTERNAL,sozluk-b,ext_sozluk-b,user_reported_permission,train,harici/headache/sozluk-b_2.mp4,processed/external_health/landmark46-v1/ext_headache_sozluk_b_2_web_25fps_p0.npz,approved,trainable,true,standard,approved,ok,headache,3813f7597952e6e38d182f583bdd698ed4044d4d58310861e2fe19bfa7bc62b2,mediapipe-tasks-web,web-25fps-p0,25.0,60,4,58,54,right,0,0.8,0.8889,9.1436
ext_headache_turkcell_akademi_1_legacy,headache,30,,EXTERNAL,turkcell-akademi,ext_turkcell-akademi,user_reported_permission,train,harici/headache/turkcell-akademi_1.mp4,processed/external_health/landmark46-v1/ext_headache_turkcell_akademi_1_legacy.npz,approved,trainable,true,standard,approved,ok,headache,44097ee2f402391d51f0eec2374f39ef95d93ac489f0173ba7ee8e0c8ccba797,mediapipe-holistic-legacy,legacy,25.0,67,9,56,47,right,1,0.597,0.8723,4.1411
ext_headache_turkcell_akademi_1_web_10fps_p0,headache,30,,EXTERNAL,turkcell-akademi,ext_turkcell-akademi,user_reported_permission,train,harici/headache/turkcell-akademi_1.mp4,processed/external_health/landmark46-v1/ext_headache_turkcell_akademi_1_web_10fps_p0.npz,approved,trainable,true,standard,approved,ok,headache,44097ee2f402391d51f0eec2374f39ef95d93ac489f0173ba7ee8e0c8ccba797,mediapipe-tasks-web,web-10fps-p0,10.0,27,2,24,22,right,0,0.5926,0.7273,2.5983
ext_headache_turkcell_akademi_1_web_10fps_p50,headache,30,,EXTERNAL,turkcell-akademi,ext_turkcell-akademi,user_reported_permission,train,harici/headache/turkcell-akademi_1.mp4,processed/external_health/landmark46-v1/ext_headache_turkcell_akademi_1_web_10fps_p50.npz,approved,trainable,true,standard,approved,ok,headache,44097ee2f402391d51f0eec2374f39ef95d93ac489f0173ba7ee8e0c8ccba797,mediapipe-tasks-web,web-10fps-p50,10.0,27,2,24,22,right,0,0.5926,0.7273,2.9058
ext_headache_turkcell_akademi_1_web_25fps_p0,headache,30,,EXTERNAL,turkcell-akademi,ext_turkcell-akademi,user_reported_permission,train,harici/headache/turkcell-akademi_1.mp4,processed/external_health/landmark46-v1/ext_headache_turkcell_akademi_1_web_25fps_p0.npz,approved,trainable,true,standard,approved,ok,headache,44097ee2f402391d51f0eec2374f39ef95d93ac489f0173ba7ee8e0c8ccba797,mediapipe-tasks-web,web-25fps-p0,25.0,67,9,56,47,right,1,0.597,0.8723,4.0582
ext_heart_attack_ahmet_tombul_1_legacy,heart-attack,26,,EXTERNAL,ahmet-tombul,ext_ahmet-tombul,user_reported_permission,train,harici/heart-attack/ahmet-tombul_1.mp4,processed/external_health/landmark46-v1/ext_heart_attack_ahmet_tombul_1_legacy.npz,approved,trainable,true,red_flag,approved,ok,heart-attack,3798079ff21e6d344c27fe3a03de07c527b9dfdb62a93c41ca2857b7fcb9e42b,mediapipe-holistic-legacy,legacy,30.0,81,7,81,74,right,1,0.8642,0.9595,3.1499
ext_heart_attack_ahmet_tombul_1_web_10fps_p0,heart-attack,26,,EXTERNAL,ahmet-tombul,ext_ahmet-tombul,user_reported_permission,train,harici/heart-attack/ahmet-tombul_1.mp4,processed/external_health/landmark46-v1/ext_heart_attack_ahmet_tombul_1_web_10fps_p0.npz,approved,trainable,true,red_flag,approved,ok,heart-attack,3798079ff21e6d344c27fe3a03de07c527b9dfdb62a93c41ca2857b7fcb9e42b,mediapipe-tasks-web,web-10fps-p0,10.0,27,1,27,26,right,1,0.8519,0.8846,2.3256
ext_heart_attack_ahmet_tombul_1_web_10fps_p50,heart-attack,26,,EXTERNAL,ahmet-tombul,ext_ahmet-tombul,user_reported_permission,train,harici/heart-attack/ahmet-tombul_1.mp4,processed/external_health/landmark46-v1/ext_heart_attack_ahmet_tombul_1_web_10fps_p50.npz,approved,trainable,true,red_flag,approved,ok,heart-attack,3798079ff21e6d344c27fe3a03de07c527b9dfdb62a93c41ca2857b7fcb9e42b,mediapipe-tasks-web,web-10fps-p50,10.0,27,0,27,27,right,0,0.8889,0.8889,2.8428
ext_heart_attack_ahmet_tombul_1_web_25fps_p0,heart-attack,26,,EXTERNAL,ahmet-tombul,ext_ahmet-tombul,user_reported_permission,train,harici/heart-attack/ahmet-tombul_1.mp4,processed/external_health/landmark46-v1/ext_heart_attack_ahmet_tombul_1_web_25fps_p0.npz,approved,trainable,true,red_flag,approved,ok,heart-attack,3798079ff21e6d344c27fe3a03de07c527b9dfdb62a93c41ca2857b7fcb9e42b,mediapipe-tasks-web,web-25fps-p0,25.0,68,5,68,63,right,1,0.8824,0.9524,3.325
ext_heart_attack_emrah_uresin_1_legacy,heart-attack,26,,EXTERNAL,emrah-uresin,ext_emrah-uresin,user_reported_permission,train,harici/heart-attack/emrah-uresin_1.mp4,processed/external_health/landmark46-v1/ext_heart_attack_emrah_uresin_1_legacy.npz,approved,trainable,true,red_flag,approved,ok,heart-attack,f3c328b1e66149874a3dfb3c019294eb9c277ce631409f27ade6baf43f8ff652,mediapipe-holistic-legacy,legacy,29.97,162,12,162,150,right,0,0.9074,0.98,4.9172
ext_heart_attack_emrah_uresin_1_web_10fps_p0,heart-attack,26,,EXTERNAL,emrah-uresin,ext_emrah-uresin,user_reported_permission,train,harici/heart-attack/emrah-uresin_1.mp4,processed/external_health/landmark46-v1/ext_heart_attack_emrah_uresin_1_web_10fps_p0.npz,approved,trainable,true,red_flag,approved,ok,heart-attack,f3c328b1e66149874a3dfb3c019294eb9c277ce631409f27ade6baf43f8ff652,mediapipe-tasks-web,web-10fps-p0,10.0,55,2,55,53,right,0,0.9091,0.9434,4.3345
ext_heart_attack_emrah_uresin_1_web_10fps_p50,heart-attack,26,,EXTERNAL,emrah-uresin,ext_emrah-uresin,user_reported_permission,train,harici/heart-attack/emrah-uresin_1.mp4,processed/external_health/landmark46-v1/ext_heart_attack_emrah_uresin_1_web_10fps_p50.npz,approved,trainable,true,red_flag,approved,ok,heart-attack,f3c328b1e66149874a3dfb3c019294eb9c277ce631409f27ade6baf43f8ff652,mediapipe-tasks-web,web-10fps-p50,10.0,54,2,54,52,right,0,0.9074,0.9423,4.1502
ext_heart_attack_emrah_uresin_1_web_25fps_p0,heart-attack,26,,EXTERNAL,emrah-uresin,ext_emrah-uresin,user_reported_permission,train,harici/heart-attack/emrah-uresin_1.mp4,processed/external_health/landmark46-v1/ext_heart_attack_emrah_uresin_1_web_25fps_p0.npz,approved,trainable,true,red_flag,approved,ok,heart-attack,f3c328b1e66149874a3dfb3c019294eb9c277ce631409f27ade6baf43f8ff652,mediapipe-tasks-web,web-25fps-p0,25.0,136,10,136,126,right,0,0.9044,0.9762,4.5651
ext_heart_attack_ezgi_tutkun_1_legacy,heart-attack,26,,EXTERNAL,ezgi-tutkun,ext_ezgi-tutkun,user_reported_permission,train,harici/heart-attack/ezgi-tutkun_1.mp4,processed/external_health/landmark46-v1/ext_heart_attack_ezgi_tutkun_1_legacy.npz,approved,trainable,true,red_flag,approved,ok,heart-attack,5108db68c6b0f6127f4821fc1fe7a9af2b730442f6b652ebc9b91e35d111bf83,mediapipe-holistic-legacy,legacy,29.97,213,0,213,213,right,17,0.9859,1.0,16.5437
ext_heart_attack_ezgi_tutkun_1_web_10fps_p0,heart-attack,26,,EXTERNAL,ezgi-tutkun,ext_ezgi-tutkun,user_reported_permission,train,harici/heart-attack/ezgi-tutkun_1.mp4,processed/external_health/landmark46-v1/ext_heart_attack_ezgi_tutkun_1_web_10fps_p0.npz,approved,trainable,true,red_flag,approved,ok,heart-attack,5108db68c6b0f6127f4821fc1fe7a9af2b730442f6b652ebc9b91e35d111bf83,mediapipe-tasks-web,web-10fps-p0,10.0,72,0,72,72,right,10,0.9861,1.0,9.4413
ext_heart_attack_ezgi_tutkun_1_web_10fps_p50,heart-attack,26,,EXTERNAL,ezgi-tutkun,ext_ezgi-tutkun,user_reported_permission,train,harici/heart-attack/ezgi-tutkun_1.mp4,processed/external_health/landmark46-v1/ext_heart_attack_ezgi_tutkun_1_web_10fps_p50.npz,approved,trainable,true,red_flag,approved,ok,heart-attack,5108db68c6b0f6127f4821fc1fe7a9af2b730442f6b652ebc9b91e35d111bf83,mediapipe-tasks-web,web-10fps-p50,10.0,71,0,71,71,right,8,0.9859,1.0,8.2049
ext_heart_attack_ezgi_tutkun_1_web_25fps_p0,heart-attack,26,,EXTERNAL,ezgi-tutkun,ext_ezgi-tutkun,user_reported_permission,train,harici/heart-attack/ezgi-tutkun_1.mp4,processed/external_health/landmark46-v1/ext_heart_attack_ezgi_tutkun_1_web_25fps_p0.npz,approved,trainable,true,red_flag,approved,ok,heart-attack,5108db68c6b0f6127f4821fc1fe7a9af2b730442f6b652ebc9b91e35d111bf83,mediapipe-tasks-web,web-25fps-p0,25.0,178,0,178,178,right,23,1.0,1.0,13.388
ext_heart_attack_sozluk_a_1_legacy,heart-attack,26,,EXTERNAL,sozluk-a,ext_sozluk-a,user_reported_permission,train,harici/heart-attack/sozluk-a_1.mp4,processed/external_health/landmark46-v1/ext_heart_attack_sozluk_a_1_legacy.npz,approved,trainable,true,red_flag,approved,ok,heart-attack,3f8a519998e1babbf7e3ef3c3173270f2978523a203787c2fe81c9473486461f,mediapipe-holistic-legacy,legacy,25.0,55,0,50,50,right,5,0.7636,0.94,5.1004
ext_heart_attack_sozluk_a_1_web_10fps_p0,heart-attack,26,,EXTERNAL,sozluk-a,ext_sozluk-a,user_reported_permission,train,harici/heart-attack/sozluk-a_1.mp4,processed/external_health/landmark46-v1/ext_heart_attack_sozluk_a_1_web_10fps_p0.npz,approved,trainable,true,red_flag,approved,ok,heart-attack,3f8a519998e1babbf7e3ef3c3173270f2978523a203787c2fe81c9473486461f,mediapipe-tasks-web,web-10fps-p0,10.0,22,0,22,22,left,5,0.7727,0.8636,4.5855
ext_heart_attack_sozluk_a_1_web_10fps_p50,heart-attack,26,,EXTERNAL,sozluk-a,ext_sozluk-a,user_reported_permission,train,harici/heart-attack/sozluk-a_1.mp4,processed/external_health/landmark46-v1/ext_heart_attack_sozluk_a_1_web_10fps_p50.npz,approved,trainable,true,red_flag,approved,ok,heart-attack,3f8a519998e1babbf7e3ef3c3173270f2978523a203787c2fe81c9473486461f,mediapipe-tasks-web,web-10fps-p50,10.0,22,0,22,22,right,3,0.7727,0.7727,4.2209
ext_heart_attack_sozluk_a_1_web_25fps_p0,heart-attack,26,,EXTERNAL,sozluk-a,ext_sozluk-a,user_reported_permission,train,harici/heart-attack/sozluk-a_1.mp4,processed/external_health/landmark46-v1/ext_heart_attack_sozluk_a_1_web_25fps_p0.npz,approved,trainable,true,red_flag,approved,ok,heart-attack,3f8a519998e1babbf7e3ef3c3173270f2978523a203787c2fe81c9473486461f,mediapipe-tasks-web,web-25fps-p0,25.0,55,0,50,50,right,7,0.7636,0.94,5.32
ext_heart_attack_sozluk_a_2_legacy,heart-attack,26,,EXTERNAL,sozluk-a,ext_sozluk-a,user_reported_permission,train,harici/heart-attack/sozluk-a_2.mp4,processed/external_health/landmark46-v1/ext_heart_attack_sozluk_a_2_legacy.npz,approved,trainable,true,red_flag,approved,ok,heart-attack,ce8dd677489fb3d0c4011d58a95277ceced108b3c8f1b3fa7107290e1974cb3b,mediapipe-holistic-legacy,legacy,25.0,55,11,55,44,right,4,0.7455,0.9318,3.425
ext_heart_attack_sozluk_a_2_web_10fps_p0,heart-attack,26,,EXTERNAL,sozluk-a,ext_sozluk-a,user_reported_permission,train,harici/heart-attack/sozluk-a_2.mp4,processed/external_health/landmark46-v1/ext_heart_attack_sozluk_a_2_web_10fps_p0.npz,approved,trainable,true,red_flag,approved,ok,heart-attack,ce8dd677489fb3d0c4011d58a95277ceced108b3c8f1b3fa7107290e1974cb3b,mediapipe-tasks-web,web-10fps-p0,10.0,22,3,22,19,left,1,0.7273,0.8421,4.7256
ext_heart_attack_sozluk_a_2_web_10fps_p50,heart-attack,26,,EXTERNAL,sozluk-a,ext_sozluk-a,user_reported_permission,train,harici/heart-attack/sozluk-a_2.mp4,processed/external_health/landmark46-v1/ext_heart_attack_sozluk_a_2_web_10fps_p50.npz,approved,trainable,true,red_flag,approved,ok,heart-attack,ce8dd677489fb3d0c4011d58a95277ceced108b3c8f1b3fa7107290e1974cb3b,mediapipe-tasks-web,web-10fps-p50,10.0,22,2,22,20,right,7,0.7727,0.85,3.3649
ext_heart_attack_sozluk_a_2_web_25fps_p0,heart-attack,26,,EXTERNAL,sozluk-a,ext_sozluk-a,user_reported_permission,train,harici/heart-attack/sozluk-a_2.mp4,processed/external_health/landmark46-v1/ext_heart_attack_sozluk_a_2_web_25fps_p0.npz,approved,trainable,true,red_flag,approved,ok,heart-attack,ce8dd677489fb3d0c4011d58a95277ceced108b3c8f1b3fa7107290e1974cb3b,mediapipe-tasks-web,web-25fps-p0,25.0,55,11,55,44,left,4,0.7455,0.9318,5.4211
ext_heart_attack_spreadthesign_1_legacy,heart-attack,26,,EXTERNAL,spreadthesign,ext_spreadthesign,user_reported_permission,train,harici/heart-attack/spreadthesign_1.mp4,processed/external_health/landmark46-v1/ext_heart_attack_spreadthesign_1_legacy.npz,approved,trainable,true,red_flag,approved,ok,heart-attack,c6995014bbea369954aa268e9ba7ec9ddee507adf23582bd72c8a5e1bb1ed2a9,mediapipe-holistic-legacy,legacy,29.97,87,25,84,59,left,1,0.6092,0.8983,4.3189
ext_heart_attack_spreadthesign_1_web_10fps_p0,heart-attack,26,,EXTERNAL,spreadthesign,ext_spreadthesign,user_reported_permission,train,harici/heart-attack/spreadthesign_1.mp4,processed/external_health/landmark46-v1/ext_heart_attack_spreadthesign_1_web_10fps_p0.npz,approved,trainable,true,red_flag,approved,ok,heart-attack,c6995014bbea369954aa268e9ba7ec9ddee507adf23582bd72c8a5e1bb1ed2a9,mediapipe-tasks-web,web-10fps-p0,10.0,30,7,30,23,left,1,0.5667,0.7391,2.8531
ext_heart_attack_spreadthesign_1_web_10fps_p50,heart-attack,26,,EXTERNAL,spreadthesign,ext_spreadthesign,user_reported_permission,train,harici/heart-attack/spreadthesign_1.mp4,processed/external_health/landmark46-v1/ext_heart_attack_spreadthesign_1_web_10fps_p50.npz,approved,trainable,true,red_flag,approved,ok,heart-attack,c6995014bbea369954aa268e9ba7ec9ddee507adf23582bd72c8a5e1bb1ed2a9,mediapipe-tasks-web,web-10fps-p50,10.0,29,7,29,22,left,1,0.5862,0.7727,2.8265
ext_heart_attack_spreadthesign_1_web_25fps_p0,heart-attack,26,,EXTERNAL,spreadthesign,ext_spreadthesign,user_reported_permission,train,harici/heart-attack/spreadthesign_1.mp4,processed/external_health/landmark46-v1/ext_heart_attack_spreadthesign_1_web_25fps_p0.npz,approved,trainable,true,red_flag,approved,ok,heart-attack,c6995014bbea369954aa268e9ba7ec9ddee507adf23582bd72c8a5e1bb1ed2a9,mediapipe-tasks-web,web-25fps-p0,25.0,73,21,70,49,left,2,0.589,0.8776,3.628
ext_heart_attack_spreadthesign_2_legacy,heart-attack,26,,EXTERNAL,spreadthesign,ext_spreadthesign,user_reported_permission,train,harici/heart-attack/spreadthesign_2.mp4,processed/external_health/landmark46-v1/ext_heart_attack_spreadthesign_2_legacy.npz,approved,trainable,true,red_flag,needs_review,ok,heart-attack,1d59389dcfe47b074b4277974ba1d88070c691786959d9b045111944197cabc8,mediapipe-holistic-legacy,legacy,25.0,121,36,78,42,left,7,0.2562,0.8571,1.3994
ext_heart_attack_spreadthesign_2_web_10fps_p0,heart-attack,26,,EXTERNAL,spreadthesign,ext_spreadthesign,user_reported_permission,train,harici/heart-attack/spreadthesign_2.mp4,processed/external_health/landmark46-v1/ext_heart_attack_spreadthesign_2_web_10fps_p0.npz,approved,trainable,true,red_flag,needs_review,ok,heart-attack,1d59389dcfe47b074b4277974ba1d88070c691786959d9b045111944197cabc8,mediapipe-tasks-web,web-10fps-p0,10.0,49,13,34,21,right,2,0.3061,0.7143,1.3387
ext_heart_attack_spreadthesign_2_web_10fps_p50,heart-attack,26,,EXTERNAL,spreadthesign,ext_spreadthesign,user_reported_permission,train,harici/heart-attack/spreadthesign_2.mp4,processed/external_health/landmark46-v1/ext_heart_attack_spreadthesign_2_web_10fps_p50.npz,approved,trainable,true,red_flag,needs_review,ok,heart-attack,1d59389dcfe47b074b4277974ba1d88070c691786959d9b045111944197cabc8,mediapipe-tasks-web,web-10fps-p50,10.0,48,13,33,20,right,2,0.2917,0.7,1.1003
ext_heart_attack_spreadthesign_2_web_25fps_p0,heart-attack,26,,EXTERNAL,spreadthesign,ext_spreadthesign,user_reported_permission,train,harici/heart-attack/spreadthesign_2.mp4,processed/external_health/landmark46-v1/ext_heart_attack_spreadthesign_2_web_25fps_p0.npz,approved,trainable,true,red_flag,needs_review,ok,heart-attack,1d59389dcfe47b074b4277974ba1d88070c691786959d9b045111944197cabc8,mediapipe-tasks-web,web-25fps-p0,25.0,121,33,81,48,right,12,0.2975,0.875,3.4589
ext_nausea_meb_bulanti_1_legacy,nausea,32,,EXTERNAL,meb-bulanti,ext_meb-bulanti,user_reported_permission,train,harici/nausea/meb-bulanti_1.mp4,processed/external_health/landmark46-v1/ext_nausea_meb_bulanti_1_legacy.npz,approved,trainable,true,standard,needs_review,ok,nausea,0e226099230b6bfaf60427fbf270a4f211d54c989bc4ff450926fb6b728f4349,mediapipe-holistic-legacy,legacy,25.0,87,15,62,47,right,7,0.3908,0.8723,4.4659
ext_nausea_meb_bulanti_1_web_10fps_p0,nausea,32,,EXTERNAL,meb-bulanti,ext_meb-bulanti,user_reported_permission,train,harici/nausea/meb-bulanti_1.mp4,processed/external_health/landmark46-v1/ext_nausea_meb_bulanti_1_web_10fps_p0.npz,approved,trainable,true,standard,needs_review,ok,nausea,0e226099230b6bfaf60427fbf270a4f211d54c989bc4ff450926fb6b728f4349,mediapipe-tasks-web,web-10fps-p0,10.0,35,4,24,20,right,5,0.2571,0.7,2.4857
ext_nausea_meb_bulanti_1_web_10fps_p50,nausea,32,,EXTERNAL,meb-bulanti,ext_meb-bulanti,user_reported_permission,train,harici/nausea/meb-bulanti_1.mp4,processed/external_health/landmark46-v1/ext_nausea_meb_bulanti_1_web_10fps_p50.npz,approved,trainable,true,standard,needs_review,ok,nausea,0e226099230b6bfaf60427fbf270a4f211d54c989bc4ff450926fb6b728f4349,mediapipe-tasks-web,web-10fps-p50,10.0,35,4,24,20,right,5,0.2571,0.7,1.9025
ext_nausea_meb_bulanti_1_web_25fps_p0,nausea,32,,EXTERNAL,meb-bulanti,ext_meb-bulanti,user_reported_permission,train,harici/nausea/meb-bulanti_1.mp4,processed/external_health/landmark46-v1/ext_nausea_meb_bulanti_1_web_25fps_p0.npz,approved,trainable,true,standard,needs_review,ok,nausea,0e226099230b6bfaf60427fbf270a4f211d54c989bc4ff450926fb6b728f4349,mediapipe-tasks-web,web-25fps-p0,25.0,87,15,58,43,right,8,0.3333,0.8605,3.9418
ext_nausea_spreadthesign_1_legacy,nausea,32,,EXTERNAL,spreadthesign,ext_spreadthesign,user_reported_permission,train,harici/nausea/spreadthesign_1.mp4,processed/external_health/landmark46-v1/ext_nausea_spreadthesign_1_legacy.npz,approved,trainable,true,standard,approved,ok,nausea,d7ea90889e4970699b55388ffcc5420b95ccfd5135de056896e022eb90b40b54,mediapipe-holistic-legacy,legacy,29.97,83,7,73,66,left,0,0.7229,0.9091,5.904
ext_nausea_spreadthesign_1_web_10fps_p0,nausea,32,,EXTERNAL,spreadthesign,ext_spreadthesign,user_reported_permission,train,harici/nausea/spreadthesign_1.mp4,processed/external_health/landmark46-v1/ext_nausea_spreadthesign_1_web_10fps_p0.npz,approved,trainable,true,standard,approved,ok,nausea,d7ea90889e4970699b55388ffcc5420b95ccfd5135de056896e022eb90b40b54,mediapipe-tasks-web,web-10fps-p0,10.0,28,0,27,27,left,1,0.7143,0.7778,5.9511
ext_nausea_spreadthesign_1_web_10fps_p50,nausea,32,,EXTERNAL,spreadthesign,ext_spreadthesign,user_reported_permission,train,harici/nausea/spreadthesign_1.mp4,processed/external_health/landmark46-v1/ext_nausea_spreadthesign_1_web_10fps_p50.npz,approved,trainable,true,standard,approved,ok,nausea,d7ea90889e4970699b55388ffcc5420b95ccfd5135de056896e022eb90b40b54,mediapipe-tasks-web,web-10fps-p50,10.0,28,0,27,27,left,0,0.75,0.7778,5.9537
ext_nausea_spreadthesign_1_web_25fps_p0,nausea,32,,EXTERNAL,spreadthesign,ext_spreadthesign,user_reported_permission,train,harici/nausea/spreadthesign_1.mp4,processed/external_health/landmark46-v1/ext_nausea_spreadthesign_1_web_25fps_p0.npz,approved,trainable,true,standard,approved,ok,nausea,d7ea90889e4970699b55388ffcc5420b95ccfd5135de056896e022eb90b40b54,mediapipe-tasks-web,web-25fps-p0,25.0,70,5,62,57,left,0,0.7286,0.8947,6.429
ext_nausea_tidsozluk_1_legacy,nausea,32,,EXTERNAL,tidsozluk,ext_tidsozluk,user_reported_permission,train,harici/nausea/tidsozluk_1.mp4,processed/external_health/landmark46-v1/ext_nausea_tidsozluk_1_legacy.npz,approved,trainable,true,standard,needs_review,ok,nausea,c516fa7bef47f2317bba9d7d9719c430fa74be654c46fb771a604f0150c57112,mediapipe-holistic-legacy,legacy,25.0,45,7,33,26,right,2,0.4,0.7692,2.7594
ext_nausea_tidsozluk_1_web_10fps_p0,nausea,32,,EXTERNAL,tidsozluk,ext_tidsozluk,user_reported_permission,train,harici/nausea/tidsozluk_1.mp4,processed/external_health/landmark46-v1/ext_nausea_tidsozluk_1_web_10fps_p0.npz,approved,trainable,true,standard,needs_review,ok,nausea,c516fa7bef47f2317bba9d7d9719c430fa74be654c46fb771a604f0150c57112,mediapipe-tasks-web,web-10fps-p0,10.0,18,1,16,15,right,2,0.3889,0.6,2.8226
ext_nausea_tidsozluk_1_web_10fps_p50,nausea,32,,EXTERNAL,tidsozluk,ext_tidsozluk,user_reported_permission,train,harici/nausea/tidsozluk_1.mp4,processed/external_health/landmark46-v1/ext_nausea_tidsozluk_1_web_10fps_p50.npz,approved,trainable,true,standard,needs_review,ok,nausea,c516fa7bef47f2317bba9d7d9719c430fa74be654c46fb771a604f0150c57112,mediapipe-tasks-web,web-10fps-p50,10.0,18,2,15,13,right,0,0.3889,0.5385,1.9501
ext_nausea_tidsozluk_1_web_25fps_p0,nausea,32,,EXTERNAL,tidsozluk,ext_tidsozluk,user_reported_permission,train,harici/nausea/tidsozluk_1.mp4,processed/external_health/landmark46-v1/ext_nausea_tidsozluk_1_web_25fps_p0.npz,approved,trainable,true,standard,needs_review,ok,nausea,c516fa7bef47f2317bba9d7d9719c430fa74be654c46fb771a604f0150c57112,mediapipe-tasks-web,web-25fps-p0,25.0,45,7,34,27,right,2,0.4222,0.7778,3.07
ext_pain_ahmet_tombul_1_legacy,pain,22,,EXTERNAL,ahmet-tombul,ext_ahmet-tombul,user_reported_permission,train,harici/pain/ahmet-tombul_1.mp4,processed/external_health/landmark46-v1/ext_pain_ahmet_tombul_1_legacy.npz,approved,trainable,true,standard,approved,ok,pain,8baa6ab6b6c97b958c2c65c2dd56c4bd61e1b1f8272a9ffa1ac175dffe163588,mediapipe-holistic-legacy,legacy,30.0,105,0,105,105,right,0,1.0,1.0,5.151
ext_pain_ahmet_tombul_1_web_10fps_p0,pain,22,,EXTERNAL,ahmet-tombul,ext_ahmet-tombul,user_reported_permission,train,harici/pain/ahmet-tombul_1.mp4,processed/external_health/landmark46-v1/ext_pain_ahmet_tombul_1_web_10fps_p0.npz,approved,trainable,true,standard,approved,ok,pain,8baa6ab6b6c97b958c2c65c2dd56c4bd61e1b1f8272a9ffa1ac175dffe163588,mediapipe-tasks-web,web-10fps-p0,10.0,35,0,35,35,right,0,1.0,1.0,4.6574
ext_pain_ahmet_tombul_1_web_10fps_p50,pain,22,,EXTERNAL,ahmet-tombul,ext_ahmet-tombul,user_reported_permission,train,harici/pain/ahmet-tombul_1.mp4,processed/external_health/landmark46-v1/ext_pain_ahmet_tombul_1_web_10fps_p50.npz,approved,trainable,true,standard,approved,ok,pain,8baa6ab6b6c97b958c2c65c2dd56c4bd61e1b1f8272a9ffa1ac175dffe163588,mediapipe-tasks-web,web-10fps-p50,10.0,35,0,35,35,right,0,1.0,1.0,4.534
ext_pain_ahmet_tombul_1_web_25fps_p0,pain,22,,EXTERNAL,ahmet-tombul,ext_ahmet-tombul,user_reported_permission,train,harici/pain/ahmet-tombul_1.mp4,processed/external_health/landmark46-v1/ext_pain_ahmet_tombul_1_web_25fps_p0.npz,approved,trainable,true,standard,approved,ok,pain,8baa6ab6b6c97b958c2c65c2dd56c4bd61e1b1f8272a9ffa1ac175dffe163588,mediapipe-tasks-web,web-25fps-p0,25.0,88,0,88,88,right,0,1.0,1.0,5.0311
ext_pain_emrah_uresin_2_legacy,pain,22,,EXTERNAL,emrah-uresin,ext_emrah-uresin,user_reported_permission,train,harici/pain/emrah-uresin_2.mp4,processed/external_health/landmark46-v1/ext_pain_emrah_uresin_2_legacy.npz,approved,trainable,true,standard,approved,ok,pain,46b12f68a6a537ecdbb0ff660eb6dbe07984f987ef56b659cffbe6c89f69ea9e,mediapipe-holistic-legacy,legacy,29.97,143,7,143,136,right,3,0.9161,0.9779,12.3495
ext_pain_emrah_uresin_2_web_10fps_p0,pain,22,,EXTERNAL,emrah-uresin,ext_emrah-uresin,user_reported_permission,train,harici/pain/emrah-uresin_2.mp4,processed/external_health/landmark46-v1/ext_pain_emrah_uresin_2_web_10fps_p0.npz,approved,trainable,true,standard,approved,ok,pain,46b12f68a6a537ecdbb0ff660eb6dbe07984f987ef56b659cffbe6c89f69ea9e,mediapipe-tasks-web,web-10fps-p0,10.0,48,0,48,48,right,6,0.8958,1.0,11.4505
ext_pain_emrah_uresin_2_web_10fps_p50,pain,22,,EXTERNAL,emrah-uresin,ext_emrah-uresin,user_reported_permission,train,harici/pain/emrah-uresin_2.mp4,processed/external_health/landmark46-v1/ext_pain_emrah_uresin_2_web_10fps_p50.npz,approved,trainable,true,standard,approved,ok,pain,46b12f68a6a537ecdbb0ff660eb6dbe07984f987ef56b659cffbe6c89f69ea9e,mediapipe-tasks-web,web-10fps-p50,10.0,48,0,48,48,right,3,0.9375,0.9375,11.3471
ext_pain_emrah_uresin_2_web_25fps_p0,pain,22,,EXTERNAL,emrah-uresin,ext_emrah-uresin,user_reported_permission,train,harici/pain/emrah-uresin_2.mp4,processed/external_health/landmark46-v1/ext_pain_emrah_uresin_2_web_25fps_p0.npz,approved,trainable,true,standard,approved,ok,pain,46b12f68a6a537ecdbb0ff660eb6dbe07984f987ef56b659cffbe6c89f69ea9e,mediapipe-tasks-web,web-25fps-p0,25.0,120,0,120,120,right,5,0.925,0.9417,12.2308
ext_pain_ezgi_tutkun_1_legacy,pain,22,,EXTERNAL,ezgi-tutkun,ext_ezgi-tutkun,user_reported_permission,train,harici/pain/ezgi-tutkun_1.mp4,processed/external_health/landmark46-v1/ext_pain_ezgi_tutkun_1_legacy.npz,approved,trainable,true,standard,approved,ok,pain,90177566ee9e67bbc8381e6d1506b95976e09ea318097b176ef0f15fdec17c9b,mediapipe-holistic-legacy,legacy,29.97,150,0,150,150,right,0,1.0,1.0,4.5688
ext_pain_ezgi_tutkun_1_web_10fps_p0,pain,22,,EXTERNAL,ezgi-tutkun,ext_ezgi-tutkun,user_reported_permission,train,harici/pain/ezgi-tutkun_1.mp4,processed/external_health/landmark46-v1/ext_pain_ezgi_tutkun_1_web_10fps_p0.npz,approved,trainable,true,standard,approved,ok,pain,90177566ee9e67bbc8381e6d1506b95976e09ea318097b176ef0f15fdec17c9b,mediapipe-tasks-web,web-10fps-p0,10.0,51,0,51,51,right,0,1.0,1.0,4.0646
ext_pain_ezgi_tutkun_1_web_10fps_p50,pain,22,,EXTERNAL,ezgi-tutkun,ext_ezgi-tutkun,user_reported_permission,train,harici/pain/ezgi-tutkun_1.mp4,processed/external_health/landmark46-v1/ext_pain_ezgi_tutkun_1_web_10fps_p50.npz,approved,trainable,true,standard,approved,ok,pain,90177566ee9e67bbc8381e6d1506b95976e09ea318097b176ef0f15fdec17c9b,mediapipe-tasks-web,web-10fps-p50,10.0,50,0,50,50,right,0,1.0,1.0,3.9905
ext_pain_ezgi_tutkun_1_web_25fps_p0,pain,22,,EXTERNAL,ezgi-tutkun,ext_ezgi-tutkun,user_reported_permission,train,harici/pain/ezgi-tutkun_1.mp4,processed/external_health/landmark46-v1/ext_pain_ezgi_tutkun_1_web_25fps_p0.npz,approved,trainable,true,standard,approved,ok,pain,90177566ee9e67bbc8381e6d1506b95976e09ea318097b176ef0f15fdec17c9b,mediapipe-tasks-web,web-25fps-p0,25.0,126,0,126,126,right,0,1.0,1.0,4.5055
ext_pain_filiz_caglar_1_legacy,pain,22,,EXTERNAL,filiz-caglar,ext_filiz-caglar,user_reported_permission,train,harici/pain/filiz-caglar_1.mp4,processed/external_health/landmark46-v1/ext_pain_filiz_caglar_1_legacy.npz,approved,trainable,true,standard,approved,ok,pain,f16655c9c71cc77460f2259231c75b18c4ca029692a84411d5e2fcdb90280848,mediapipe-holistic-legacy,legacy,29.949,159,0,159,159,right,3,0.9811,1.0,9.2638
ext_pain_filiz_caglar_1_web_10fps_p0,pain,22,,EXTERNAL,filiz-caglar,ext_filiz-caglar,user_reported_permission,train,harici/pain/filiz-caglar_1.mp4,processed/external_health/landmark46-v1/ext_pain_filiz_caglar_1_web_10fps_p0.npz,approved,trainable,true,standard,approved,ok,pain,f16655c9c71cc77460f2259231c75b18c4ca029692a84411d5e2fcdb90280848,mediapipe-tasks-web,web-10fps-p0,10.0,54,0,54,54,right,1,0.9815,1.0,6.8679
ext_pain_filiz_caglar_1_web_10fps_p50,pain,22,,EXTERNAL,filiz-caglar,ext_filiz-caglar,user_reported_permission,train,harici/pain/filiz-caglar_1.mp4,processed/external_health/landmark46-v1/ext_pain_filiz_caglar_1_web_10fps_p50.npz,approved,trainable,true,standard,approved,ok,pain,f16655c9c71cc77460f2259231c75b18c4ca029692a84411d5e2fcdb90280848,mediapipe-tasks-web,web-10fps-p50,10.0,53,0,53,53,right,2,0.9623,1.0,7.7304
ext_pain_filiz_caglar_1_web_25fps_p0,pain,22,,EXTERNAL,filiz-caglar,ext_filiz-caglar,user_reported_permission,train,harici/pain/filiz-caglar_1.mp4,processed/external_health/landmark46-v1/ext_pain_filiz_caglar_1_web_25fps_p0.npz,approved,trainable,true,standard,approved,ok,pain,f16655c9c71cc77460f2259231c75b18c4ca029692a84411d5e2fcdb90280848,mediapipe-tasks-web,web-25fps-p0,25.0,133,0,133,133,right,2,0.985,1.0,9.7376
ext_pain_spreadthesign_1_legacy,pain,22,,EXTERNAL,spreadthesign,ext_spreadthesign,user_reported_permission,train,harici/pain/spreadthesign_1.mp4,processed/external_health/landmark46-v1/ext_pain_spreadthesign_1_legacy.npz,approved,trainable,true,standard,approved,ok,pain,7dbe2c3d373516d100d6012b65eaeba472dcd665a24637bdee69e965f686b039,mediapipe-holistic-legacy,legacy,29.97,63,6,52,46,right,1,0.619,0.8696,3.2824
ext_pain_spreadthesign_1_web_10fps_p0,pain,22,,EXTERNAL,spreadthesign,ext_spreadthesign,user_reported_permission,train,harici/pain/spreadthesign_1.mp4,processed/external_health/landmark46-v1/ext_pain_spreadthesign_1_web_10fps_p0.npz,approved,trainable,true,standard,approved,ok,pain,7dbe2c3d373516d100d6012b65eaeba472dcd665a24637bdee69e965f686b039,mediapipe-tasks-web,web-10fps-p0,10.0,22,1,19,18,right,0,0.5455,0.6667,2.0806
ext_pain_spreadthesign_1_web_10fps_p50,pain,22,,EXTERNAL,spreadthesign,ext_spreadthesign,user_reported_permission,train,harici/pain/spreadthesign_1.mp4,processed/external_health/landmark46-v1/ext_pain_spreadthesign_1_web_10fps_p50.npz,approved,trainable,true,standard,approved,ok,pain,7dbe2c3d373516d100d6012b65eaeba472dcd665a24637bdee69e965f686b039,mediapipe-tasks-web,web-10fps-p50,10.0,21,0,19,19,right,0,0.619,0.6842,2.5445
ext_pain_spreadthesign_1_web_25fps_p0,pain,22,,EXTERNAL,spreadthesign,ext_spreadthesign,user_reported_permission,train,harici/pain/spreadthesign_1.mp4,processed/external_health/landmark46-v1/ext_pain_spreadthesign_1_web_25fps_p0.npz,approved,trainable,true,standard,approved,ok,pain,7dbe2c3d373516d100d6012b65eaeba472dcd665a24637bdee69e965f686b039,mediapipe-tasks-web,web-25fps-p0,25.0,53,5,43,38,right,0,0.6038,0.8421,3.0387
ext_pain_spreadthesign_2_legacy,pain,22,,EXTERNAL,spreadthesign,ext_spreadthesign,user_reported_permission,train,harici/pain/spreadthesign_2.mp4,processed/external_health/landmark46-v1/ext_pain_spreadthesign_2_legacy.npz,approved,trainable,true,standard,approved,ok,pain,5a3346bd447284113f56d8edb41e98353ee4549c72e4efeb817a6ac3898c26ec,mediapipe-holistic-legacy,legacy,29.97,72,6,59,53,left,1,0.6389,0.8868,5.5259
ext_pain_spreadthesign_2_web_10fps_p0,pain,22,,EXTERNAL,spreadthesign,ext_spreadthesign,user_reported_permission,train,harici/pain/spreadthesign_2.mp4,processed/external_health/landmark46-v1/ext_pain_spreadthesign_2_web_10fps_p0.npz,approved,trainable,true,standard,approved,ok,pain,5a3346bd447284113f56d8edb41e98353ee4549c72e4efeb817a6ac3898c26ec,mediapipe-tasks-web,web-10fps-p0,10.0,25,0,22,22,left,0,0.64,0.7273,5.4504
ext_pain_spreadthesign_2_web_10fps_p50,pain,22,,EXTERNAL,spreadthesign,ext_spreadthesign,user_reported_permission,train,harici/pain/spreadthesign_2.mp4,processed/external_health/landmark46-v1/ext_pain_spreadthesign_2_web_10fps_p50.npz,approved,trainable,true,standard,approved,ok,pain,5a3346bd447284113f56d8edb41e98353ee4549c72e4efeb817a6ac3898c26ec,mediapipe-tasks-web,web-10fps-p50,10.0,24,0,22,22,left,0,0.6667,0.7273,4.7905
ext_pain_spreadthesign_2_web_25fps_p0,pain,22,,EXTERNAL,spreadthesign,ext_spreadthesign,user_reported_permission,train,harici/pain/spreadthesign_2.mp4,processed/external_health/landmark46-v1/ext_pain_spreadthesign_2_web_25fps_p0.npz,approved,trainable,true,standard,approved,ok,pain,5a3346bd447284113f56d8edb41e98353ee4549c72e4efeb817a6ac3898c26ec,mediapipe-tasks-web,web-25fps-p0,25.0,61,5,50,45,left,2,0.6066,0.8667,4.8371
ext_pain_tidsozluk_1_legacy,pain,22,,EXTERNAL,tidsozluk,ext_tidsozluk,user_reported_permission,train,harici/pain/tidsozluk_1.mp4,processed/external_health/landmark46-v1/ext_pain_tidsozluk_1_legacy.npz,approved,trainable,true,standard,needs_review,ok,pain,2d7f7561d24a053f7db9b42ec6291c1841a95e8bd0a1126f5fd7c4f8c59afb01,mediapipe-holistic-legacy,legacy,25.0,58,15,47,32,right,0,0.4483,0.8125,2.7743
ext_pain_tidsozluk_1_web_10fps_p0,pain,22,,EXTERNAL,tidsozluk,ext_tidsozluk,user_reported_permission,train,harici/pain/tidsozluk_1.mp4,processed/external_health/landmark46-v1/ext_pain_tidsozluk_1_web_10fps_p0.npz,approved,trainable,true,standard,needs_review,ok,pain,2d7f7561d24a053f7db9b42ec6291c1841a95e8bd0a1126f5fd7c4f8c59afb01,mediapipe-tasks-web,web-10fps-p0,10.0,24,4,20,16,right,0,0.4167,0.625,1.5165
ext_pain_tidsozluk_1_web_10fps_p50,pain,22,,EXTERNAL,tidsozluk,ext_tidsozluk,user_reported_permission,train,harici/pain/tidsozluk_1.mp4,processed/external_health/landmark46-v1/ext_pain_tidsozluk_1_web_10fps_p50.npz,approved,trainable,true,standard,needs_review,ok,pain,2d7f7561d24a053f7db9b42ec6291c1841a95e8bd0a1126f5fd7c4f8c59afb01,mediapipe-tasks-web,web-10fps-p50,10.0,23,4,20,16,right,0,0.4348,0.625,1.6248
ext_pain_tidsozluk_1_web_25fps_p0,pain,22,,EXTERNAL,tidsozluk,ext_tidsozluk,user_reported_permission,train,harici/pain/tidsozluk_1.mp4,processed/external_health/landmark46-v1/ext_pain_tidsozluk_1_web_25fps_p0.npz,approved,trainable,true,standard,needs_review,ok,pain,2d7f7561d24a053f7db9b42ec6291c1841a95e8bd0a1126f5fd7c4f8c59afb01,mediapipe-tasks-web,web-25fps-p0,25.0,58,14,46,32,right,0,0.4483,0.8125,2.7912
ext_pain_tidsozluk_2_legacy,pain,22,,EXTERNAL,tidsozluk,ext_tidsozluk,user_reported_permission,train,harici/pain/tidsozluk_2.mp4,processed/external_health/landmark46-v1/ext_pain_tidsozluk_2_legacy.npz,approved,trainable,true,standard,approved,ok,pain,dc29b7ae4c2b29f8875e5c80483b4556b2f41979e0ddb187063c1ece99d35663,mediapipe-holistic-legacy,legacy,25.0,47,11,45,34,right,2,0.5532,0.8235,4.1962
ext_pain_tidsozluk_2_web_10fps_p0,pain,22,,EXTERNAL,tidsozluk,ext_tidsozluk,user_reported_permission,train,harici/pain/tidsozluk_2.mp4,processed/external_health/landmark46-v1/ext_pain_tidsozluk_2_web_10fps_p0.npz,approved,trainable,true,standard,needs_review,ok,pain,dc29b7ae4c2b29f8875e5c80483b4556b2f41979e0ddb187063c1ece99d35663,mediapipe-tasks-web,web-10fps-p0,10.0,19,3,19,16,right,2,0.4737,0.6875,2.7825
ext_pain_tidsozluk_2_web_10fps_p50,pain,22,,EXTERNAL,tidsozluk,ext_tidsozluk,user_reported_permission,train,harici/pain/tidsozluk_2.mp4,processed/external_health/landmark46-v1/ext_pain_tidsozluk_2_web_10fps_p50.npz,approved,trainable,true,standard,approved,ok,pain,dc29b7ae4c2b29f8875e5c80483b4556b2f41979e0ddb187063c1ece99d35663,mediapipe-tasks-web,web-10fps-p50,10.0,19,2,19,17,right,0,0.6316,0.7059,3.8676
ext_pain_tidsozluk_2_web_25fps_p0,pain,22,,EXTERNAL,tidsozluk,ext_tidsozluk,user_reported_permission,train,harici/pain/tidsozluk_2.mp4,processed/external_health/landmark46-v1/ext_pain_tidsozluk_2_web_25fps_p0.npz,approved,trainable,true,standard,approved,ok,pain,dc29b7ae4c2b29f8875e5c80483b4556b2f41979e0ddb187063c1ece99d35663,mediapipe-tasks-web,web-25fps-p0,25.0,47,11,45,34,right,2,0.5532,0.8235,4.346
ext_pain_tidsozluk_3_legacy,pain,22,,EXTERNAL,tidsozluk,ext_tidsozluk,user_reported_permission,train,harici/pain/tidsozluk_3.mp4,processed/external_health/landmark46-v1/ext_pain_tidsozluk_3_legacy.npz,approved,trainable,true,standard,approved,ok,pain,dce95ec70084ed0198ec9d0c0e80fc2e07a280ddde76260a39e43a0914f19075,mediapipe-holistic-legacy,legacy,25.0,44,5,41,36,right,2,0.6364,0.8333,4.3481
ext_pain_tidsozluk_3_web_10fps_p0,pain,22,,EXTERNAL,tidsozluk,ext_tidsozluk,user_reported_permission,train,harici/pain/tidsozluk_3.mp4,processed/external_health/landmark46-v1/ext_pain_tidsozluk_3_web_10fps_p0.npz,approved,trainable,true,standard,needs_review,ok,pain,dce95ec70084ed0198ec9d0c0e80fc2e07a280ddde76260a39e43a0914f19075,mediapipe-tasks-web,web-10fps-p0,10.0,18,0,17,17,right,3,0.4444,0.6471,2.6508
ext_pain_tidsozluk_3_web_10fps_p50,pain,22,,EXTERNAL,tidsozluk,ext_tidsozluk,user_reported_permission,train,harici/pain/tidsozluk_3.mp4,processed/external_health/landmark46-v1/ext_pain_tidsozluk_3_web_10fps_p50.npz,approved,trainable,true,standard,approved,ok,pain,dce95ec70084ed0198ec9d0c0e80fc2e07a280ddde76260a39e43a0914f19075,mediapipe-tasks-web,web-10fps-p50,10.0,18,0,17,17,right,1,0.5556,0.6471,3.0419
ext_pain_tidsozluk_3_web_25fps_p0,pain,22,,EXTERNAL,tidsozluk,ext_tidsozluk,user_reported_permission,train,harici/pain/tidsozluk_3.mp4,processed/external_health/landmark46-v1/ext_pain_tidsozluk_3_web_25fps_p0.npz,approved,trainable,true,standard,approved,ok,pain,dce95ec70084ed0198ec9d0c0e80fc2e07a280ddde76260a39e43a0914f19075,mediapipe-tasks-web,web-25fps-p0,25.0,44,6,41,35,right,4,0.5682,0.8286,4.3044
ext_pain_tidsozluk_4_legacy,pain,22,,EXTERNAL,tidsozluk,ext_tidsozluk,user_reported_permission,train,harici/pain/tidsozluk_4.mp4,processed/external_health/landmark46-v1/ext_pain_tidsozluk_4_legacy.npz,approved,trainable,true,standard,approved,ok,pain,4d8ab0dc9d94c04036067ebb5269e032e5a75f5c5c6ddae4c844e6183cd02cbc,mediapipe-holistic-legacy,legacy,25.0,59,5,43,38,right,1,0.5254,0.8421,4.4053
ext_pain_tidsozluk_4_web_10fps_p0,pain,22,,EXTERNAL,tidsozluk,ext_tidsozluk,user_reported_permission,train,harici/pain/tidsozluk_4.mp4,processed/external_health/landmark46-v1/ext_pain_tidsozluk_4_web_10fps_p0.npz,approved,trainable,true,standard,needs_review,ok,pain,4d8ab0dc9d94c04036067ebb5269e032e5a75f5c5c6ddae4c844e6183cd02cbc,mediapipe-tasks-web,web-10fps-p0,10.0,24,0,19,19,right,2,0.4583,0.6842,3.9309
ext_pain_tidsozluk_4_web_10fps_p50,pain,22,,EXTERNAL,tidsozluk,ext_tidsozluk,user_reported_permission,train,harici/pain/tidsozluk_4.mp4,processed/external_health/landmark46-v1/ext_pain_tidsozluk_4_web_10fps_p50.npz,approved,trainable,true,standard,approved,ok,pain,4d8ab0dc9d94c04036067ebb5269e032e5a75f5c5c6ddae4c844e6183cd02cbc,mediapipe-tasks-web,web-10fps-p50,10.0,24,0,19,19,right,1,0.5,0.6842,3.8299
ext_pain_tidsozluk_4_web_25fps_p0,pain,22,,EXTERNAL,tidsozluk,ext_tidsozluk,user_reported_permission,train,harici/pain/tidsozluk_4.mp4,processed/external_health/landmark46-v1/ext_pain_tidsozluk_4_web_25fps_p0.npz,approved,trainable,true,standard,approved,ok,pain,4d8ab0dc9d94c04036067ebb5269e032e5a75f5c5c6ddae4c844e6183cd02cbc,mediapipe-tasks-web,web-25fps-p0,25.0,59,5,43,38,right,2,0.5085,0.8421,4.6001
ext_pain_tidsozluk_5_legacy,pain,22,,EXTERNAL,tidsozluk,ext_tidsozluk,user_reported_permission,train,harici/pain/tidsozluk_5.mp4,processed/external_health/landmark46-v1/ext_pain_tidsozluk_5_legacy.npz,approved,trainable,true,standard,needs_review,ok,pain,9b9d098c09166b6f4599b21b49256a9bb0536deb4b5088d619d1f303a64e2efc,mediapipe-holistic-legacy,legacy,25.0,56,8,44,36,right,3,0.4821,0.8333,4.0835
ext_pain_tidsozluk_5_web_10fps_p0,pain,22,,EXTERNAL,tidsozluk,ext_tidsozluk,user_reported_permission,train,harici/pain/tidsozluk_5.mp4,processed/external_health/landmark46-v1/ext_pain_tidsozluk_5_web_10fps_p0.npz,approved,trainable,true,standard,needs_review,ok,pain,9b9d098c09166b6f4599b21b49256a9bb0536deb4b5088d619d1f303a64e2efc,mediapipe-tasks-web,web-10fps-p0,10.0,23,4,20,16,right,0,0.4348,0.625,2.0788
ext_pain_tidsozluk_5_web_10fps_p50,pain,22,,EXTERNAL,tidsozluk,ext_tidsozluk,user_reported_permission,train,harici/pain/tidsozluk_5.mp4,processed/external_health/landmark46-v1/ext_pain_tidsozluk_5_web_10fps_p50.npz,approved,trainable,true,standard,approved,ok,pain,9b9d098c09166b6f4599b21b49256a9bb0536deb4b5088d619d1f303a64e2efc,mediapipe-tasks-web,web-10fps-p50,10.0,22,1,19,18,right,1,0.5,0.6667,3.5508
ext_pain_tidsozluk_5_web_25fps_p0,pain,22,,EXTERNAL,tidsozluk,ext_tidsozluk,user_reported_permission,train,harici/pain/tidsozluk_5.mp4,processed/external_health/landmark46-v1/ext_pain_tidsozluk_5_web_25fps_p0.npz,approved,trainable,true,standard,needs_review,ok,pain,9b9d098c09166b6f4599b21b49256a9bb0536deb4b5088d619d1f303a64e2efc,mediapipe-tasks-web,web-25fps-p0,25.0,56,8,44,36,right,3,0.4821,0.8333,4.1366
ext_pain_tidsozluk_6_legacy,pain,22,,EXTERNAL,tidsozluk,ext_tidsozluk,user_reported_permission,train,harici/pain/tidsozluk_6.mp4,processed/external_health/landmark46-v1/ext_pain_tidsozluk_6_legacy.npz,approved,trainable,true,standard,needs_review,ok,pain,60316033f6b08e6b4dcab59a42002ed8f55d75a4c03356b48ccad75f577332a0,mediapipe-holistic-legacy,legacy,25.0,52,11,48,37,right,11,0.3846,0.8378,3.942
ext_pain_tidsozluk_6_web_10fps_p0,pain,22,,EXTERNAL,tidsozluk,ext_tidsozluk,user_reported_permission,train,harici/pain/tidsozluk_6.mp4,processed/external_health/landmark46-v1/ext_pain_tidsozluk_6_web_10fps_p0.npz,approved,trainable,true,standard,needs_review,ok,pain,60316033f6b08e6b4dcab59a42002ed8f55d75a4c03356b48ccad75f577332a0,mediapipe-tasks-web,web-10fps-p0,10.0,21,3,21,18,right,3,0.4762,0.7222,4.0584
ext_pain_tidsozluk_6_web_10fps_p50,pain,22,,EXTERNAL,tidsozluk,ext_tidsozluk,user_reported_permission,train,harici/pain/tidsozluk_6.mp4,processed/external_health/landmark46-v1/ext_pain_tidsozluk_6_web_10fps_p50.npz,approved,trainable,true,standard,needs_review,ok,pain,60316033f6b08e6b4dcab59a42002ed8f55d75a4c03356b48ccad75f577332a0,mediapipe-tasks-web,web-10fps-p50,10.0,21,5,20,15,right,1,0.381,0.6,1.582
ext_pain_tidsozluk_6_web_25fps_p0,pain,22,,EXTERNAL,tidsozluk,ext_tidsozluk,user_reported_permission,train,harici/pain/tidsozluk_6.mp4,processed/external_health/landmark46-v1/ext_pain_tidsozluk_6_web_25fps_p0.npz,approved,trainable,true,standard,needs_review,ok,pain,60316033f6b08e6b4dcab59a42002ed8f55d75a4c03356b48ccad75f577332a0,mediapipe-tasks-web,web-25fps-p0,25.0,52,12,47,35,right,7,0.4231,0.8286,3.1654
ext_pain_turkcell_akademi_1_legacy,pain,22,,EXTERNAL,turkcell-akademi,ext_turkcell-akademi,user_reported_permission,train,harici/pain/turkcell-akademi_1.mp4,processed/external_health/landmark46-v1/ext_pain_turkcell_akademi_1_legacy.npz,approved,trainable,true,standard,approved,ok,pain,0543f8700106c39c78a37f62c745d614e08e1addf5563af66364a39fb926cbac,mediapipe-holistic-legacy,legacy,25.0,78,4,73,69,right,3,0.8077,0.913,8.341
ext_pain_turkcell_akademi_1_web_10fps_p0,pain,22,,EXTERNAL,turkcell-akademi,ext_turkcell-akademi,user_reported_permission,train,harici/pain/turkcell-akademi_1.mp4,processed/external_health/landmark46-v1/ext_pain_turkcell_akademi_1_web_10fps_p0.npz,approved,trainable,true,standard,approved,ok,pain,0543f8700106c39c78a37f62c745d614e08e1addf5563af66364a39fb926cbac,mediapipe-tasks-web,web-10fps-p0,10.0,32,0,31,31,right,0,0.7812,0.8065,7.974
ext_pain_turkcell_akademi_1_web_10fps_p50,pain,22,,EXTERNAL,turkcell-akademi,ext_turkcell-akademi,user_reported_permission,train,harici/pain/turkcell-akademi_1.mp4,processed/external_health/landmark46-v1/ext_pain_turkcell_akademi_1_web_10fps_p50.npz,approved,trainable,true,standard,approved,ok,pain,0543f8700106c39c78a37f62c745d614e08e1addf5563af66364a39fb926cbac,mediapipe-tasks-web,web-10fps-p50,10.0,31,0,31,31,left,0,0.8387,0.8387,7.5132
ext_pain_turkcell_akademi_1_web_25fps_p0,pain,22,,EXTERNAL,turkcell-akademi,ext_turkcell-akademi,user_reported_permission,train,harici/pain/turkcell-akademi_1.mp4,processed/external_health/landmark46-v1/ext_pain_turkcell_akademi_1_web_25fps_p0.npz,approved,trainable,true,standard,approved,ok,pain,0543f8700106c39c78a37f62c745d614e08e1addf5563af66364a39fb926cbac,mediapipe-tasks-web,web-25fps-p0,25.0,78,4,73,69,left,0,0.8077,0.913,8.017
ext_palpitations_emrah_uresin_1_legacy,palpitations,25,,EXTERNAL,emrah-uresin,ext_emrah-uresin,user_reported_permission,train,harici/palpitations/emrah-uresin_1.mp4,processed/external_health/landmark46-v1/ext_palpitations_emrah_uresin_1_legacy.npz,approved,trainable,true,standard,approved,ok,palpitations,a33db1129254457c50987481a6f9168edcd9788a85d7a269cd41d2892ff2a89d,mediapipe-holistic-legacy,legacy,29.97,83,12,72,60,right,0,0.6506,0.9,3.3425
ext_palpitations_emrah_uresin_1_web_10fps_p0,palpitations,25,,EXTERNAL,emrah-uresin,ext_emrah-uresin,user_reported_permission,train,harici/palpitations/emrah-uresin_1.mp4,processed/external_health/landmark46-v1/ext_palpitations_emrah_uresin_1_web_10fps_p0.npz,approved,trainable,true,standard,approved,ok,palpitations,a33db1129254457c50987481a6f9168edcd9788a85d7a269cd41d2892ff2a89d,mediapipe-tasks-web,web-10fps-p0,10.0,28,2,26,24,right,0,0.6429,0.75,2.6175
ext_palpitations_emrah_uresin_1_web_10fps_p50,palpitations,25,,EXTERNAL,emrah-uresin,ext_emrah-uresin,user_reported_permission,train,harici/palpitations/emrah-uresin_1.mp4,processed/external_health/landmark46-v1/ext_palpitations_emrah_uresin_1_web_10fps_p50.npz,approved,trainable,true,standard,approved,ok,palpitations,a33db1129254457c50987481a6f9168edcd9788a85d7a269cd41d2892ff2a89d,mediapipe-tasks-web,web-10fps-p50,10.0,28,2,26,24,right,0,0.6429,0.75,2.3504
ext_palpitations_emrah_uresin_1_web_25fps_p0,palpitations,25,,EXTERNAL,emrah-uresin,ext_emrah-uresin,user_reported_permission,train,harici/palpitations/emrah-uresin_1.mp4,processed/external_health/landmark46-v1/ext_palpitations_emrah_uresin_1_web_25fps_p0.npz,approved,trainable,true,standard,approved,ok,palpitations,a33db1129254457c50987481a6f9168edcd9788a85d7a269cd41d2892ff2a89d,mediapipe-tasks-web,web-25fps-p0,25.0,70,10,61,51,right,0,0.6429,0.8824,2.872
ext_palpitations_emrah_uresin_2_legacy,palpitations,25,,EXTERNAL,emrah-uresin,ext_emrah-uresin,user_reported_permission,train,harici/palpitations/emrah-uresin_2.mp4,processed/external_health/landmark46-v1/ext_palpitations_emrah_uresin_2_legacy.npz,approved,trainable,true,standard,approved,ok,palpitations,34c782fffca26105cd3a69bdc85718442b3f61b8b84d89f4749b96d9638bbb36,mediapipe-holistic-legacy,legacy,29.97,90,12,83,71,right,1,0.7111,0.9155,4.184
ext_palpitations_emrah_uresin_2_web_10fps_p0,palpitations,25,,EXTERNAL,emrah-uresin,ext_emrah-uresin,user_reported_permission,train,harici/palpitations/emrah-uresin_2.mp4,processed/external_health/landmark46-v1/ext_palpitations_emrah_uresin_2_web_10fps_p0.npz,approved,trainable,true,standard,approved,ok,palpitations,34c782fffca26105cd3a69bdc85718442b3f61b8b84d89f4749b96d9638bbb36,mediapipe-tasks-web,web-10fps-p0,10.0,31,3,29,26,right,0,0.6452,0.7692,1.4871
ext_palpitations_emrah_uresin_2_web_10fps_p50,palpitations,25,,EXTERNAL,emrah-uresin,ext_emrah-uresin,user_reported_permission,train,harici/palpitations/emrah-uresin_2.mp4,processed/external_health/landmark46-v1/ext_palpitations_emrah_uresin_2_web_10fps_p50.npz,approved,trainable,true,standard,approved,ok,palpitations,34c782fffca26105cd3a69bdc85718442b3f61b8b84d89f4749b96d9638bbb36,mediapipe-tasks-web,web-10fps-p50,10.0,30,2,29,27,right,0,0.7,0.7778,2.5362
ext_palpitations_emrah_uresin_2_web_25fps_p0,palpitations,25,,EXTERNAL,emrah-uresin,ext_emrah-uresin,user_reported_permission,train,harici/palpitations/emrah-uresin_2.mp4,processed/external_health/landmark46-v1/ext_palpitations_emrah_uresin_2_web_25fps_p0.npz,approved,trainable,true,standard,approved,ok,palpitations,34c782fffca26105cd3a69bdc85718442b3f61b8b84d89f4749b96d9638bbb36,mediapipe-tasks-web,web-25fps-p0,25.0,76,10,67,57,right,0,0.6711,0.8947,2.7292
ext_palpitations_spreadthesign_1_legacy,palpitations,25,,EXTERNAL,spreadthesign,ext_spreadthesign,user_reported_permission,train,harici/palpitations/spreadthesign_1.mp4,processed/external_health/landmark46-v1/ext_palpitations_spreadthesign_1_legacy.npz,approved,trainable,true,standard,approved,ok,palpitations,51a3c332c5119e875331939cea517be10b48665a1644434e172d0f219e4be01c,mediapipe-holistic-legacy,legacy,29.97,71,11,68,57,left,0,0.7183,0.8947,4.0511
ext_palpitations_spreadthesign_1_web_10fps_p0,palpitations,25,,EXTERNAL,spreadthesign,ext_spreadthesign,user_reported_permission,train,harici/palpitations/spreadthesign_1.mp4,processed/external_health/landmark46-v1/ext_palpitations_spreadthesign_1_web_10fps_p0.npz,approved,trainable,true,standard,approved,ok,palpitations,51a3c332c5119e875331939cea517be10b48665a1644434e172d0f219e4be01c,mediapipe-tasks-web,web-10fps-p0,10.0,24,2,24,22,left,0,0.7083,0.7727,3.4523
ext_palpitations_spreadthesign_1_web_10fps_p50,palpitations,25,,EXTERNAL,spreadthesign,ext_spreadthesign,user_reported_permission,train,harici/palpitations/spreadthesign_1.mp4,processed/external_health/landmark46-v1/ext_palpitations_spreadthesign_1_web_10fps_p50.npz,approved,trainable,true,standard,approved,ok,palpitations,51a3c332c5119e875331939cea517be10b48665a1644434e172d0f219e4be01c,mediapipe-tasks-web,web-10fps-p50,10.0,24,2,24,22,left,0,0.7083,0.7727,3.5937
ext_palpitations_spreadthesign_1_web_25fps_p0,palpitations,25,,EXTERNAL,spreadthesign,ext_spreadthesign,user_reported_permission,train,harici/palpitations/spreadthesign_1.mp4,processed/external_health/landmark46-v1/ext_palpitations_spreadthesign_1_web_25fps_p0.npz,approved,trainable,true,standard,approved,ok,palpitations,51a3c332c5119e875331939cea517be10b48665a1644434e172d0f219e4be01c,mediapipe-tasks-web,web-25fps-p0,25.0,60,9,57,48,left,0,0.7,0.875,4.2527
ext_rash_ahmet_tombul_1_legacy,rash,24,,EXTERNAL,ahmet-tombul,ext_ahmet-tombul,user_reported_permission,train,harici/rash/ahmet-tombul_1.mp4,processed/external_health/landmark46-v1/ext_rash_ahmet_tombul_1_legacy.npz,approved,trainable,true,standard,approved,ok,rash,6aa9c52be34efa966ec8eddfd43feaa47888847838281642c38b48f2751b5c9a,mediapipe-holistic-legacy,legacy,30.0,81,0,77,77,right,0,0.9136,0.961,8.0323
ext_rash_ahmet_tombul_1_web_10fps_p0,rash,24,,EXTERNAL,ahmet-tombul,ext_ahmet-tombul,user_reported_permission,train,harici/rash/ahmet-tombul_1.mp4,processed/external_health/landmark46-v1/ext_rash_ahmet_tombul_1_web_10fps_p0.npz,approved,trainable,true,standard,approved,ok,rash,6aa9c52be34efa966ec8eddfd43feaa47888847838281642c38b48f2751b5c9a,mediapipe-tasks-web,web-10fps-p0,10.0,27,0,27,27,right,3,0.9259,0.9259,7.9622
ext_rash_ahmet_tombul_1_web_10fps_p50,rash,24,,EXTERNAL,ahmet-tombul,ext_ahmet-tombul,user_reported_permission,train,harici/rash/ahmet-tombul_1.mp4,processed/external_health/landmark46-v1/ext_rash_ahmet_tombul_1_web_10fps_p50.npz,approved,trainable,true,standard,approved,ok,rash,6aa9c52be34efa966ec8eddfd43feaa47888847838281642c38b48f2751b5c9a,mediapipe-tasks-web,web-10fps-p50,10.0,27,0,27,27,right,0,0.8889,0.8889,7.1625
ext_rash_ahmet_tombul_1_web_25fps_p0,rash,24,,EXTERNAL,ahmet-tombul,ext_ahmet-tombul,user_reported_permission,train,harici/rash/ahmet-tombul_1.mp4,processed/external_health/landmark46-v1/ext_rash_ahmet_tombul_1_web_25fps_p0.npz,approved,trainable,true,standard,approved,ok,rash,6aa9c52be34efa966ec8eddfd43feaa47888847838281642c38b48f2751b5c9a,mediapipe-tasks-web,web-25fps-p0,25.0,68,0,65,65,right,2,0.9118,0.9538,8.0045
ext_rash_filiz_caglar_1_legacy,rash,24,,EXTERNAL,filiz-caglar,ext_filiz-caglar,user_reported_permission,train,harici/rash/filiz-caglar_1.mp4,processed/external_health/landmark46-v1/ext_rash_filiz_caglar_1_legacy.npz,approved,trainable,true,standard,approved,ok,rash,e2843d0c5263051df1f5fbe1bbb3fb28722e3e595789b944f3c95028c656ddbb,mediapipe-holistic-legacy,legacy,29.949,123,0,123,123,left,71,0.7967,1.0,40.1935
ext_rash_filiz_caglar_1_web_10fps_p0,rash,24,,EXTERNAL,filiz-caglar,ext_filiz-caglar,user_reported_permission,train,harici/rash/filiz-caglar_1.mp4,processed/external_health/landmark46-v1/ext_rash_filiz_caglar_1_web_10fps_p0.npz,approved,trainable,true,standard,approved,ok,rash,e2843d0c5263051df1f5fbe1bbb3fb28722e3e595789b944f3c95028c656ddbb,mediapipe-tasks-web,web-10fps-p0,10.0,42,0,42,42,right,28,0.7619,1.0,15.2626
ext_rash_filiz_caglar_1_web_10fps_p50,rash,24,,EXTERNAL,filiz-caglar,ext_filiz-caglar,user_reported_permission,train,harici/rash/filiz-caglar_1.mp4,processed/external_health/landmark46-v1/ext_rash_filiz_caglar_1_web_10fps_p50.npz,approved,trainable,true,standard,approved,ok,rash,e2843d0c5263051df1f5fbe1bbb3fb28722e3e595789b944f3c95028c656ddbb,mediapipe-tasks-web,web-10fps-p50,10.0,41,0,41,41,right,17,0.6585,0.8049,11.4223
ext_rash_filiz_caglar_1_web_25fps_p0,rash,24,,EXTERNAL,filiz-caglar,ext_filiz-caglar,user_reported_permission,train,harici/rash/filiz-caglar_1.mp4,processed/external_health/landmark46-v1/ext_rash_filiz_caglar_1_web_25fps_p0.npz,approved,trainable,true,standard,approved,ok,rash,e2843d0c5263051df1f5fbe1bbb3fb28722e3e595789b944f3c95028c656ddbb,mediapipe-tasks-web,web-25fps-p0,25.0,103,0,103,103,right,76,0.7573,1.0,24.5178
ext_rash_serpil_avci_1_legacy,rash,24,,EXTERNAL,serpil-avci,ext_serpil-avci,user_reported_permission,train,harici/rash/serpil-avci_1.mp4,processed/external_health/landmark46-v1/ext_rash_serpil_avci_1_legacy.npz,approved,trainable,true,standard,approved,ok,rash,297d8317967311117ed685069bcc1a3916a280a9934e372a32ac16845e312235,mediapipe-holistic-legacy,legacy,30.0,120,0,120,120,left,21,0.9917,1.0,8.0017
ext_rash_serpil_avci_1_web_10fps_p0,rash,24,,EXTERNAL,serpil-avci,ext_serpil-avci,user_reported_permission,train,harici/rash/serpil-avci_1.mp4,processed/external_health/landmark46-v1/ext_rash_serpil_avci_1_web_10fps_p0.npz,approved,trainable,true,standard,approved,ok,rash,297d8317967311117ed685069bcc1a3916a280a9934e372a32ac16845e312235,mediapipe-tasks-web,web-10fps-p0,10.0,40,0,40,40,right,9,0.95,1.0,5.2012
ext_rash_serpil_avci_1_web_10fps_p50,rash,24,,EXTERNAL,serpil-avci,ext_serpil-avci,user_reported_permission,train,harici/rash/serpil-avci_1.mp4,processed/external_health/landmark46-v1/ext_rash_serpil_avci_1_web_10fps_p50.npz,approved,trainable,true,standard,approved,ok,rash,297d8317967311117ed685069bcc1a3916a280a9934e372a32ac16845e312235,mediapipe-tasks-web,web-10fps-p50,10.0,40,0,40,40,right,18,0.95,1.0,6.3794
ext_rash_serpil_avci_1_web_25fps_p0,rash,24,,EXTERNAL,serpil-avci,ext_serpil-avci,user_reported_permission,train,harici/rash/serpil-avci_1.mp4,processed/external_health/landmark46-v1/ext_rash_serpil_avci_1_web_25fps_p0.npz,approved,trainable,true,standard,approved,ok,rash,297d8317967311117ed685069bcc1a3916a280a9934e372a32ac16845e312235,mediapipe-tasks-web,web-25fps-p0,25.0,100,0,100,100,left,30,0.96,1.0,8.3649
ext_rash_spreadthesign_1_legacy,rash,24,,EXTERNAL,spreadthesign,ext_spreadthesign,user_reported_permission,train,harici/rash/spreadthesign_1.mp4,processed/external_health/landmark46-v1/ext_rash_spreadthesign_1_legacy.npz,approved,trainable,true,standard,approved,ok,rash,f9eddd5a1876e1d567c1d01a2c0c8e6f5bbe9b63d20f4b60bfdd580c18ed3b62,mediapipe-holistic-legacy,legacy,29.97,74,6,59,53,left,0,0.6351,0.8868,3.7413
ext_rash_spreadthesign_1_web_10fps_p0,rash,24,,EXTERNAL,spreadthesign,ext_spreadthesign,user_reported_permission,train,harici/rash/spreadthesign_1.mp4,processed/external_health/landmark46-v1/ext_rash_spreadthesign_1_web_10fps_p0.npz,approved,trainable,true,standard,approved,ok,rash,f9eddd5a1876e1d567c1d01a2c0c8e6f5bbe9b63d20f4b60bfdd580c18ed3b62,mediapipe-tasks-web,web-10fps-p0,10.0,25,0,22,22,left,0,0.64,0.7273,3.0905
ext_rash_spreadthesign_1_web_10fps_p50,rash,24,,EXTERNAL,spreadthesign,ext_spreadthesign,user_reported_permission,train,harici/rash/spreadthesign_1.mp4,processed/external_health/landmark46-v1/ext_rash_spreadthesign_1_web_10fps_p50.npz,approved,trainable,true,standard,approved,ok,rash,f9eddd5a1876e1d567c1d01a2c0c8e6f5bbe9b63d20f4b60bfdd580c18ed3b62,mediapipe-tasks-web,web-10fps-p50,10.0,25,0,22,22,left,0,0.64,0.7273,3.1505
ext_rash_spreadthesign_1_web_25fps_p0,rash,24,,EXTERNAL,spreadthesign,ext_spreadthesign,user_reported_permission,train,harici/rash/spreadthesign_1.mp4,processed/external_health/landmark46-v1/ext_rash_spreadthesign_1_web_25fps_p0.npz,approved,trainable,true,standard,approved,ok,rash,f9eddd5a1876e1d567c1d01a2c0c8e6f5bbe9b63d20f4b60bfdd580c18ed3b62,mediapipe-tasks-web,web-25fps-p0,25.0,62,5,50,45,left,1,0.629,0.8667,3.37
ext_rash_tidsozluk_1_legacy,rash,24,,EXTERNAL,tidsozluk,ext_tidsozluk,user_reported_permission,train,harici/rash/tidsozluk_1.mp4,processed/external_health/landmark46-v1/ext_rash_tidsozluk_1_legacy.npz,approved,trainable,true,standard,approved,ok,rash,b5eb50188b7505f57cbff90521c09802854113ba24c8ed4a08faef6f7ff653f7,mediapipe-holistic-legacy,legacy,25.0,63,3,55,52,right,1,0.7302,0.8846,4.8476
ext_rash_tidsozluk_1_web_10fps_p0,rash,24,,EXTERNAL,tidsozluk,ext_tidsozluk,user_reported_permission,train,harici/rash/tidsozluk_1.mp4,processed/external_health/landmark46-v1/ext_rash_tidsozluk_1_web_10fps_p0.npz,approved,trainable,true,standard,approved,ok,rash,b5eb50188b7505f57cbff90521c09802854113ba24c8ed4a08faef6f7ff653f7,mediapipe-tasks-web,web-10fps-p0,10.0,26,0,24,24,left,0,0.6923,0.75,2.6906
ext_rash_tidsozluk_1_web_10fps_p50,rash,24,,EXTERNAL,tidsozluk,ext_tidsozluk,user_reported_permission,train,harici/rash/tidsozluk_1.mp4,processed/external_health/landmark46-v1/ext_rash_tidsozluk_1_web_10fps_p50.npz,approved,trainable,true,standard,approved,ok,rash,b5eb50188b7505f57cbff90521c09802854113ba24c8ed4a08faef6f7ff653f7,mediapipe-tasks-web,web-10fps-p50,10.0,25,0,23,23,right,0,0.72,0.7826,3.5725
ext_rash_tidsozluk_1_web_25fps_p0,rash,24,,EXTERNAL,tidsozluk,ext_tidsozluk,user_reported_permission,train,harici/rash/tidsozluk_1.mp4,processed/external_health/landmark46-v1/ext_rash_tidsozluk_1_web_25fps_p0.npz,approved,trainable,true,standard,approved,ok,rash,b5eb50188b7505f57cbff90521c09802854113ba24c8ed4a08faef6f7ff653f7,mediapipe-tasks-web,web-25fps-p0,25.0,63,3,54,51,right,4,0.7143,0.8824,4.0504
ext_rash_tidsozluk_2_legacy,rash,24,,EXTERNAL,tidsozluk,ext_tidsozluk,user_reported_permission,train,harici/rash/tidsozluk_2.mp4,processed/external_health/landmark46-v1/ext_rash_tidsozluk_2_legacy.npz,approved,trainable,true,standard,approved,ok,rash,5b501abd85cb84c3203241b525854565ec03b0d8b83f3dc663433d1ded79a162,mediapipe-holistic-legacy,legacy,25.0,47,7,42,35,right,2,0.5745,0.8286,5.5082
ext_rash_tidsozluk_2_web_10fps_p0,rash,24,,EXTERNAL,tidsozluk,ext_tidsozluk,user_reported_permission,train,harici/rash/tidsozluk_2.mp4,processed/external_health/landmark46-v1/ext_rash_tidsozluk_2_web_10fps_p0.npz,approved,trainable,true,standard,approved,ok,rash,5b501abd85cb84c3203241b525854565ec03b0d8b83f3dc663433d1ded79a162,mediapipe-tasks-web,web-10fps-p0,10.0,19,1,19,18,right,0,0.6316,0.6667,5.0431
ext_rash_tidsozluk_2_web_10fps_p50,rash,24,,EXTERNAL,tidsozluk,ext_tidsozluk,user_reported_permission,train,harici/rash/tidsozluk_2.mp4,processed/external_health/landmark46-v1/ext_rash_tidsozluk_2_web_10fps_p50.npz,approved,trainable,true,standard,approved,ok,rash,5b501abd85cb84c3203241b525854565ec03b0d8b83f3dc663433d1ded79a162,mediapipe-tasks-web,web-10fps-p50,10.0,19,1,18,17,right,0,0.5789,0.6471,4.1942
ext_rash_tidsozluk_2_web_25fps_p0,rash,24,,EXTERNAL,tidsozluk,ext_tidsozluk,user_reported_permission,train,harici/rash/tidsozluk_2.mp4,processed/external_health/landmark46-v1/ext_rash_tidsozluk_2_web_25fps_p0.npz,approved,trainable,true,standard,approved,ok,rash,5b501abd85cb84c3203241b525854565ec03b0d8b83f3dc663433d1ded79a162,mediapipe-tasks-web,web-25fps-p0,25.0,47,7,42,35,right,1,0.5957,0.8286,5.8492
ext_rash_tidsozluk_3_legacy,rash,24,,EXTERNAL,tidsozluk,ext_tidsozluk,user_reported_permission,train,harici/rash/tidsozluk_3.mp4,processed/external_health/landmark46-v1/ext_rash_tidsozluk_3_legacy.npz,approved,trainable,true,standard,needs_review,ok,rash,52395d9cc5de4191b8e6570dd99aa7eae24056ac835b7d2ae71f5ff99c382473,mediapipe-holistic-legacy,legacy,25.0,44,12,37,25,right,0,0.4318,0.76,2.43
ext_rash_tidsozluk_3_web_10fps_p0,rash,24,,EXTERNAL,tidsozluk,ext_tidsozluk,user_reported_permission,train,harici/rash/tidsozluk_3.mp4,processed/external_health/landmark46-v1/ext_rash_tidsozluk_3_web_10fps_p0.npz,approved,trainable,true,standard,needs_review,ok,rash,52395d9cc5de4191b8e6570dd99aa7eae24056ac835b7d2ae71f5ff99c382473,mediapipe-tasks-web,web-10fps-p0,10.0,18,3,17,14,right,1,0.3889,0.5714,2.3495
ext_rash_tidsozluk_3_web_10fps_p50,rash,24,,EXTERNAL,tidsozluk,ext_tidsozluk,user_reported_permission,train,harici/rash/tidsozluk_3.mp4,processed/external_health/landmark46-v1/ext_rash_tidsozluk_3_web_10fps_p50.npz,approved,trainable,true,standard,needs_review,ok,rash,52395d9cc5de4191b8e6570dd99aa7eae24056ac835b7d2ae71f5ff99c382473,mediapipe-tasks-web,web-10fps-p50,10.0,18,3,16,13,right,0,0.3889,0.5385,1.274
ext_rash_tidsozluk_3_web_25fps_p0,rash,24,,EXTERNAL,tidsozluk,ext_tidsozluk,user_reported_permission,train,harici/rash/tidsozluk_3.mp4,processed/external_health/landmark46-v1/ext_rash_tidsozluk_3_web_25fps_p0.npz,approved,trainable,true,standard,needs_review,ok,rash,52395d9cc5de4191b8e6570dd99aa7eae24056ac835b7d2ae71f5ff99c382473,mediapipe-tasks-web,web-25fps-p0,25.0,44,12,36,24,right,0,0.4091,0.75,1.9965
ext_shortness_of_breath_emrah_uresin_1_legacy,shortness-of-breath,33,,EXTERNAL,emrah-uresin,ext_emrah-uresin,user_reported_permission,train,harici/shortness-of-breath/emrah-uresin_1.mp4,processed/external_health/landmark46-v1/ext_shortness_of_breath_emrah_uresin_1_legacy.npz,approved,trainable,true,standard,approved,ok,shortness-of-breath,d9665def7fda9bb4cf5dd80d9a60420cc573dc2616f96d58df3c8d672a1c5e5a,mediapipe-holistic-legacy,legacy,29.97,83,12,72,60,right,0,0.6506,0.9,3.2275
ext_shortness_of_breath_emrah_uresin_1_web_10fps_p0,shortness-of-breath,33,,EXTERNAL,emrah-uresin,ext_emrah-uresin,user_reported_permission,train,harici/shortness-of-breath/emrah-uresin_1.mp4,processed/external_health/landmark46-v1/ext_shortness_of_breath_emrah_uresin_1_web_10fps_p0.npz,approved,trainable,true,standard,approved,ok,shortness-of-breath,d9665def7fda9bb4cf5dd80d9a60420cc573dc2616f96d58df3c8d672a1c5e5a,mediapipe-tasks-web,web-10fps-p0,10.0,28,2,26,24,right,0,0.6429,0.75,2.4594
ext_shortness_of_breath_emrah_uresin_1_web_10fps_p50,shortness-of-breath,33,,EXTERNAL,emrah-uresin,ext_emrah-uresin,user_reported_permission,train,harici/shortness-of-breath/emrah-uresin_1.mp4,processed/external_health/landmark46-v1/ext_shortness_of_breath_emrah_uresin_1_web_10fps_p50.npz,approved,trainable,true,standard,approved,ok,shortness-of-breath,d9665def7fda9bb4cf5dd80d9a60420cc573dc2616f96d58df3c8d672a1c5e5a,mediapipe-tasks-web,web-10fps-p50,10.0,28,2,26,24,right,0,0.6429,0.75,2.3735
ext_shortness_of_breath_emrah_uresin_1_web_25fps_p0,shortness-of-breath,33,,EXTERNAL,emrah-uresin,ext_emrah-uresin,user_reported_permission,train,harici/shortness-of-breath/emrah-uresin_1.mp4,processed/external_health/landmark46-v1/ext_shortness_of_breath_emrah_uresin_1_web_25fps_p0.npz,approved,trainable,true,standard,approved,ok,shortness-of-breath,d9665def7fda9bb4cf5dd80d9a60420cc573dc2616f96d58df3c8d672a1c5e5a,mediapipe-tasks-web,web-25fps-p0,25.0,70,10,61,51,right,1,0.6286,0.8824,3.0104
ext_shortness_of_breath_emrah_uresin_2_legacy,shortness-of-breath,33,,EXTERNAL,emrah-uresin,ext_emrah-uresin,user_reported_permission,train,harici/shortness-of-breath/emrah-uresin_2.mp4,processed/external_health/landmark46-v1/ext_shortness_of_breath_emrah_uresin_2_legacy.npz,approved,trainable,true,standard,approved,ok,shortness-of-breath,3fcdac96843976fca926546496f5753dc61616d8faaa630101813e63a7d8da6a,mediapipe-holistic-legacy,legacy,29.97,87,13,76,63,right,1,0.6437,0.9048,2.3634
ext_shortness_of_breath_emrah_uresin_2_web_10fps_p0,shortness-of-breath,33,,EXTERNAL,emrah-uresin,ext_emrah-uresin,user_reported_permission,train,harici/shortness-of-breath/emrah-uresin_2.mp4,processed/external_health/landmark46-v1/ext_shortness_of_breath_emrah_uresin_2_web_10fps_p0.npz,approved,trainable,true,standard,approved,ok,shortness-of-breath,3fcdac96843976fca926546496f5753dc61616d8faaa630101813e63a7d8da6a,mediapipe-tasks-web,web-10fps-p0,10.0,30,3,28,25,right,0,0.6333,0.76,1.8613
ext_shortness_of_breath_emrah_uresin_2_web_10fps_p50,shortness-of-breath,33,,EXTERNAL,emrah-uresin,ext_emrah-uresin,user_reported_permission,train,harici/shortness-of-breath/emrah-uresin_2.mp4,processed/external_health/landmark46-v1/ext_shortness_of_breath_emrah_uresin_2_web_10fps_p50.npz,approved,trainable,true,standard,approved,ok,shortness-of-breath,3fcdac96843976fca926546496f5753dc61616d8faaa630101813e63a7d8da6a,mediapipe-tasks-web,web-10fps-p50,10.0,29,2,28,26,right,0,0.6897,0.7692,2.6867
ext_shortness_of_breath_emrah_uresin_2_web_25fps_p0,shortness-of-breath,33,,EXTERNAL,emrah-uresin,ext_emrah-uresin,user_reported_permission,train,harici/shortness-of-breath/emrah-uresin_2.mp4,processed/external_health/landmark46-v1/ext_shortness_of_breath_emrah_uresin_2_web_25fps_p0.npz,approved,trainable,true,standard,approved,ok,shortness-of-breath,3fcdac96843976fca926546496f5753dc61616d8faaa630101813e63a7d8da6a,mediapipe-tasks-web,web-25fps-p0,25.0,73,10,64,54,right,1,0.6438,0.8889,2.4517
ext_shortness_of_breath_ezgi_tutkun_1_legacy,shortness-of-breath,33,,EXTERNAL,ezgi-tutkun,ext_ezgi-tutkun,user_reported_permission,train,harici/shortness-of-breath/ezgi-tutkun_1.mp4,processed/external_health/landmark46-v1/ext_shortness_of_breath_ezgi_tutkun_1_legacy.npz,approved,trainable,true,standard,approved,ok,shortness-of-breath,143476647154bc82f92c550badc3a0d2569a704737b08b95ec5b86e5e4aaca69,mediapipe-holistic-legacy,legacy,29.97,99,0,99,99,right,0,1.0,1.0,2.6885
ext_shortness_of_breath_ezgi_tutkun_1_web_10fps_p0,shortness-of-breath,33,,EXTERNAL,ezgi-tutkun,ext_ezgi-tutkun,user_reported_permission,train,harici/shortness-of-breath/ezgi-tutkun_1.mp4,processed/external_health/landmark46-v1/ext_shortness_of_breath_ezgi_tutkun_1_web_10fps_p0.npz,approved,trainable,true,standard,approved,ok,shortness-of-breath,143476647154bc82f92c550badc3a0d2569a704737b08b95ec5b86e5e4aaca69,mediapipe-tasks-web,web-10fps-p0,10.0,34,0,34,34,right,0,1.0,1.0,2.4513
ext_shortness_of_breath_ezgi_tutkun_1_web_10fps_p50,shortness-of-breath,33,,EXTERNAL,ezgi-tutkun,ext_ezgi-tutkun,user_reported_permission,train,harici/shortness-of-breath/ezgi-tutkun_1.mp4,processed/external_health/landmark46-v1/ext_shortness_of_breath_ezgi_tutkun_1_web_10fps_p50.npz,approved,trainable,true,standard,approved,ok,shortness-of-breath,143476647154bc82f92c550badc3a0d2569a704737b08b95ec5b86e5e4aaca69,mediapipe-tasks-web,web-10fps-p50,10.0,33,0,33,33,right,4,1.0,1.0,2.8083
ext_shortness_of_breath_ezgi_tutkun_1_web_25fps_p0,shortness-of-breath,33,,EXTERNAL,ezgi-tutkun,ext_ezgi-tutkun,user_reported_permission,train,harici/shortness-of-breath/ezgi-tutkun_1.mp4,processed/external_health/landmark46-v1/ext_shortness_of_breath_ezgi_tutkun_1_web_25fps_p0.npz,approved,trainable,true,standard,approved,ok,shortness-of-breath,143476647154bc82f92c550badc3a0d2569a704737b08b95ec5b86e5e4aaca69,mediapipe-tasks-web,web-25fps-p0,25.0,83,0,83,83,right,6,1.0,1.0,2.9405
ext_shortness_of_breath_ezgi_tutkun_2_legacy,shortness-of-breath,33,,EXTERNAL,ezgi-tutkun,ext_ezgi-tutkun,user_reported_permission,train,harici/shortness-of-breath/ezgi-tutkun_2.mp4,processed/external_health/landmark46-v1/ext_shortness_of_breath_ezgi_tutkun_2_legacy.npz,approved,trainable,true,standard,approved,ok,shortness-of-breath,f3b5d44ec5d35cd8e64f136b47fe3f0c1723df49a7e4d83600451ec35a9308e1,mediapipe-holistic-legacy,legacy,29.97,96,0,96,96,right,0,1.0,1.0,2.2192
ext_shortness_of_breath_ezgi_tutkun_2_web_10fps_p0,shortness-of-breath,33,,EXTERNAL,ezgi-tutkun,ext_ezgi-tutkun,user_reported_permission,train,harici/shortness-of-breath/ezgi-tutkun_2.mp4,processed/external_health/landmark46-v1/ext_shortness_of_breath_ezgi_tutkun_2_web_10fps_p0.npz,approved,trainable,true,standard,approved,ok,shortness-of-breath,f3b5d44ec5d35cd8e64f136b47fe3f0c1723df49a7e4d83600451ec35a9308e1,mediapipe-tasks-web,web-10fps-p0,10.0,33,0,33,33,right,0,1.0,1.0,2.0253
ext_shortness_of_breath_ezgi_tutkun_2_web_10fps_p50,shortness-of-breath,33,,EXTERNAL,ezgi-tutkun,ext_ezgi-tutkun,user_reported_permission,train,harici/shortness-of-breath/ezgi-tutkun_2.mp4,processed/external_health/landmark46-v1/ext_shortness_of_breath_ezgi_tutkun_2_web_10fps_p50.npz,approved,trainable,true,standard,approved,ok,shortness-of-breath,f3b5d44ec5d35cd8e64f136b47fe3f0c1723df49a7e4d83600451ec35a9308e1,mediapipe-tasks-web,web-10fps-p50,10.0,32,0,32,32,right,0,1.0,1.0,1.7972
ext_shortness_of_breath_ezgi_tutkun_2_web_25fps_p0,shortness-of-breath,33,,EXTERNAL,ezgi-tutkun,ext_ezgi-tutkun,user_reported_permission,train,harici/shortness-of-breath/ezgi-tutkun_2.mp4,processed/external_health/landmark46-v1/ext_shortness_of_breath_ezgi_tutkun_2_web_25fps_p0.npz,approved,trainable,true,standard,approved,ok,shortness-of-breath,f3b5d44ec5d35cd8e64f136b47fe3f0c1723df49a7e4d83600451ec35a9308e1,mediapipe-tasks-web,web-25fps-p0,25.0,81,0,81,81,right,0,1.0,1.0,2.1739
ext_shortness_of_breath_spreadthesign_1_legacy,shortness-of-breath,33,,EXTERNAL,spreadthesign,ext_spreadthesign,user_reported_permission,train,harici/shortness-of-breath/spreadthesign_1.mp4,processed/external_health/landmark46-v1/ext_shortness_of_breath_spreadthesign_1_legacy.npz,approved,trainable,true,standard,needs_review,ok,shortness-of-breath,dd06488b79613fa91d787e8458e8ad75b2d5c1d73418408a877cb057f23dc6c8,mediapipe-holistic-legacy,legacy,29.97,118,14,74,60,right,0,0.4576,0.9,1.4719
ext_shortness_of_breath_spreadthesign_1_web_10fps_p0,shortness-of-breath,33,,EXTERNAL,spreadthesign,ext_spreadthesign,user_reported_permission,train,harici/shortness-of-breath/spreadthesign_1.mp4,processed/external_health/landmark46-v1/ext_shortness_of_breath_spreadthesign_1_web_10fps_p0.npz,approved,trainable,true,standard,needs_review,ok,shortness-of-breath,dd06488b79613fa91d787e8458e8ad75b2d5c1d73418408a877cb057f23dc6c8,mediapipe-tasks-web,web-10fps-p0,10.0,40,2,27,25,right,0,0.475,0.76,1.7726
ext_shortness_of_breath_spreadthesign_1_web_10fps_p50,shortness-of-breath,33,,EXTERNAL,spreadthesign,ext_spreadthesign,user_reported_permission,train,harici/shortness-of-breath/spreadthesign_1.mp4,processed/external_health/landmark46-v1/ext_shortness_of_breath_spreadthesign_1_web_10fps_p50.npz,approved,trainable,true,standard,needs_review,ok,shortness-of-breath,dd06488b79613fa91d787e8458e8ad75b2d5c1d73418408a877cb057f23dc6c8,mediapipe-tasks-web,web-10fps-p50,10.0,39,2,27,25,right,0,0.4872,0.76,1.7798
ext_shortness_of_breath_spreadthesign_1_web_25fps_p0,shortness-of-breath,33,,EXTERNAL,spreadthesign,ext_spreadthesign,user_reported_permission,train,harici/shortness-of-breath/spreadthesign_1.mp4,processed/external_health/landmark46-v1/ext_shortness_of_breath_spreadthesign_1_web_25fps_p0.npz,approved,trainable,true,standard,needs_review,ok,shortness-of-breath,dd06488b79613fa91d787e8458e8ad75b2d5c1d73418408a877cb057f23dc6c8,mediapipe-tasks-web,web-25fps-p0,25.0,99,9,62,53,right,0,0.4747,0.8868,2.1136
ext_shortness_of_breath_spreadthesign_2_legacy,shortness-of-breath,33,,EXTERNAL,spreadthesign,ext_spreadthesign,user_reported_permission,train,harici/shortness-of-breath/spreadthesign_2.mp4,processed/external_health/landmark46-v1/ext_shortness_of_breath_spreadthesign_2_legacy.npz,approved,trainable,true,standard,approved,ok,shortness-of-breath,78475364338d6efe10469c68998846fc6ce2b2917f80f9f55ff3b13da9a6dbd5,mediapipe-holistic-legacy,legacy,29.97,67,9,59,50,right,5,0.5821,0.88,5.3452
ext_shortness_of_breath_spreadthesign_2_web_10fps_p0,shortness-of-breath,33,,EXTERNAL,spreadthesign,ext_spreadthesign,user_reported_permission,train,harici/shortness-of-breath/spreadthesign_2.mp4,processed/external_health/landmark46-v1/ext_shortness_of_breath_spreadthesign_2_web_10fps_p0.npz,approved,trainable,true,standard,needs_review,ok,shortness-of-breath,78475364338d6efe10469c68998846fc6ce2b2917f80f9f55ff3b13da9a6dbd5,mediapipe-tasks-web,web-10fps-p0,10.0,23,1,22,21,right,4,0.4783,0.7143,5.0394
ext_shortness_of_breath_spreadthesign_2_web_10fps_p50,shortness-of-breath,33,,EXTERNAL,spreadthesign,ext_spreadthesign,user_reported_permission,train,harici/shortness-of-breath/spreadthesign_2.mp4,processed/external_health/landmark46-v1/ext_shortness_of_breath_spreadthesign_2_web_10fps_p50.npz,approved,trainable,true,standard,approved,ok,shortness-of-breath,78475364338d6efe10469c68998846fc6ce2b2917f80f9f55ff3b13da9a6dbd5,mediapipe-tasks-web,web-10fps-p50,10.0,22,1,22,21,right,4,0.5,0.7143,5.0224
ext_shortness_of_breath_spreadthesign_2_web_25fps_p0,shortness-of-breath,33,,EXTERNAL,spreadthesign,ext_spreadthesign,user_reported_permission,train,harici/shortness-of-breath/spreadthesign_2.mp4,processed/external_health/landmark46-v1/ext_shortness_of_breath_spreadthesign_2_web_25fps_p0.npz,approved,trainable,true,standard,approved,ok,shortness-of-breath,78475364338d6efe10469c68998846fc6ce2b2917f80f9f55ff3b13da9a6dbd5,mediapipe-tasks-web,web-25fps-p0,25.0,56,7,50,43,right,1,0.5179,0.6977,4.1209
ext_shortness_of_breath_spreadthesign_3_legacy,shortness-of-breath,33,,EXTERNAL,spreadthesign,ext_spreadthesign,user_reported_permission,train,harici/shortness-of-breath/spreadthesign_3.mp4,processed/external_health/landmark46-v1/ext_shortness_of_breath_spreadthesign_3_legacy.npz,approved,trainable,true,standard,approved,ok,shortness-of-breath,fffb88612e404822d454d0cfeb93f0c92fc605bcfc89c96771ca870b5134ade4,mediapipe-holistic-legacy,legacy,29.97,52,4,49,45,left,1,0.7308,0.8667,3.5052
ext_shortness_of_breath_spreadthesign_3_web_10fps_p0,shortness-of-breath,33,,EXTERNAL,spreadthesign,ext_spreadthesign,user_reported_permission,train,harici/shortness-of-breath/spreadthesign_3.mp4,processed/external_health/landmark46-v1/ext_shortness_of_breath_spreadthesign_3_web_10fps_p0.npz,approved,trainable,true,standard,approved,ok,shortness-of-breath,fffb88612e404822d454d0cfeb93f0c92fc605bcfc89c96771ca870b5134ade4,mediapipe-tasks-web,web-10fps-p0,10.0,18,0,18,18,left,0,0.7222,0.7222,2.8313
ext_shortness_of_breath_spreadthesign_3_web_10fps_p50,shortness-of-breath,33,,EXTERNAL,spreadthesign,ext_spreadthesign,user_reported_permission,train,harici/shortness-of-breath/spreadthesign_3.mp4,processed/external_health/landmark46-v1/ext_shortness_of_breath_spreadthesign_3_web_10fps_p50.npz,approved,trainable,true,standard,approved,ok,shortness-of-breath,fffb88612e404822d454d0cfeb93f0c92fc605bcfc89c96771ca870b5134ade4,mediapipe-tasks-web,web-10fps-p50,10.0,17,0,17,17,left,0,0.6471,0.6471,0.9841
ext_shortness_of_breath_spreadthesign_3_web_25fps_p0,shortness-of-breath,33,,EXTERNAL,spreadthesign,ext_spreadthesign,user_reported_permission,train,harici/shortness-of-breath/spreadthesign_3.mp4,processed/external_health/landmark46-v1/ext_shortness_of_breath_spreadthesign_3_web_25fps_p0.npz,approved,trainable,true,standard,approved,ok,shortness-of-breath,fffb88612e404822d454d0cfeb93f0c92fc605bcfc89c96771ca870b5134ade4,mediapipe-tasks-web,web-25fps-p0,25.0,44,4,41,37,left,1,0.6818,0.8378,2.8472
ext_stomachache_ezgi_tutkun_1_legacy,stomachache,31,,EXTERNAL,ezgi-tutkun,ext_ezgi-tutkun,user_reported_permission,train,harici/stomachache/ezgi-tutkun_1.mp4,processed/external_health/landmark46-v1/ext_stomachache_ezgi_tutkun_1_legacy.npz,approved,trainable,true,standard,approved,ok,stomachache,dde351b0f95e810883f71beab680a044e23a6d8d01cbf5c0abcbc3a5fd6d9803,mediapipe-holistic-legacy,legacy,29.97,120,0,120,120,right,0,1.0,1.0,7.4762
ext_stomachache_ezgi_tutkun_1_web_10fps_p0,stomachache,31,,EXTERNAL,ezgi-tutkun,ext_ezgi-tutkun,user_reported_permission,train,harici/stomachache/ezgi-tutkun_1.mp4,processed/external_health/landmark46-v1/ext_stomachache_ezgi_tutkun_1_web_10fps_p0.npz,approved,trainable,true,standard,approved,ok,stomachache,dde351b0f95e810883f71beab680a044e23a6d8d01cbf5c0abcbc3a5fd6d9803,mediapipe-tasks-web,web-10fps-p0,10.0,41,0,41,41,right,0,1.0,1.0,7.0397
ext_stomachache_ezgi_tutkun_1_web_10fps_p50,stomachache,31,,EXTERNAL,ezgi-tutkun,ext_ezgi-tutkun,user_reported_permission,train,harici/stomachache/ezgi-tutkun_1.mp4,processed/external_health/landmark46-v1/ext_stomachache_ezgi_tutkun_1_web_10fps_p50.npz,approved,trainable,true,standard,approved,ok,stomachache,dde351b0f95e810883f71beab680a044e23a6d8d01cbf5c0abcbc3a5fd6d9803,mediapipe-tasks-web,web-10fps-p50,10.0,40,0,40,40,right,0,1.0,1.0,6.8163
ext_stomachache_ezgi_tutkun_1_web_25fps_p0,stomachache,31,,EXTERNAL,ezgi-tutkun,ext_ezgi-tutkun,user_reported_permission,train,harici/stomachache/ezgi-tutkun_1.mp4,processed/external_health/landmark46-v1/ext_stomachache_ezgi_tutkun_1_web_25fps_p0.npz,approved,trainable,true,standard,approved,ok,stomachache,dde351b0f95e810883f71beab680a044e23a6d8d01cbf5c0abcbc3a5fd6d9803,mediapipe-tasks-web,web-25fps-p0,25.0,101,0,101,101,right,0,1.0,1.0,7.4116
ext_stomachache_spreadthesign_1_legacy,stomachache,31,,EXTERNAL,spreadthesign,ext_spreadthesign,user_reported_permission,train,harici/stomachache/spreadthesign_1.mp4,processed/external_health/landmark46-v1/ext_stomachache_spreadthesign_1_legacy.npz,approved,trainable,true,standard,approved,ok,stomachache,3b5ef35a1aaef659ec58bef80cfbc5e1564d6f3ade160eed72c73971f2bd442b,mediapipe-holistic-legacy,legacy,29.97,68,8,61,53,left,3,0.6471,0.8868,5.863
ext_stomachache_spreadthesign_1_web_10fps_p0,stomachache,31,,EXTERNAL,spreadthesign,ext_spreadthesign,user_reported_permission,train,harici/stomachache/spreadthesign_1.mp4,processed/external_health/landmark46-v1/ext_stomachache_spreadthesign_1_web_10fps_p0.npz,approved,trainable,true,standard,approved,ok,stomachache,3b5ef35a1aaef659ec58bef80cfbc5e1564d6f3ade160eed72c73971f2bd442b,mediapipe-tasks-web,web-10fps-p0,10.0,23,2,23,21,left,1,0.6087,0.7143,4.6687
ext_stomachache_spreadthesign_1_web_10fps_p50,stomachache,31,,EXTERNAL,spreadthesign,ext_spreadthesign,user_reported_permission,train,harici/stomachache/spreadthesign_1.mp4,processed/external_health/landmark46-v1/ext_stomachache_spreadthesign_1_web_10fps_p50.npz,approved,trainable,true,standard,approved,ok,stomachache,3b5ef35a1aaef659ec58bef80cfbc5e1564d6f3ade160eed72c73971f2bd442b,mediapipe-tasks-web,web-10fps-p50,10.0,23,1,22,21,left,0,0.6522,0.7143,4.5742
ext_stomachache_spreadthesign_1_web_25fps_p0,stomachache,31,,EXTERNAL,spreadthesign,ext_spreadthesign,user_reported_permission,train,harici/stomachache/spreadthesign_1.mp4,processed/external_health/landmark46-v1/ext_stomachache_spreadthesign_1_web_25fps_p0.npz,approved,trainable,true,standard,approved,ok,stomachache,3b5ef35a1aaef659ec58bef80cfbc5e1564d6f3ade160eed72c73971f2bd442b,mediapipe-tasks-web,web-25fps-p0,25.0,57,8,51,43,left,2,0.614,0.8605,5.5047
ext_vomiting_ahmet_tombul_1_legacy,vomiting,28,,EXTERNAL,ahmet-tombul,ext_ahmet-tombul,user_reported_permission,train,harici/vomiting/ahmet-tombul_1.mp4,processed/external_health/landmark46-v1/ext_vomiting_ahmet_tombul_1_legacy.npz,approved,trainable,true,standard,approved,ok,vomiting,607adadd412a773188e44a5a361aa5276666308b80015b31fa6e2b9183ac65ac,mediapipe-holistic-legacy,legacy,30.0,72,11,65,54,right,0,0.6667,0.8889,4.4246
ext_vomiting_ahmet_tombul_1_web_10fps_p0,vomiting,28,,EXTERNAL,ahmet-tombul,ext_ahmet-tombul,user_reported_permission,train,harici/vomiting/ahmet-tombul_1.mp4,processed/external_health/landmark46-v1/ext_vomiting_ahmet_tombul_1_web_10fps_p0.npz,approved,trainable,true,standard,approved,ok,vomiting,607adadd412a773188e44a5a361aa5276666308b80015b31fa6e2b9183ac65ac,mediapipe-tasks-web,web-10fps-p0,10.0,24,2,24,22,right,0,0.6667,0.7273,4.5096
ext_vomiting_ahmet_tombul_1_web_10fps_p50,vomiting,28,,EXTERNAL,ahmet-tombul,ext_ahmet-tombul,user_reported_permission,train,harici/vomiting/ahmet-tombul_1.mp4,processed/external_health/landmark46-v1/ext_vomiting_ahmet_tombul_1_web_10fps_p50.npz,approved,trainable,true,standard,approved,ok,vomiting,607adadd412a773188e44a5a361aa5276666308b80015b31fa6e2b9183ac65ac,mediapipe-tasks-web,web-10fps-p50,10.0,24,2,23,21,right,0,0.625,0.7143,3.7108
ext_vomiting_ahmet_tombul_1_web_25fps_p0,vomiting,28,,EXTERNAL,ahmet-tombul,ext_ahmet-tombul,user_reported_permission,train,harici/vomiting/ahmet-tombul_1.mp4,processed/external_health/landmark46-v1/ext_vomiting_ahmet_tombul_1_web_25fps_p0.npz,approved,trainable,true,standard,approved,ok,vomiting,607adadd412a773188e44a5a361aa5276666308b80015b31fa6e2b9183ac65ac,mediapipe-tasks-web,web-25fps-p0,25.0,60,9,55,46,right,0,0.6667,0.8696,4.8064
ext_vomiting_filiz_caglar_1_legacy,vomiting,28,,EXTERNAL,filiz-caglar,ext_filiz-caglar,user_reported_permission,train,harici/vomiting/filiz-caglar_1.mp4,processed/external_health/landmark46-v1/ext_vomiting_filiz_caglar_1_legacy.npz,approved,trainable,true,standard,approved,ok,vomiting,e63c949d3801d9711f40cd27d8298e23200085d61d341f160dfc01755b578a0c,mediapipe-holistic-legacy,legacy,29.949,114,0,114,114,right,10,0.9737,1.0,7.7095
ext_vomiting_filiz_caglar_1_web_10fps_p0,vomiting,28,,EXTERNAL,filiz-caglar,ext_filiz-caglar,user_reported_permission,train,harici/vomiting/filiz-caglar_1.mp4,processed/external_health/landmark46-v1/ext_vomiting_filiz_caglar_1_web_10fps_p0.npz,approved,trainable,true,standard,approved,ok,vomiting,e63c949d3801d9711f40cd27d8298e23200085d61d341f160dfc01755b578a0c,mediapipe-tasks-web,web-10fps-p0,10.0,39,0,39,39,right,5,1.0,1.0,7.0361
ext_vomiting_filiz_caglar_1_web_10fps_p50,vomiting,28,,EXTERNAL,filiz-caglar,ext_filiz-caglar,user_reported_permission,train,harici/vomiting/filiz-caglar_1.mp4,processed/external_health/landmark46-v1/ext_vomiting_filiz_caglar_1_web_10fps_p50.npz,approved,trainable,true,standard,approved,ok,vomiting,e63c949d3801d9711f40cd27d8298e23200085d61d341f160dfc01755b578a0c,mediapipe-tasks-web,web-10fps-p50,10.0,38,0,38,38,right,2,1.0,1.0,6.9831
ext_vomiting_filiz_caglar_1_web_25fps_p0,vomiting,28,,EXTERNAL,filiz-caglar,ext_filiz-caglar,user_reported_permission,train,harici/vomiting/filiz-caglar_1.mp4,processed/external_health/landmark46-v1/ext_vomiting_filiz_caglar_1_web_25fps_p0.npz,approved,trainable,true,standard,approved,ok,vomiting,e63c949d3801d9711f40cd27d8298e23200085d61d341f160dfc01755b578a0c,mediapipe-tasks-web,web-25fps-p0,25.0,96,0,96,96,right,16,0.9896,1.0,8.6269
ext_vomiting_spreadthesign_1_legacy,vomiting,28,,EXTERNAL,spreadthesign,ext_spreadthesign,user_reported_permission,train,harici/vomiting/spreadthesign_1.mp4,processed/external_health/landmark46-v1/ext_vomiting_spreadthesign_1_legacy.npz,approved,trainable,true,standard,needs_review,ok,vomiting,62e01a0e2bd4bf16e2e989df5bee4ad9ff807b957c4968c737a118530ea3e1ed,mediapipe-holistic-legacy,legacy,25.0,136,43,79,36,right,1,0.2132,0.8333,4.3767
ext_vomiting_spreadthesign_1_web_10fps_p0,vomiting,28,,EXTERNAL,spreadthesign,ext_spreadthesign,user_reported_permission,train,harici/vomiting/spreadthesign_1.mp4,processed/external_health/landmark46-v1/ext_vomiting_spreadthesign_1_web_10fps_p0.npz,approved,trainable,true,standard,needs_review,ok,vomiting,62e01a0e2bd4bf16e2e989df5bee4ad9ff807b957c4968c737a118530ea3e1ed,mediapipe-tasks-web,web-10fps-p0,10.0,55,16,34,18,right,0,0.2182,0.6667,3.7587
ext_vomiting_spreadthesign_1_web_10fps_p50,vomiting,28,,EXTERNAL,spreadthesign,ext_spreadthesign,user_reported_permission,train,harici/vomiting/spreadthesign_1.mp4,processed/external_health/landmark46-v1/ext_vomiting_spreadthesign_1_web_10fps_p50.npz,approved,trainable,true,standard,needs_review,ok,vomiting,62e01a0e2bd4bf16e2e989df5bee4ad9ff807b957c4968c737a118530ea3e1ed,mediapipe-tasks-web,web-10fps-p50,10.0,54,16,32,16,right,0,0.1852,0.625,2.8514
ext_vomiting_spreadthesign_1_web_25fps_p0,vomiting,28,,EXTERNAL,spreadthesign,ext_spreadthesign,user_reported_permission,train,harici/vomiting/spreadthesign_1.mp4,processed/external_health/landmark46-v1/ext_vomiting_spreadthesign_1_web_25fps_p0.npz,approved,trainable,true,standard,needs_review,ok,vomiting,62e01a0e2bd4bf16e2e989df5bee4ad9ff807b957c4968c737a118530ea3e1ed,mediapipe-tasks-web,web-25fps-p0,25.0,136,44,79,35,right,2,0.1985,0.8286,4.2906
ext_vomiting_tidsozluk_1_legacy,vomiting,28,,EXTERNAL,tidsozluk,ext_tidsozluk,user_reported_permission,train,harici/vomiting/tidsozluk_1.mp4,processed/external_health/landmark46-v1/ext_vomiting_tidsozluk_1_legacy.npz,approved,trainable,true,standard,needs_review,ok,vomiting,530be246ab4a17ed18f1ad2b8e940e45c83581d6be9b56862b155664f40f89ab,mediapipe-holistic-legacy,legacy,25.0,69,15,52,37,right,13,0.2609,0.8378,6.0418
ext_vomiting_tidsozluk_1_web_10fps_p0,vomiting,28,,EXTERNAL,tidsozluk,ext_tidsozluk,user_reported_permission,train,harici/vomiting/tidsozluk_1.mp4,processed/external_health/landmark46-v1/ext_vomiting_tidsozluk_1_web_10fps_p0.npz,approved,trainable,true,standard,needs_review,ok,vomiting,530be246ab4a17ed18f1ad2b8e940e45c83581d6be9b56862b155664f40f89ab,mediapipe-tasks-web,web-10fps-p0,10.0,28,4,23,19,right,2,0.3929,0.6842,5.939
ext_vomiting_tidsozluk_1_web_10fps_p50,vomiting,28,,EXTERNAL,tidsozluk,ext_tidsozluk,user_reported_permission,train,harici/vomiting/tidsozluk_1.mp4,processed/external_health/landmark46-v1/ext_vomiting_tidsozluk_1_web_10fps_p50.npz,approved,trainable,true,standard,needs_review,ok,vomiting,530be246ab4a17ed18f1ad2b8e940e45c83581d6be9b56862b155664f40f89ab,mediapipe-tasks-web,web-10fps-p50,10.0,28,4,21,17,right,2,0.3214,0.6471,2.1788
ext_vomiting_tidsozluk_1_web_25fps_p0,vomiting,28,,EXTERNAL,tidsozluk,ext_tidsozluk,user_reported_permission,train,harici/vomiting/tidsozluk_1.mp4,processed/external_health/landmark46-v1/ext_vomiting_tidsozluk_1_web_25fps_p0.npz,approved,trainable,true,standard,needs_review,ok,vomiting,530be246ab4a17ed18f1ad2b8e940e45c83581d6be9b56862b155664f40f89ab,mediapipe-tasks-web,web-25fps-p0,25.0,69,15,52,37,right,9,0.3333,0.8378,6.4752
